numero_registro;marca;bula_pdf;fonte_pagina;praga_nome_comum;praga_nome_cientifico;dose_min;dose_max;dose_unidade;volume_calda_min;volume_calda_max;volume_calda_unidade;num_max_aplicacoes;intervalo_aplicacao;culturas;n_registros;fonte_trecho;status;ok_humano (S/N);correcao
10420;Lactofem 240 EC Agrilean;10420.pdf;3;Amendoim-bravo;Euphorbia heterophylla;0.7;0.7;L/ha;;;;1;;Soja;1;Amendoim-bravo (Euphorbia heterophylla) | 0,7* | * dose de 0,7 L/ha quando 2 a 4 folhas e densidade < 50 plantas/m2;validado;;
10420;Lactofem 240 EC Agrilean;10420.pdf;3;Apaga-fogo;Alternanthera tenella;0.5;0.7;L/ha;;;;1;;Soja;1;SOJA | Apaga-fogo (Alternanthera tenella) | 0,5 a 0,7 (L/ha do p.c.) | Aplicação Terrestre: 100-300 L/ha Aplicação Aérea: 30-50 L/ha | 1;validado;;
10420;Lactofem 240 EC Agrilean;10420.pdf;3;Beldroega;Portulaca oleracea;0.5;0.7;L/ha;;;;1;;Soja;1;SOJA | Beldroega (Portulaca oleracea) | 0,5 a 0,7 (L/ha do p.c.) | Aplicação Terrestre: 100-300 L/ha Aplicação Aérea: 30-50 L/ha | 1;validado;;
10420;Lactofem 240 EC Agrilean;10420.pdf;3;Carrapicho-de-carneiro;Acanthospermum hispidum;0.5;0.7;L/ha;;;;1;;Soja;1;SOJA | Carrapicho-de-carneiro (Acanthospermum hispidum) | 0,5 a 0,7 (L/ha do p.c.) | Aplicação Terrestre: 100-300 L/ha Aplicação Aérea: 30-50 L/ha | 1;validado;;
10420;Lactofem 240 EC Agrilean;10420.pdf;3;Carrapicho-rasteiro;Acanthospermum australe;0.5;0.7;L/ha;;;;1;;Soja;1;SOJA | Carrapicho-rasteiro (Acanthospermum australe) | 0,5 a 0,7 (L/ha do p.c.) | Aplicação Terrestre: 100-300 L/ha Aplicação Aérea: 30-50 L/ha | 1;validado;;
10420;Lactofem 240 EC Agrilean;10420.pdf;3;Caruru;Amaranthus hybridus;0.5;0.7;L/ha;;;;1;;Soja;1;SOJA | Caruru (Amaranthus hybridus) | 0,5 a 0,7 (L/ha do p.c.) | Aplicação Terrestre: 100-300 L/ha Aplicação Aérea: 30-50 L/ha | 1;validado;;
10420;Lactofem 240 EC Agrilean;10420.pdf;3;Cheirosa;Hyptis suaveolens;0.5;0.7;L/ha;;;;1;;Soja;1;SOJA | Cheirosa (Hyptis suaveolens) | 0,5 a 0,7 (L/ha do p.c.) | Aplicação Terrestre: 100-300 L/ha Aplicação Aérea: 30-50 L/ha | 1;validado;;
10420;Lactofem 240 EC Agrilean;10420.pdf;3;Corda-de-viola;Ipomoea grandifolia;0.5;0.7;L/ha;;;;1;;Soja;1;SOJA | Corda-de-viola (Ipomoea grandifolia) | 0,5 a 0,7 (L/ha do p.c.) | Aplicação Terrestre: 100-300 L/ha Aplicação Aérea: 30-50 L/ha | 1;validado;;
10420;Lactofem 240 EC Agrilean;10420.pdf;3;Corda-de-viola;Ipomoea purpurea;0.5;0.7;L/ha;;;;1;;Soja;1;SOJA | Corda-de-viola (Ipomoea purpurea) | 0,5 a 0,7 (L/ha do p.c.) | Aplicação Terrestre: 100-300 L/ha Aplicação Aérea: 30-50 L/ha | 1;validado;;
10420;Lactofem 240 EC Agrilean;10420.pdf;3;Erva-de-touro;Tridax procumbens;0.5;0.7;L/ha;;;;1;;Soja;1;SOJA | Erva-de-touro (Tridax procumbens) | 0,5 a 0,7 (L/ha do p.c.) | Aplicação Terrestre: 100-300 L/ha Aplicação Aérea: 30-50 L/ha | 1;validado;;
10420;Lactofem 240 EC Agrilean;10420.pdf;3;Erva-palha;Blainvillea latifolia;0.5;0.7;L/ha;;;;1;;Soja;1;SOJA | Erva-palha (Blainvillea latifolia) | 0,5 a 0,7 (L/ha do p.c.) | Aplicação Terrestre: 100-300 L/ha Aplicação Aérea: 30-50 L/ha | 1;validado;;
10420;Lactofem 240 EC Agrilean;10420.pdf;3;Erva-quente;Spermacoce latifolia;0.5;0.7;L/ha;;;;1;;Soja;1;SOJA | Erva-quente (Spermacoce latifolia) | 0,5 a 0,7 (L/ha do p.c.) | Aplicação Terrestre: 100-300 L/ha Aplicação Aérea: 30-50 L/ha | 1;validado;;
10420;Lactofem 240 EC Agrilean;10420.pdf;3;Falsa-serralha;Emilia sonchifolia;0.5;0.7;L/ha;;;;1;;Soja;1;SOJA | Falsa-serralha (Emilia sonchifolia) | 0,5 a 0,7 (L/ha do p.c.) | Aplicação Terrestre: 100-300 L/ha Aplicação Aérea: 30-50 L/ha | 1;validado;;
10420;Lactofem 240 EC Agrilean;10420.pdf;3;Joá-de-capote;Nicandra physaloides;0.5;0.7;L/ha;;;;1;;Soja;1;SOJA | Joá-de-capote (Nicandra physaloides) | 0,5 a 0,7 (L/ha do p.c.) | Aplicação Terrestre: 100-300 L/ha Aplicação Aérea: 30-50 L/ha | 1;validado;;
10420;Lactofem 240 EC Agrilean;10420.pdf;3;Malva-de-espinho;Malachra fasciata;0.5;0.7;L/ha;;;;1;;Soja;1;SOJA | Malva-de-espinho (Malachra fasciata) | 0,5 a 0,7 (L/ha do p.c.) | Aplicação Terrestre: 100-300 L/ha Aplicação Aérea: 30-50 L/ha | 1;validado;;
10420;Lactofem 240 EC Agrilean;10420.pdf;3;Mentrasto;Ageratum conyzoides;0.5;0.7;L/ha;;;;1;;Soja;1;SOJA | Mentrasto (Ageratum conyzoides) | 0,5 a 0,7 (L/ha do p.c.) | Aplicação Terrestre: 100-300 L/ha Aplicação Aérea: 30-50 L/ha | 1;validado;;
10420;Lactofem 240 EC Agrilean;10420.pdf;3;Nabo;Raphanus raphanistrum;0.5;0.7;L/ha;;;;1;;Soja;1;SOJA | Nabo (Raphanus raphanistrum) | 0,5 a 0,7 (L/ha do p.c.) | Aplicação Terrestre: 100-300 L/ha Aplicação Aérea: 30-50 L/ha | 1;validado;;
10420;Lactofem 240 EC Agrilean;10420.pdf;3;Picão-branco;Galinsoga parviflora;0.5;0.7;L/ha;;;;1;;Soja;1;SOJA | Picão-branco (Galinsoga parviflora) | 0,5 a 0,7 (L/ha do p.c.) | Aplicação Terrestre: 100-300 L/ha Aplicação Aérea: 30-50 L/ha | 1;validado;;
10420;Lactofem 240 EC Agrilean;10420.pdf;3;Picão-preto;Bidens pilosa;0.5;0.7;L/ha;;;;1;;Soja;1;SOJA | Picão-preto (Bidens pilosa) | 0,5 a 0,7 (L/ha do p.c.) | Aplicação Terrestre: 100-300 L/ha Aplicação Aérea: 30-50 L/ha | 1;validado;;
10420;Lactofem 240 EC Agrilean;10420.pdf;3;Poaia-branca;Richardia brasiliensis;0.5;0.7;L/ha;;;;1;;Soja;1;SOJA | Poaia-branca (Richardia brasiliensis) | 0,5 a 0,7 (L/ha do p.c.) | Aplicação Terrestre: 100-300 L/ha Aplicação Aérea: 30-50 L/ha | 1;validado;;
10420;Lactofem 240 EC Agrilean;10420.pdf;3;Trapoeraba;Commelina benghalensis;0.5;0.7;L/ha;;;;1;;Soja;1;SOJA | Trapoeraba (Commelina benghalensis) | 0,5 a 0,7 (L/ha do p.c.) | Aplicação Terrestre: 100-300 L/ha Aplicação Aérea: 30-50 L/ha | 1;validado;;
1098;Counter 150 G;1098.pdf;3;Bicho-mineiro-do-café;Leucoptera coffeella;;;;;;;;;Café;1;Bicho-mineiro-do-café(1) Leucoptera coffeella | (nota 1: controle indireto, sem dose própria);manual_review;;
1098;Counter 150 G;1098.pdf;3;Cigarra-do-cafeeiro;Quesada gigas;10.0;13.0;g/cova;;;;;;Café;1;Café | Cigarra-do-cafeeiro Quesada gigas | 10 a 13 g/cova | 1,5 a 2,0 g/cova;manual_review;;
1098;Counter 150 G;1098.pdf;3;Cupins;Heterotermes tenuis;16.0;20.0;kg/ha;;;;;;Cana-de-açúcar;1;Cupins Heterotermes tenuis | 16 a 20 kg/ha | 2,5 a 3,0 kg/ha;validado;;
1098;Counter 150 G;1098.pdf;3;Moleque-da-bananeira ou Broca-do-rizoma;Cosmopolites sordidus;2.0;2.0;g/isca;;;;;a cada 30 dias;Banana;1;Banana | ... | 2,0 g/isca | 0,3 g/cova | Preparar iscas atrativas tipo queijo, no mínimo 60 iscas/ha.;manual_review;;
1098;Counter 150 G;1098.pdf;3;Moleque-da-bananeira ou Broca-do-rizoma;Cosmopolites sordidus;13.0;13.0;g/cova;;;;;a cada 4 meses;Banana;1;Banana | Moleque-da-bananeira ou Broca-do-rizoma Cosmopolites sordidus | 13 g/cova | 1,95 g/cova;manual_review;;
1098;Counter 150 G;1098.pdf;3;Moleque-da-bananeira ou Broca-do-rizoma;Cosmopolites sordidus;20.0;20.0;g/cova;;;;3;;Banana;1;Banana | ... | 20 g/cova | 3,0 g/cova | Bananal em produção: Aplicar 3 vezes ao ano.;manual_review;;
1098;Counter 150 G;1098.pdf;3;Mosca-branca;Bemisia tabaci;13.0;13.0;kg/ha;;;;;;Feijão;1;Mosca-branca | 13 kg/ha | 1,95 kg/ha | Bemisia tabaci ... cobrindo com terra a seguir.;validado;;
1098;Counter 150 G;1098.pdf;3;Mosca-branca;Bemisia tabaci raça B;10.0;10.0;kg/ha;;;;;;Feijão;1;Feijão | Mosca-branca Bemisia tabaci raça B | 10 kg/ha | 1,5 kg/ha;validado;;
1098;Counter 150 G;1098.pdf;3;Nematoide reniforme;Rotylenchulus reniformis;20.0;27.0;kg/ha;;;;;;Algodão;1;Nematoide reniforme Rotylenchulus reniformis | 20 a 27 kg/ha | 3,0 a 4,0 kg/ha;validado;;
1098;Counter 150 G;1098.pdf;3;Nematoide-carvenícola;Radopholus similis;20.0;20.0;g/cova;;;;3;;Banana;1;Nematoide-carvenícola Radopholus similis | 20 g/cova | 3,0 g/cova;manual_review;;
1098;Counter 150 G;1098.pdf;3;Nematoide-das-galhas;Meloidogyne exigua;13.0;20.0;g/cova;;;;;;Café;1;Nematoide-das-galhas Meloidogyne exigua Meloidogyne incognita | 13 a 20 g/cova | 1,95 a 3,0 g/cova;manual_review;;
1098;Counter 150 G;1098.pdf;3;Nematoide-das-galhas;Meloidogyne incognita;13.0;20.0;g/cova;;;;;;Café;1;Nematoide-das-galhas Meloidogyne exigua Meloidogyne incognita | 13 a 20 g/cova | 1,95 a 3,0 g/cova;manual_review;;
1098;Counter 150 G;1098.pdf;3;Nematoide-das-galhas;Meloidogyne incognita;20.0;20.0;kg/ha;;;;;;Cana-de-açúcar;1;Cana-de-açúcar | Nematoide-das-galhas Meloidogyne javanica Meloidogyne incognita | 20 kg/ha | 3 kg/ha;validado;;
1098;Counter 150 G;1098.pdf;3;Nematoide-das-galhas;Meloidogyne javanica;20.0;20.0;kg/ha;;;;;;Cana-de-açúcar;1;Cana-de-açúcar | Nematoide-das-galhas Meloidogyne javanica Meloidogyne incognita | 20 kg/ha | 3 kg/ha;validado;;
1098;Counter 150 G;1098.pdf;3;Nematoide-das-lesões;Pratylenchus zeae;;;;;;;;;Cana-de-açúcar;1;Nematoide-das-lesões Pratylenchus zeae | (dose não informada na tabela);manual_review;;
1098;Counter 150 G;1098.pdf;3;Percevejo-castanho;Scaptocoris castanea;13.0;20.0;kg/ha;;;;;;Algodão;1;Percevejo-castanho Scaptocoris castanea | 13 a 20 kg/ha | 1,95 a 3,0 kg/ha;validado;;
1098;Counter 150 G;1098.pdf;3;Pulgão-das-inflorescências;Aphis gossypii;;;;;;;;;Algodão;1;Pulgão-das-inflorescências Aphis gossypii | (dose não informada na tabela);manual_review;;
1098;Counter 150 G;1098.pdf;3;Tripes;Frankliniella schultzei;13.0;13.0;kg/ha;;;;;;Algodão;1;Algodão | Tripes Frankliniella schultzei | 13 kg/ha | 1,95 kg/ha;validado;;
1098;Counter 150 G;1098.pdf;3;Tripes-do-bronzeamento;Enneothrips flavens;13.0;13.0;kg/ha;;;;;;Amendoim;1;Amendoim | Tripes-do-bronzeamento Enneothrips flavens | 13 kg/ha | 1,95 kg/ha;validado;;
1098;Counter 150 G;1098.pdf;4;Cigarrinha do milho;Dalbulus maidis;13.0;13.0;kg/ha;;;;;;Milho;1;Cigarrinha do milho(2) Dalbulus maidis | 13 kg/ha | 1,95 kg/ha;validado;;
1098;Counter 150 G;1098.pdf;4;Cigarrinha-verde;Empoasca kraemeri;;;;;;;;;Feijão;1;Cigarrinha-verde Empoasca kraemeri |  |  | (dose não informada na tabela);manual_review;;
1098;Counter 150 G;1098.pdf;4;Cupim;Proconitermes triacifer;;;;;;;;;Milho;1;Cupim Syntermes molestus Proconitermes triacifer |  |  | (dose não informada na tabela);manual_review;;
1098;Counter 150 G;1098.pdf;4;Cupim;Syntermes molestus;;;;;;;;;Milho;1;Cupim Syntermes molestus Proconitermes triacifer |  |  | (dose não informada na tabela);manual_review;;
1098;Counter 150 G;1098.pdf;4;Lagarta-rosca;Agrotis ipsilon;13.0;13.0;kg/ha;;;;;;Milho;1;Milho | Lagarta-rosca Agrotis ipsilon | 13 kg/ha | 1,95 kg/ha;validado;;
1098;Counter 150 G;1098.pdf;4;Larva-alfinete;Diabrotica speciosa;;;;;;;;;Milho;1;Larva-alfinete Diabrotica speciosa |  |  | (dose não informada na tabela);manual_review;;
1098;Counter 150 G;1098.pdf;4;Nematoide-do-cisto;Heterodera glycines;10.0;20.0;kg/ha;;;;;;Soja;1;Soja | Nematoide-do-cisto Heterodera glycines | 10 a 20 kg/ha | 1,5 a 3,0 kg/ha;validado;;
1098;Counter 150 G;1098.pdf;4;Nematóide-das-lesões;Pratylenchus brachyurus;;;;;;;;;Feijão;1;Nematóide-das-lesões Pratylenchus brachyurus |  |  | (dose não informada na tabela);manual_review;;
1098;Counter 150 G;1098.pdf;4;Percevejo-castanho;Scaptocoris castanea;;;;;;;;;Milho;1;Percevejo-castanho Scaptocoris castanea |  |  | (dose não informada na tabela);manual_review;;
1098;Counter 150 G;1098.pdf;4;Tripes-do-fumo;Thrips tabaci;;;;;;;;;Feijão;1;Tripes-do-fumo Thrips tabaci |  |  | (dose não informada na tabela);manual_review;;
1098;Counter 150 G;1098.pdf;4;Vaquinha-verde-amarela;Diabrotica speciosa;;;;;;;;;Feijão;1;Vaquinha-verde-amarela Diabrotica speciosa |  |  | (dose não informada na tabela);manual_review;;
112;Rajer;112.pdf;4;Buva;Conyza bonariensis;80.0;80.0;g/ha;;;;;;Soja;1;MANEJO DAS PLANTAS DANINHAS | Buva | Conyza bonariensis | 80 g/ha;validado;;
112;Rajer;112.pdf;4;Calopogônio;Calopogonium mucunoides;60.0;80.0;g/ha;;;;1;;Soja;1;Calopogônio | Calopogonium mucunoides | 60 - 80 g/ha | 1 | 100 a 300 (terrestre tratorizada) 400 a 600 (terrestre manual costal) 20 a 40 (aérea);validado;;
112;Rajer;112.pdf;4;Carrapicho-de-carneiro;Acanthospermum hispidum;60.0;80.0;g/ha;;;;1;;Soja;1;Carrapicho-de-carneiro | Acanthospermum hispidum | 60 - 80 g/ha | 1 | 100 a 300 (terrestre tratorizada) 400 a 600 (terrestre manual costal) 20 a 40 (aérea);validado;;
112;Rajer;112.pdf;4;Carrapicho-rasteiro;Acanthospermum australe;60.0;80.0;g/ha;;;;1;;Soja;1;Carrapicho-rasteiro | Acanthospermum australe | 60 - 80 g/ha | 1 | 100 a 300 (terrestre tratorizada) 400 a 600 (terrestre manual costal) 20 a 40 (aérea);validado;;
112;Rajer;112.pdf;4;Caruru;Amaranthus viridis;60.0;80.0;g/ha;;;;1;;Soja;1;Caruru | Amaranthus viridis | 60 - 80 g/ha | 1 | 100 a 300 (terrestre tratorizada) 400 a 600 (terrestre manual costal) 20 a 40 (aérea);validado;;
112;Rajer;112.pdf;4;Caruru-roxo;Amaranthus hybridus;60.0;80.0;g/ha;;;;1;;Soja;1;Caruru-roxo | Amaranthus hybridus | 60 - 80 g/ha | 1 | 100 a 300 (terrestre tratorizada) 400 a 600 (terrestre manual costal) 20 a 40 (aérea);validado;;
112;Rajer;112.pdf;4;Cheirosa;Hyptis suaveolens;60.0;80.0;g/ha;;;;1;;Soja;1;Cheirosa | Hyptis suaveolens | 60 - 80 g/ha | 1 | 100 a 300 (terrestre tratorizada) 400 a 600 (terrestre manual costal) 20 a 40 (aérea);validado;;
112;Rajer;112.pdf;4;Corda-de-viola;Ipomoea aristolochiaefolia;60.0;80.0;g/ha;;;;1;;Soja;1;Corda-de-viola | Ipomoea aristolochiaefolia | 60 - 80 g/ha | 1 | 100 a 300 (terrestre tratorizada) 400 a 600 (terrestre manual costal) 20 a 40 (aérea);validado;;
112;Rajer;112.pdf;4;Corda-de-viola;Ipomoea grandifolia;60.0;80.0;g/ha;;;;1;;Soja;1;Corda-de-viola | Ipomoea grandifolia | 60 - 80 g/ha | 1 | 100 a 300 (terrestre tratorizada) 400 a 600 (terrestre manual costal) 20 a 40 (aérea);validado;;
112;Rajer;112.pdf;4;Desmódio;Desmodium tortuosum;60.0;80.0;g/ha;;;;1;;Soja;1;Desmódio | Desmodium tortuosum | 60 - 80 g/ha | 1 | 100 a 300 (terrestre tratorizada) 400 a 600 (terrestre manual costal) 20 a 40 (aérea);validado;;
112;Rajer;112.pdf;4;Erva-de-touro;Tridax procumbens;60.0;80.0;g/ha;;;;1;;Soja;1;Erva-de-touro | Tridax procumbens | 60 - 80 g/ha | 1 | 100 a 300 (terrestre tratorizada) 400 a 600 (terrestre manual costal) 20 a 40 (aérea);validado;;
112;Rajer;112.pdf;4;Erva-palha;Blainvillea latifolia;60.0;80.0;g/ha;;;;1;;Soja;1;Erva-palha | Blainvillea latifolia | 60 - 80 g/ha | 1 | 100 a 300 (terrestre tratorizada) 400 a 600 (terrestre manual costal) 20 a 40 (aérea);validado;;
112;Rajer;112.pdf;4;Erva-quente;Spermacoce latifolia;60.0;80.0;g/ha;;;;1;;Soja;1;Erva-quente | Spermacoce latifolia | 60 - 80 g/ha | 1 | 100 a 300 (terrestre tratorizada) 400 a 600 (terrestre manual costal) 20 a 40 (aérea);validado;;
112;Rajer;112.pdf;4;Estrelinha;Melampodium perfoliatum;60.0;80.0;g/ha;;;;1;;Soja;1;Estrelinha | Melampodium perfoliatum | 60 - 80 g/ha | 1 | 100 a 300 (terrestre tratorizada) 400 a 600 (terrestre manual costal) 20 a 40 (aérea);validado;;
112;Rajer;112.pdf;4;Falsa-serralha;Emilia sonchifolia;60.0;80.0;g/ha;;;;1;;Soja;1;Falsa-serralha | Emilia sonchifolia | 60 - 80 g/ha | 1 | 100 a 300 (terrestre tratorizada) 400 a 600 (terrestre manual costal) 20 a 40 (aérea);validado;;
112;Rajer;112.pdf;4;Fazendeiro;Hyptis lophanta;60.0;80.0;g/ha;;;;1;;Soja;1;Fazendeiro | Hyptis lophanta | 60 - 80 g/ha | 1 | 100 a 300 (terrestre tratorizada) 400 a 600 (terrestre manual costal) 20 a 40 (aérea);validado;;
112;Rajer;112.pdf;4;Fedegoso-branco;Senna obtusifolia;60.0;80.0;g/ha;;;;1;;Soja;1;Fedegoso-branco | Senna obtusifolia | 60 - 80 g/ha | 1 | 100 a 300 (terrestre tratorizada) 400 a 600 (terrestre manual costal) 20 a 40 (aérea);validado;;
112;Rajer;112.pdf;4;Feijão-miúdo;Vigna unguiculata;60.0;80.0;g/ha;;;;1;;Soja;1;Feijão-miúdo | Vigna unguiculata | 60 - 80 g/ha | 1 | 100 a 300 (terrestre tratorizada) 400 a 600 (terrestre manual costal) 20 a 40 (aérea);validado;;
112;Rajer;112.pdf;4;Leiteira;Euphorbia heterophylla;60.0;80.0;g/ha;;;;1;;Soja;1;Leiteira | Euphorbia heterophylla | 60 - 80 g/ha | 1 | 100 a 300 (terrestre tratorizada) 400 a 600 (terrestre manual costal) 20 a 40 (aérea);validado;;
112;Rajer;112.pdf;4;Losna-branca;Parthenium hysterophorus;60.0;80.0;g/ha;;;;1;;Soja;1;Losna-branca | Parthenium hysterophorus | 60 - 80 g/ha | 1 | 100 a 300 (terrestre tratorizada) 400 a 600 (terrestre manual costal) 20 a 40 (aérea);validado;;
112;Rajer;112.pdf;4;Maria-mole;Senecio brasiliensis;40.0;40.0;g/ha;;;;;;Soja;1;MANEJO DAS PLANTAS DANINHAS | Maria-mole | Senecio brasiliensis | 40 g/ha;validado;;
112;Rajer;112.pdf;4;Mentrasto;Ageratum conyzoides;60.0;80.0;g/ha;;;;1;;Soja;1;Mentrasto | Ageratum conyzoides | 60 - 80 g/ha | 1 | 100 a 300 (terrestre tratorizada) 400 a 600 (terrestre manual costal) 20 a 40 (aérea);validado;;
112;Rajer;112.pdf;4;Nabiça, Nabo;Raphanus raphanistrum;60.0;80.0;g/ha;;;;1;;Soja;1;Nabiça, Nabo | Raphanus raphanistrum | 60 - 80 g/ha | 1 | 100 a 300 (terrestre tratorizada) 400 a 600 (terrestre manual costal) 20 a 40 (aérea);validado;;
112;Rajer;112.pdf;4;Nabo, Nabiça;Raphanus sativus;40.0;40.0;g/ha;;;;;;Soja;1;MANEJO DAS PLANTAS DANINHAS | Nabo, Nabiça | Raphanus sativus | 40 g/ha;validado;;
112;Rajer;112.pdf;4;Picão-branco;Galinsoga parviflora;60.0;80.0;g/ha;;;;1;;Soja;1;Picão-branco | Galinsoga parviflora | 60 - 80 g/ha | 1 | 100 a 300 (terrestre tratorizada) 400 a 600 (terrestre manual costal) 20 a 40 (aérea);validado;;
112;Rajer;112.pdf;4;Picão-preto;Bidens pilosa;60.0;80.0;g/ha;;;;1;;Soja;1;Picão-preto | Bidens pilosa | 60 - 80 g/ha | 1 | 100 a 300 (terrestre tratorizada) 400 a 600 (terrestre manual costal) 20 a 40 (aérea);validado;;
112;Rajer;112.pdf;4;Trapoerada;Commelina benghalensis;60.0;80.0;g/ha;;;;1;;Soja;1;Trapoerada | Commelina benghalensis | 60 - 80 g/ha | 1 | 100 a 300 (terrestre tratorizada) 400 a 600 (terrestre manual costal) 20 a 40 (aérea);validado;;
112;Rajer;112.pdf;5;Apaga-fogo;Alternanthera tenella;40.0;80.0;g/ha;;;;1;;Citros;1;CITROS | Apaga-fogo | Alternanthera tenella | 40 - 80 g/ha | 1 | 100 a 300 (terrestre tratorizada) 400 a 600 (terrestre manual costal);validado;;
112;Rajer;112.pdf;5;Apaga-fogo;Alternanthera tenella;50.0;80.0;g/ha;;;;1;;Café;1;CAFÉ | Apaga-fogo | Alternanthera tenella | 50 - 80 g/ha | 1 | 100 a 300 (terrestre tratorizada) 400 a 600 (terrestre manual costal);validado;;
112;Rajer;112.pdf;5;Apaga-fogo;Alternanthera tenella;60.0;80.0;g/ha;;;;1;;Eucalipto,Pinus;2;EUCALIPTO, PINUS | Apaga-fogo | Alternanthera tenella | 60 - 80 g/ha | 1 | 100 a 300 (terrestre tratorizada) 400 a 600 (terrestre manual costal);validado;;
112;Rajer;112.pdf;5;Beldroega;Portulaca oleracea;40.0;80.0;g/ha;;;;1;;Citros;1;CITROS | Beldroega | Portulaca oleracea | 40 - 80 g/ha | 1 | 100 a 300 (terrestre tratorizada) 400 a 600 (terrestre manual costal);validado;;
112;Rajer;112.pdf;5;Beldroega;Portulaca oleracea;50.0;80.0;g/ha;;;;1;;Café;1;CAFÉ | Beldroega | Portulaca oleracea | 50 - 80 g/ha | 1 | 100 a 300 (terrestre tratorizada) 400 a 600 (terrestre manual costal);validado;;
112;Rajer;112.pdf;5;Carrapicho-de-carneiro;Acanthospermum hispidum;40.0;80.0;g/ha;;;;1;;Citros;1;CITROS | Carrapicho-de-carneiro | Acanthospermum hispidum | 40 - 80 g/ha | 1 | 100 a 300 (terrestre tratorizada) 400 a 600 (terrestre manual costal);validado;;
112;Rajer;112.pdf;5;Carrapicho-de-carneiro;Acanthospermum hispidum;60.0;80.0;g/ha;;;;1;;Eucalipto,Pinus;2;EUCALIPTO, PINUS | Carrapicho-de-carneiro | Acanthospermum hispidum | 60 - 80 g/ha | 1 | 100 a 300 (terrestre tratorizada) 400 a 600 (terrestre manual costal);validado;;
112;Rajer;112.pdf;5;Caruru-roxo;Amaranthus hybridus;40.0;80.0;g/ha;;;;1;;Citros;1;CITROS | Caruru-roxo | Amaranthus hybridus | 40 - 80 g/ha | 1 | 100 a 300 (terrestre tratorizada) 400 a 600 (terrestre manual costal);validado;;
112;Rajer;112.pdf;5;Corda-de-viola;Ipomoea grandifolia;50.0;80.0;g/ha;;;;1;;Café;1;CAFÉ | Corda-de-viola | Ipomoea grandifolia | 50 - 80 g/ha | 1 | 100 a 300 (terrestre tratorizada) 400 a 600 (terrestre manual costal);validado;;
112;Rajer;112.pdf;5;Corda-de-viola;Ipomoea grandifolia;60.0;80.0;g/ha;;;;1;;Eucalipto,Pinus;2;EUCALIPTO, PINUS | Corda-de-viola | Ipomoea grandifolia | 60 - 80 g/ha | 1 | 100 a 300 (terrestre tratorizada) 400 a 600 (terrestre manual costal);validado;;
112;Rajer;112.pdf;5;Corda-de-viola;Ipomoea purpurea;40.0;80.0;g/ha;;;;1;;Citros;1;CITROS | Corda-de-viola | Ipomoea purpurea | 40 - 80 g/ha | 1 | 100 a 300 (terrestre tratorizada) 400 a 600 (terrestre manual costal);validado;;
112;Rajer;112.pdf;5;Corda-de-viola;Ipomoea purpurea;50.0;80.0;g/ha;;;;1;;Café;1;CAFÉ | Corda-de-viola | Ipomoea purpurea | 50 - 80 g/ha | 1 | 100 a 300 (terrestre tratorizada) 400 a 600 (terrestre manual costal);validado;;
112;Rajer;112.pdf;5;Nabiça, Nabo;Raphanus raphanistrum;40.0;80.0;g/ha;;;;1;;Citros;1;CITROS | Nabiça, Nabo | Raphanus raphanistrum | 40 - 80 g/ha | 1 | 100 a 300 (terrestre tratorizada) 400 a 600 (terrestre manual costal);validado;;
112;Rajer;112.pdf;5;Nabiça, Nabo;Raphanus raphanistrum;50.0;80.0;g/ha;;;;1;;Café;1;CAFÉ | Nabiça, Nabo | Raphanus raphanistrum | 50 - 80 g/ha | 1 | 100 a 300 (terrestre tratorizada) 400 a 600 (terrestre manual costal);validado;;
112;Rajer;112.pdf;5;Nabiça, Nabo;Raphanus raphanistrum;60.0;80.0;g/ha;;;;1;;Eucalipto,Pinus;2;EUCALIPTO, PINUS | Nabiça, Nabo | Raphanus raphanistrum | 60 - 80 g/ha | 1 | 100 a 300 (terrestre tratorizada) 400 a 600 (terrestre manual costal);validado;;
112;Rajer;112.pdf;5;Picão-preto;Bidens pilosa;40.0;80.0;g/ha;;;;1;;Citros;1;CITROS | Picão-preto | Bidens pilosa | 40 - 80 g/ha | 1 | 100 a 300 (terrestre tratorizada) 400 a 600 (terrestre manual costal);validado;;
112;Rajer;112.pdf;5;Picão-preto;Bidens pilosa;50.0;80.0;g/ha;;;;1;;Café;1;CAFÉ | Picão-preto | Bidens pilosa | 50 - 80 g/ha | 1 | 100 a 300 (terrestre tratorizada) 400 a 600 (terrestre manual costal);validado;;
112;Rajer;112.pdf;5;Picão-preto;Bidens pilosa;60.0;80.0;g/ha;;;;1;;Eucalipto,Pinus;2;EUCALIPTO, PINUS | Picão-preto | Bidens pilosa | 60 - 80 g/ha | 1 | 100 a 300 (terrestre tratorizada) 400 a 600 (terrestre manual costal);validado;;
112;Rajer;112.pdf;5;Trapoerada;Commelina benghalensis;50.0;80.0;g/ha;;;;1;;Café;1;CAFÉ | Trapoerada | Commelina benghalensis | 50 - 80 g/ha | 1 | 100 a 300 (terrestre tratorizada) 400 a 600 (terrestre manual costal);validado;;
112;Rajer;112.pdf;5;Trapoerada;Commelina benghalensis;60.0;80.0;g/ha;;;;1;;Eucalipto,Pinus;2;EUCALIPTO, PINUS | Trapoerada | Commelina benghalensis | 60 - 80 g/ha | 1 | 100 a 300 (terrestre tratorizada) 400 a 600 (terrestre manual costal);validado;;
12725;"Alkazar; AminoForce Plus";12725.pdf;4;Capim-colchão;Digitaria horizontalis;1.0;1.5;L/ha;200.0;400.0;L/ha;1;;Arroz;1;Capim-colchão (Digitaria horizontalis) | 1,0 - 1,5 L/ha;validado;;
12725;"Alkazar; AminoForce Plus";12725.pdf;4;Capim-colchão ou milhã;Digitaria sanguinalis;1.5;2.0;L/ha;200.0;400.0;L/ha;1;;Arroz;1;Capim-colchão ou milhã (Digitaria sanguinalis) | 1,5 - 2,0 L/ha;validado;;
12725;"Alkazar; AminoForce Plus";12725.pdf;4;Capim-milhã;Panicum fasciculatum;1.5;2.0;L/ha;200.0;400.0;L/ha;1;;Arroz;1;Capim-milhã (Panicum fasciculatum) | 1,5 - 2,0 L/ha;validado;;
12725;"Alkazar; AminoForce Plus";12725.pdf;4;Capim-mimoso;Eragrostis ciliaris;1.5;2.0;L/ha;200.0;400.0;L/ha;1;;Arroz;1;Capim-mimoso (Eragrostis ciliaris) | 1,5 - 2,0 L/ha;validado;;
12725;"Alkazar; AminoForce Plus";12725.pdf;4;Capim-pé-de-galinha;Eleusine indica;1.5;2.0;L/ha;200.0;400.0;L/ha;1;;Arroz;1;Capim-pé-de-galinha (Eleusine indica) | 1,5 - 2,0 L/ha;validado;;
12725;"Alkazar; AminoForce Plus";12725.pdf;4;Corda-de-viola;Ipomea purpurea;0.75;2.0;L/ha;200.0;300.0;L/ha;1;;Cana-de-açúcar;1;Corda-de-viola (Ipomea purpurea) | 0,75 - 2,0 L/ha;validado_bula;;
12725;"Alkazar; AminoForce Plus";12725.pdf;4;Corda-de-viola;Merremia cissoides;0.75;2.0;L/ha;200.0;300.0;L/ha;1;;Cana-de-açúcar;1;Corda-de-viola (Merremia cissoides) | [dose herdada: 0,75 - 2,0 L/ha];validado;;
12725;"Alkazar; AminoForce Plus";12725.pdf;4;Falso-alegria-da-praia;Fimbristylis dichotoma;1.5;2.0;L/ha;200.0;400.0;L/ha;1;;Arroz;1;Falso-alegria-da-praia (Fimbristylis dichotoma) | 1,5 - 2,0 L/ha;validado;;
12725;"Alkazar; AminoForce Plus";12725.pdf;4;Flor-amarela;Melampodium divaricatum;1.5;2.0;L/ha;200.0;400.0;L/ha;1;;Arroz;1;Flor-amarela (Melampodium divaricatum) | 1,5 - 2,0 L/ha;validado;;
12725;"Alkazar; AminoForce Plus";12725.pdf;4;Guanxuma, malva ou vassourinha;Sida rhombifolia;1.5;2.0;L/ha;200.0;400.0;L/ha;1;;Arroz;1;Guanxuma, malva ou vassourinha (Sida rhombifolia) | 1,5 - 2,0 L/ha;validado;;
12725;"Alkazar; AminoForce Plus";12725.pdf;4;Joá-de-capote, Papo-de-rã;Physalis angulata;1.5;2.0;L/ha;200.0;400.0;L/ha;1;;Arroz;1;Joá-de-capote, Papo-de-rã (Physalis angulata) | 1,5 - 2,0 L/ha;validado;;
12725;"Alkazar; AminoForce Plus";12725.pdf;4;Junquinho;Cyperus ferax;1.5;2.0;L/ha;200.0;400.0;L/ha;1;;Arroz;1;Junquinho (Cyperus ferax) | 1,5 - 2,0 L/ha;validado;;
12725;"Alkazar; AminoForce Plus";12725.pdf;4;Lombrigueira;Spigelia anthelmia;1.5;2.0;L/ha;200.0;400.0;L/ha;1;;Arroz;1;Lombrigueira (Spigelia anthelmia) | 1,5 - 2,0 L/ha;validado;;
12725;"Alkazar; AminoForce Plus";12725.pdf;4;Mamona;Ricinus communis;0.75;2.0;L/ha;200.0;300.0;L/ha;1;;Cana-de-açúcar;1;Mamona (Ricinus communis) | [dose herdada: 0,75 - 2,0 L/ha];validado;;
12725;"Alkazar; AminoForce Plus";12725.pdf;4;Tiriricão;Cyperus luzulae;1.5;2.0;L/ha;200.0;400.0;L/ha;1;;Arroz;1;Tiriricão (Cyperus luzulae) | 1,5 - 2,0 L/ha;validado;;
12725;"Alkazar; AminoForce Plus";12725.pdf;4;Vassourinha;Sida acuta;1.5;2.0;L/ha;200.0;400.0;L/ha;1;;Arroz;1;Vassourinha (Sida acuta) | 1,5 - 2,0 L/ha;validado;;
12725;"Alkazar; AminoForce Plus";12725.pdf;5;Assa-peixe-branco;Vernonia polyanthes;3.0;3.0;L/ha;200.0;300.0;L/ha;1;;Pastagem;1;Assa-peixe-branco (Vernonia polyanthes) | [dose herdada: 3,0 L/ha];validado_bula;;
12725;"Alkazar; AminoForce Plus";12725.pdf;5;Assa-peixe-roxo;Vernonia westiniana;5.0;5.0;L/ha;200.0;300.0;L/ha;1;;Pastagem;1;Assa-peixe-roxo (Vernonia westiniana) | 5,0 L/ha;validado_bula;;
12725;"Alkazar; AminoForce Plus";12725.pdf;5;Beldroega;Portulaca oleracea;1.0;1.0;L/ha;200.0;300.0;L/ha;1;;Pastagem;1;Beldroega (Portulaca oleracea) | 1,0 L/ha;validado_bula;;
12725;"Alkazar; AminoForce Plus";12725.pdf;5;Canela-de-perdiz, Gervão-branco;Croton glandulosus;3.0;3.0;L/ha;200.0;300.0;L/ha;1;;Pastagem;1;Canela-de-perdiz, Gervão-branco (Croton glandulosus) | [dose herdada: 3,0 L/ha];validado_bula;;
12725;"Alkazar; AminoForce Plus";12725.pdf;5;Caruru;Amaranthus viridis;1.0;1.0;L/ha;200.0;300.0;L/ha;1;;Pastagem;1;Caruru (Amaranthus viridis) | [dose herdada: 1,0 L/ha];validado_bula;;
12725;"Alkazar; AminoForce Plus";12725.pdf;5;Cheirosa;Hyptis suaveolens;1.0;1.0;L/ha;200.0;300.0;L/ha;1;;Pastagem;1;Cheirosa (Hyptis suaveolens) | [dose herdada: 1,0 L/ha];validado_bula;;
12725;"Alkazar; AminoForce Plus";12725.pdf;5;Erva-quente, Poaia-do-campo;Spermacoce alata;2.0;2.0;L/ha;200.0;300.0;L/ha;1;;Pastagem;1;Erva-quente, Poaia-do-campo (Spermacoce alata) | 2,0 L/ha;validado_bula;;
12725;"Alkazar; AminoForce Plus";12725.pdf;5;Eucalyptus spp;Eucalyptus spp;3.0;7.0;%;;;;1;;Eucalipto;1;Eucalipto | Touças (tocos) de Eucalipto | 3,0 - 7,0% (misturar de 3 a 7 litros do produto em 97 a 93 litros de água);manual_review;;
12725;"Alkazar; AminoForce Plus";12725.pdf;5;Fedegoso-branco, Mata-pasto;Senna occidentalis;3.0;3.0;L/ha;200.0;300.0;L/ha;1;;Pastagem;1;Fedegoso-branco, Mata-pasto (Senna occidentalis) | [dose herdada: 3,0 L/ha];validado_bula;;
12725;"Alkazar; AminoForce Plus";12725.pdf;5;Guanxuma;Sida rhombifolia;3.0;3.0;L/ha;200.0;300.0;L/ha;1;;Pastagem;1;Guanxuma (Sida rhombifolia) | [dose herdada: 3,0 L/ha];validado_bula;;
12725;"Alkazar; AminoForce Plus";12725.pdf;5;Joá-bravo;Solanum aculeatissimum;4.0;4.0;L/ha;200.0;300.0;L/ha;1;;Pastagem;1;Joá-bravo (Solanum aculeatissimum) | [dose herdada: 4,0 L/ha];validado_bula;;
12725;"Alkazar; AminoForce Plus";12725.pdf;5;Lobeira;Solanum lycocarpum;4.0;4.0;L/ha;200.0;300.0;L/ha;1;;Pastagem;1;Lobeira (Solanum lycocarpum) | 4,0 L/ha;validado_bula;;
12725;"Alkazar; AminoForce Plus";12725.pdf;5;Losna-branca;Parthenium hysterophorus;1.0;1.0;L/ha;200.0;300.0;L/ha;1;;Pastagem;1;Losna-branca (Parthenium hysterophorus) | [dose herdada: 1,0 L/ha];validado_bula;;
12725;"Alkazar; AminoForce Plus";12725.pdf;5;Malva-preta, Malvisco;Sidastrum micranthum;3.0;3.0;L/ha;200.0;300.0;L/ha;1;;Pastagem;1;Malva-preta, Malvisco (Sidastrum micranthum) | [dose herdada: 3,0 L/ha];validado_bula;;
12725;"Alkazar; AminoForce Plus";12725.pdf;5;Malva-roxa;Sidastrum paniculatum;3.0;3.0;L/ha;200.0;300.0;L/ha;1;;Pastagem;1;Malva-roxa (Sidastrum paniculatum) | [dose herdada: 3,0 L/ha];validado_bula;;
12725;"Alkazar; AminoForce Plus";12725.pdf;5;Malva-veludo;Sida cordifolia;3.0;3.0;L/ha;200.0;300.0;L/ha;1;;Pastagem;1;Malva-veludo (Sida cordifolia) | 3,0 L/ha;validado_bula;;
12725;"Alkazar; AminoForce Plus";12725.pdf;5;Malva-veludo;Waltheria indica;3.0;3.0;L/ha;200.0;300.0;L/ha;1;;Pastagem;1;Malva-veludo (Waltheria indica) | [dose herdada: 3,0 L/ha];validado_bula;;
12725;"Alkazar; AminoForce Plus";12725.pdf;5;Maria-mole;Senecio brasiliensis;3.0;3.0;L/ha;200.0;300.0;L/ha;1;;Pastagem;1;Maria-mole (Senecio brasiliensis) | [dose herdada: 3,0 L/ha];validado_bula;;
12725;"Alkazar; AminoForce Plus";12725.pdf;6;Amor-de-cunhã, Cajuçara;Solanum rugosum;6.0;6.0;L/ha;50.0;50.0;L/ha;1;;Pastagem;1;Amor-de-cunhã, Cajuçara (Solanum rugosum) | [dose herdada: 6 L/ha];validado_bula;;
12725;"Alkazar; AminoForce Plus";12725.pdf;6;Aroeirinha;Schinus terebinthifolius;4.0;4.0;%;;;;1;;Pastagem;1;Aroeirinha (Schinus terebinthifolius) | [dose herdada: 4,0%];manual_review;;
12725;"Alkazar; AminoForce Plus";12725.pdf;6;Arranha-gato;Acacia plumosa;4.0;4.0;%;;;;1;;Pastagem;1;Arranha-gato (Acacia plumosa) | [dose herdada: 4,0%];manual_review;;
12725;"Alkazar; AminoForce Plus";12725.pdf;6;Assa-peixe-branco;Vernonia polyanthes;6.0;6.0;L/ha;50.0;50.0;L/ha;1;;Pastagem;1;Assa-peixe-branco (Vernonia polyanthes) | 6 L/ha;validado_bula;;
12725;"Alkazar; AminoForce Plus";12725.pdf;6;Assa-peixe-roxo;Vernonia westiniana;3.0;4.0;%;;;;1;;Pastagem;1;Assa-peixe-roxo (Vernonia westiniana) | 3,0 - 4,0% (misturar de 3 a 4 litros do produto em 97 a 96 litros de água);manual_review;;
12725;"Alkazar; AminoForce Plus";12725.pdf;6;Assa-peixe-roxo;Vernonia westiniana;6.0;6.0;L/ha;50.0;50.0;L/ha;1;;Pastagem;1;Assa-peixe-roxo (Vernonia westiniana) | [dose herdada: 6 L/ha];validado_bula;;
12725;"Alkazar; AminoForce Plus";12725.pdf;6;Espinho-agulha;Barnadesia rosea;4.0;4.0;%;;;;1;;Pastagem;1;Espinho-agulha (Barnadesia rosea) | [dose herdada: 4,0%];manual_review;;
12725;"Alkazar; AminoForce Plus";12725.pdf;6;Guanxuma;Sida rhombifolia;6.0;6.0;L/ha;50.0;50.0;L/ha;1;;Pastagem;1;Guanxuma (Sida rhombifolia) | [dose herdada: 6 L/ha];validado_bula;;
12725;"Alkazar; AminoForce Plus";12725.pdf;6;Jacarandá-de-espinho, Jacarandá-de-bico-de-pato;Machaerium aculeatum;3.0;4.0;%;;;;1;;Pastagem;1;Jacarandá-de-espinho, Jacarandá-de-bico-de-pato (Machaerium aculeatum) | [dose herdada: 3,0-4,0%];manual_review;;
12725;"Alkazar; AminoForce Plus";12725.pdf;6;Leiteira;Peschiera fuchsiaefolia;4.0;4.0;%;;;;1;;Pastagem;1;Leiteira (Peschiera fuchsiaefolia) | 4,0% (misturar 4 litros do produto em 96 litros de água);manual_review;;
12725;"Alkazar; AminoForce Plus";12725.pdf;6;Lobeira;Solanum lycocarpum;3.0;4.0;%;;;;1;;Pastagem;1;Lobeira (Solanum lycocarpum) | [dose herdada: 3,0-4,0%];manual_review;;
12725;"Alkazar; AminoForce Plus";12725.pdf;6;Lobeira;Solanum lycocarpum;6.0;6.0;L/ha;50.0;50.0;L/ha;1;;Pastagem;1;Lobeira (Solanum lycocarpum) | [dose herdada: 6 L/ha];validado_bula;;
12725;"Alkazar; AminoForce Plus";12725.pdf;6;Roseta, Espinho-de-agulha;Randia armata;3.0;4.0;%;;;;1;;Pastagem;1;Roseta, Espinho-de-agulha (Randia armata) | [dose herdada: 3,0-4,0%];manual_review;;
12725;"Alkazar; AminoForce Plus";12725.pdf;6;Unha-de-boi;Bauhinia divaricata;3.0;4.0;%;;;;1;;Pastagem;1;Unha-de-boi (Bauhinia divaricata) | [dose herdada: 3,0-4,0%];manual_review;;
12725;"Alkazar; AminoForce Plus";12725.pdf;6;Unha-de-gato;Acacia paniculata;4.0;4.0;%;;;;1;;Pastagem;1;Unha-de-gato (Acacia paniculata) | [dose herdada: 4,0%];manual_review;;
12725;"Alkazar; AminoForce Plus";12725.pdf;6;Unha-de-vaca;Bauhinia variegata;3.0;4.0;%;;;;1;;Pastagem;1;Unha-de-vaca (Bauhinia variegata) | [dose herdada: 3,0-4,0%];manual_review;;
12725;"Alkazar; AminoForce Plus";12725.pdf;6;Vassourinha-botão;Spermacoce verticillata;6.0;6.0;L/ha;50.0;50.0;L/ha;1;;Pastagem;1;Vassourinha-botão (Spermacoce verticillata) | [dose herdada: 6 L/ha];validado_bula;;
1338704;Supermetrina Agria 500;1338704.pdf;2;Broca-pequena-do-fruto;Neoleucinodes elegantalis;20.0;20.0;mL/100L;1000.0;1000.0;L/ha;3;aplicar novamente caso haja reinfestação;Tomate;1;Tomate Broca-pequena-do-fruto Neoleucinodes e/egantalis | 20 ml / 100 L água | 10 g de / 100 L de água;validado;;
1338704;Supermetrina Agria 500;1338704.pdf;2;Lagarta-da-soja;Anticarsia gemmatalis;30.0;50.0;mL/ha;200.0;200.0;L/ha;2;;Soja;1;Soja | Lagarta-da-soja Anticarsia gemmatalis | 30 a 50 | 15 a 25;validado;;
1338704;Supermetrina Agria 500;1338704.pdf;2;Lagarta-do-cartucho;Spodoptera frugiperda;50.0;50.0;mL/ha;400.0;400.0;L/ha;1;;Milho;1;Milho | Lagarta-do-cartucho Spodoptera frugiperda | 50 | 25;validado;;
1338704;Supermetrina Agria 500;1338704.pdf;2;Lagarta-falsa-medideira;Pseudoplusia includens;50.0;60.0;mL/ha;200.0;200.0;L/ha;2;;Soja;1;Soja | Lagarta-falsa-medideira Pseudoplusia includens | 50 a 60 | 25 a 30;validado;;
1338704;Supermetrina Agria 500;1338704.pdf;2;Lagarta-militar;Spodoptera frugiperda;40.0;40.0;mL/ha;200.0;200.0;L/ha;1;;Arroz;1;Arroz | Lagarta-militar Spodoptera frugiperda | 40 | 20;validado;;
1338704;Supermetrina Agria 500;1338704.pdf;2;Percevejo-pequeno;Piezodorus guildinii;60.0;60.0;mL/ha;200.0;200.0;L/ha;2;;Soja;1;Soja | Percevejo-pequeno Piezodorus guildinii | 60 | 30;validado;;
1338704;Supermetrina Agria 500;1338704.pdf;2;Pulgão-verde;Myzus persicae;10.0;10.0;mL/100L;1000.0;1000.0;L/ha;3;aplicar novamente caso haja reinfestação;Tomate;1;Pulgão-verde Myzus persicae | 10 ml / 100 L de água | 5 g de / 100 L de água;validado;;
1338704;Supermetrina Agria 500;1338704.pdf;2;Traça-da-batatinha;Gnorismoschema operculella;20.0;20.0;mL/100L;1000.0;1000.0;L/ha;3;aplicar novamente caso haja reinfestação;Tomate;1;Traça-da-batatinha Gnorismoschema operculella | 20 ml / 100 L água | 10 g de / 100 L de água;validado;;
1338704;Supermetrina Agria 500;1338704.pdf;2;Traça-das-crucíferas;Plutella xilostella;20.0;20.0;mL/100L;1000.0;1000.0;L/ha;3;aplicar novamente caso haja reinfestação;Repolho;1;Repolho | Traça-das-crucíferas Plutella xilostella | 20 ml / 100 L água | 10 g / 100 L água;validado;;
1338704;Supermetrina Agria 500;1338704.pdf;2;Traça-do-tomate;Tuta absoluta;20.0;20.0;mL/100L;1000.0;1000.0;L/ha;3;aplicar novamente caso haja reinfestação;Tomate;1;Traça-do-tomate Tuta absoluta | 20 ml / 100 L água | 10 g de / 100 L de água;validado;;
1338704;Supermetrina Agria 500;1338704.pdf;2;Tripes;Frankliniella schultzei;10.0;10.0;mL/100L;1000.0;1000.0;L/ha;3;aplicar novamente caso haja reinfestação;Tomate;1;Tripes Frankliniella schultzei | 10 ml / 100 L de água | 5 g de / 100 L de água;validado;;
14225;"Alchemy; AzoxcyForce";14225.pdf;5;Ferrugem;Puccinia melanocephala;250.0;300.0;mL/ha;100.0;200.0;L/ha;6;30 dias;Cana-de-açúcar;1;Cana-de-açúcar (Aplicação foliar) | Ferrugem | 250 a 300 mL/ha (Utilizar adjuvante específico);validado;;
14225;"Alchemy; AzoxcyForce";14225.pdf;5;Ferrugem-da-folha;Puccinia coronata var. avenae;200.0;300.0;mL/ha;100.0;200.0;L/ha;3;14 a 21 dias;Aveia;1;Aveia | Ferrugem-da-folha | 200 a 300 mL/ha (Utilizar adjuvante específico);validado;;
14225;"Alchemy; AzoxcyForce";14225.pdf;5;Queima-das-bainhas;Rhizoctonia solani;300.0;300.0;mL/ha;100.0;200.0;L/ha;3;14 dias;Arroz Irrigado;1;Arroz Irrigado | Queima-das-bainhas (Rhizoctonia solani) | 300 mL/ha;validado;;
14225;"Alchemy; AzoxcyForce";14225.pdf;5;Ramulose;Colletotrichum gossypii var. cephalosporioides;300.0;300.0;mL/ha;100.0;200.0;L/ha;3;14 a 21 dias;Algodão;1;Algodão | Ramulose | 300 mL/ha | Aplicação terrestre: 100 a 200 L/ha;validado;;
14225;"Alchemy; AzoxcyForce";14225.pdf;5;Ramulária;Ramularia areola;300.0;300.0;mL/ha;100.0;200.0;L/ha;3;14 a 21 dias;Algodão;1;Ramulária (Ramularia areola) | [dose herdada da mesma cultura: 300 mL/ha];validado;;
14225;"Alchemy; AzoxcyForce";14225.pdf;6;Ferrugem;Puccinia melanocephala;250.0;300.0;mL/ha;;;;;;Cana-de-açúcar;1;Ferrugem (Puccinia melanocephala) | 250 a 300 mL/ha *exclusivamente para tratamento industrial de propágulos vegetativos;validado;;
14225;"Alchemy; AzoxcyForce";14225.pdf;6;Ferrugem;Puccinia psidii;300.0;450.0;mL/ha;100.0;200.0;L/ha;3;14 dias;Eucalipto;1;Eucalipto | Ferrugem (Puccinia psidii) | 300 mL/ha (Utilizar adjuvante específico) ou 450 mL/ha (sem Adjuvante);validado;;
14225;"Alchemy; AzoxcyForce";14225.pdf;6;Ferrugem-da-folha;Puccinia hordei;300.0;300.0;mL/ha;100.0;200.0;L/ha;2;21 dias;Cevada;1;Ferrugem-da-folha (Puccinia hordei) | [dose herdada da mesma cultura: 300 mL/ha];validado;;
14225;"Alchemy; AzoxcyForce";14225.pdf;6;Mancha-de-Phaeosphaeria;Phaeosphaeria maydis;300.0;300.0;mL/ha;100.0;200.0;L/ha;2;15 dias;Milho;1;Milho | Mancha-de-Phaeosphaeria (Phaeosphaeria maydis) | 300 mL/ha (Utilizar adjuvante específico);validado;;
14225;"Alchemy; AzoxcyForce";14225.pdf;6;Mancha-de-alternária;Alternaria helianthi;250.0;250.0;mL/ha;100.0;200.0;L/ha;2;14 dias;Girassol;1;Girassol | Mancha-de-alternária (Alternaria helianthi) | 250 mL/ha;validado;;
14225;"Alchemy; AzoxcyForce";14225.pdf;6;Mancha-reticular;Drechslera teres;300.0;300.0;mL/ha;100.0;200.0;L/ha;2;21 dias;Cevada;1;Cevada | Mancha-reticular (Drechslera teres) | 300 mL/ha (Utilizar adjuvante específico);validado;;
14225;"Alchemy; AzoxcyForce";14225.pdf;6;Oídio;Erysiphe cichoracearum;200.0;200.0;mL/ha;100.0;200.0;L/ha;2;14 dias;Girassol;1;Oídio (Erysiphe cichoracearum) | 200 mL/ha;validado;;
14225;"Alchemy; AzoxcyForce";14225.pdf;6;Podridão-abacaxi;Ceratocystis paradoxa;250.0;250.0;mL/ha;100.0;100.0;L/ha;1;;Cana-de-açúcar;1;Podridão-abacaxi (Ceratocystis paradoxa) | 250 mL/ha | Aplicação no sulco: 100 L/ha;validado;;
14225;"Alchemy; AzoxcyForce";14225.pdf;6;Podridão-abacaxi;Ceratocystis paradoxa;250.0;300.0;mL/ha;;;;;;Cana-de-açúcar;1;Podridão-abacaxi (Ceratocystis paradoxa) | 250 a 300 mL/ha *exclusivamente para tratamento industrial de propágulos vegetativos;validado;;
14225;"Alchemy; AzoxcyForce";14225.pdf;7;Antracnose;Colletotrichum truncatum;300.0;300.0;mL/ha;100.0;200.0;L/ha;2;21 a 28 dias;Soja;1;Antracnose (Colletotrichum truncatum) | [dose herdada: 300 mL/ha];validado;;
14225;"Alchemy; AzoxcyForce";14225.pdf;7;Cercosporiose;Cercospora zeae-maydis;300.0;300.0;mL/ha;100.0;200.0;L/ha;2;;Soja;1;Cercosporiose (Cercospora zeae-maydis) | [dose herdada: 300 mL/ha, mesmo bloco de Crestamento-foliar];validado_bula;;
14225;"Alchemy; AzoxcyForce";14225.pdf;7;Crestamento-foliar;Cercospora kikuchii;300.0;300.0;mL/ha;100.0;200.0;L/ha;2;;Soja;1;Soja | Crestamento-foliar (Cercospora kikuchii) | 300 mL/ha (Utilizar adjuvante específico);validado;;
14225;"Alchemy; AzoxcyForce";14225.pdf;7;Ferrugem-asiática;Phakopsora pachyrhizi;300.0;300.0;mL/ha;100.0;200.0;L/ha;2;14 dias;Soja;1;Ferrugem-asiática (Phakopsora pachyrhizi) | [dose herdada: 300 mL/ha];validado;;
14225;"Alchemy; AzoxcyForce";14225.pdf;7;Ferrugem-da-folha;Puccinia triticina;300.0;300.0;mL/ha;100.0;200.0;L/ha;2;14 a 21 dias;Trigo;1;Ferrugem-da-folha (Puccinia triticina) | [dose herdada: 300 mL/ha];validado;;
14225;"Alchemy; AzoxcyForce";14225.pdf;7;Ferrugem-do-colmo;Puccinia graminis;300.0;300.0;mL/ha;100.0;200.0;L/ha;2;14 a 21 dias;Trigo;1;Ferrugem-do-colmo (Puccinia graminis) | [dose herdada: 300 mL/ha];validado;;
14225;"Alchemy; AzoxcyForce";14225.pdf;7;Mancha-alvo;Corynespora cassiicola;300.0;300.0;mL/ha;100.0;200.0;L/ha;2;21 a 28 dias;Soja;1;Mancha-alvo (Corynespora cassiicola) | [dose herdada: 300 mL/ha];validado;;
14225;"Alchemy; AzoxcyForce";14225.pdf;7;Mancha-bronzeada-da-folha;Drechslera tritici-repentis;300.0;300.0;mL/ha;100.0;200.0;L/ha;2;14 a 21 dias;Trigo;1;Trigo | Mancha-bronzeada-da-folha (Drechslera tritici-repentis) | 300 mL/ha (Utilizar adjuvante específico);validado;;
14225;"Alchemy; AzoxcyForce";14225.pdf;7;Mancha-parda;Septoria glycines;300.0;300.0;mL/ha;100.0;200.0;L/ha;2;;Soja;1;Mancha-parda (Septoria glycines) | [dose herdada: 300 mL/ha];validado;;
14225;"Alchemy; AzoxcyForce";14225.pdf;7;Mela;Thanatephorus cucumeris;300.0;300.0;mL/ha;100.0;200.0;L/ha;2;21 a 28 dias;Soja;1;Mela (Thanatephorus cucumeris) | [dose herdada: 300 mL/ha];validado;;
14225;"Alchemy; AzoxcyForce";14225.pdf;7;Oídio;Microsphaera diffusa;300.0;300.0;mL/ha;100.0;200.0;L/ha;2;;Soja;1;Oídio (Microsphaera diffusa) | [dose herdada: 300 mL/ha];validado;;
14324;Auin;14324.pdf;2;Broca-do-café;Hypothenemus hampei;5.0;9.0;L/ha;;;;;25 a 30 dias;Café;1;5,0 - 9,0 (para até 5.000 plantas/ha) Iniciar as aplicações quando o resultado do monitoramento...;validado_bula;;
14324;Auin;14324.pdf;2;Broca-do-café;Hypothenemus hampei;9.0;13.0;L/ha;;;;;25 a 30 dias;Café;1;9,0 - 13,0 (entre 5.000 e 10.000 [plantas/ha]);validado_bula;;
14324;Auin;14324.pdf;2;Cigarrinha-do-milho;Dalbulus maidis;16.0;16.0;L/ha;;;;;;Milho;1;Cigarrinha-do-milho Dalbulus maidis 16,0 ... Eficiência agronômica comprovada para a cultura do milho;validado_bula;;
14324;Auin;14324.pdf;2;Gorgulho-da-cana;Sphenophorus levis;14.4;14.4;L/ha;;;;1;;Cana-de-açúcar;1;Gorgulho-da-cana Sphenophorus levis 14,4 ... comprovada para a cultura da cana-de-açúcar.;validado_bula;;
14324;Auin;14324.pdf;2;Moleque-da-bananeira;Cosmopolites sordidus;10.0;10.0;L/ha;;;;3;;Bananeira;1;Moleque-da-bananeira Cosmopolites sordidus 10,0 ... Eficiência agronômica comprovada para a cultura da bananeira.;validado_bula;;
14324;Auin;14324.pdf;2;Mosca-branca;Bemisia tabaci raça B;1.5;1.5;L/ha;;;;4;14 dias;Soja,Pepino;2;Eficiência agronômica Mosca-branca Bemisia tabaci raça B 1,5 ... comprovada para as culturas de soja e pepino;validado_bula;;
14324;Auin;14324.pdf;2;Ácaro-rajado;Tetranychus urticae;2.0;2.0;L/ha;;;;6;3 a 4 dias;Morango;1;Ácaro-rajado Tetranychus urticae 2,0 ... Eficiência agronômica comprovada para a cultura do morango.;validado_bula;;
14517;Gr-Inn;14517.pdf;2;Cigarrinha das pastagens;Deois flavopicta;15.0;15.0;kg/ha;200.0;300.0;L/ha;2;;Cana-de-açúcar,Pastagens;2;"Cigarrinha das pastagens; Cigarrinha dos capinzais Deois flavopicta 2 15,00 kg p.c/ha 200-300";validado_bula;;
14517;Gr-Inn;14517.pdf;2;Cigarrinha das pastagens;Zulia entreriana;0.935;0.935;kg/ha;200.0;300.0;L/ha;2;;Cana-de-açúcar,Pastagens;2;Cigarrinha das pastagens Zulia entreriana 2 0,935 kg p.c/ha 200-300;validado_bula;;
14517;Gr-Inn;14517.pdf;2;Cigarrinha-da-raiz;Mahanarva fimbriolata;0.935;0.935;kg/ha;200.0;300.0;L/ha;2;;Cana-de-açúcar,Pastagens;2;Cigarrinha-da-raiz Mahanarva fimbriolata 2 0,935 kg p.c/ha 200-300;validado_bula;;
15418;Chrysogen;15418.pdf;3;Lagarta-falsa-medideira;Chrysodeixis includens;50.0;200.0;mL/ha;;;;;;Culturas em que haja ocorrência do alvo biológico indicado;1;Lagarta-falsa-medideira | Chrysodeixis includens | 50 a 200 mL | 20,2 a 80,8 g.i.a.;validado_bula;;
1719;Topatudo;1719.pdf;3;Arroz-vermelho;Oryza sativa;3.0;3.0;L/ha;100.0;400.0;L/ha;1;;Uva,Ameixa,Banana,Cacau,Café,Citros,Coco,Eucalipto,Fumo,Maçã,Mamão,Nectarina,Pêra,Pêssego,Pinus,Seringueira;16;Nome Comum | Nome Científico | (L/ha) | Aplicações -- tabela de plantas infestantes anuais/perenes para eliminação em pós-emergência em área cultivada, jato dirigido/protegido (tabela compartilhada na bula com Ameixa, Banana, Cacau, Café, Cana-de-açúcar, Citrus, Coco, Eucalipto, Fumo, Maçã, Mamão, Nectarina, Pêra, Pêssego, Pinus, Seringueira e Uva -- aqui extraída somente para Uva).;validado_bula;;
1719;Topatudo;1719.pdf;3;Aveia;Avena sativa;1.0;1.0;L/ha;100.0;400.0;L/ha;1;;Uva,Ameixa,Banana,Cacau,Café,Citros,Coco,Eucalipto,Fumo,Maçã,Mamão,Nectarina,Pêra,Pêssego,Pinus,Seringueira;16;Nome Comum | Nome Científico | (L/ha) | Aplicações -- tabela de plantas infestantes anuais/perenes para eliminação em pós-emergência em área cultivada, jato dirigido/protegido (tabela compartilhada na bula com Ameixa, Banana, Cacau, Café, Cana-de-açúcar, Citrus, Coco, Eucalipto, Fumo, Maçã, Mamão, Nectarina, Pêra, Pêssego, Pinus, Seringueira e Uva -- aqui extraída somente para Uva).;validado_bula;;
1719;Topatudo;1719.pdf;3;Azevém;Lolium multiflorum;2.0;3.0;L/ha;100.0;400.0;L/ha;1;;Uva,Ameixa,Banana,Cacau,Café,Citros,Coco,Eucalipto,Fumo,Maçã,Mamão,Nectarina,Pêra,Pêssego,Pinus,Seringueira;16;Nome Comum | Nome Científico | (L/ha) | Aplicações -- tabela de plantas infestantes anuais/perenes para eliminação em pós-emergência em área cultivada, jato dirigido/protegido (tabela compartilhada na bula com Ameixa, Banana, Cacau, Café, Cana-de-açúcar, Citrus, Coco, Eucalipto, Fumo, Maçã, Mamão, Nectarina, Pêra, Pêssego, Pinus, Seringueira e Uva -- aqui extraída somente para Uva).;validado_bula;;
1719;Topatudo;1719.pdf;3;Capim-arroz;Echinochloa crusgalli;4.0;4.0;L/ha;100.0;400.0;L/ha;1;;Uva,Ameixa,Banana,Cacau,Café,Citros,Coco,Eucalipto,Fumo,Maçã,Mamão,Nectarina,Pêra,Pêssego,Pinus,Seringueira;16;Nome Comum | Nome Científico | (L/ha) | Aplicações -- tabela de plantas infestantes anuais/perenes para eliminação em pós-emergência em área cultivada, jato dirigido/protegido (tabela compartilhada na bula com Ameixa, Banana, Cacau, Café, Cana-de-açúcar, Citrus, Coco, Eucalipto, Fumo, Maçã, Mamão, Nectarina, Pêra, Pêssego, Pinus, Seringueira e Uva -- aqui extraída somente para Uva).;validado_bula;;
1719;Topatudo;1719.pdf;3;Capim-arroz;Echinochloa cruspavonis;4.0;4.0;L/ha;100.0;400.0;L/ha;1;;Uva,Ameixa,Banana,Cacau,Café,Citros,Coco,Eucalipto,Fumo,Maçã,Mamão,Nectarina,Pêra,Pêssego,Pinus,Seringueira;16;Nome Comum | Nome Científico | (L/ha) | Aplicações -- tabela de plantas infestantes anuais/perenes para eliminação em pós-emergência em área cultivada, jato dirigido/protegido (tabela compartilhada na bula com Ameixa, Banana, Cacau, Café, Cana-de-açúcar, Citrus, Coco, Eucalipto, Fumo, Maçã, Mamão, Nectarina, Pêra, Pêssego, Pinus, Seringueira e Uva -- aqui extraída somente para Uva).;validado_bula;;
1719;Topatudo;1719.pdf;3;Capim-carrapicho;Cenchrus echinatus;1.5;1.5;L/ha;100.0;400.0;L/ha;1;;Uva,Ameixa,Banana,Cacau,Café,Citros,Coco,Eucalipto,Fumo,Maçã,Mamão,Nectarina,Pêra,Pêssego,Pinus,Seringueira;16;Nome Comum | Nome Científico | (L/ha) | Aplicações -- tabela de plantas infestantes anuais/perenes para eliminação em pós-emergência em área cultivada, jato dirigido/protegido (tabela compartilhada na bula com Ameixa, Banana, Cacau, Café, Cana-de-açúcar, Citrus, Coco, Eucalipto, Fumo, Maçã, Mamão, Nectarina, Pêra, Pêssego, Pinus, Seringueira e Uva -- aqui extraída somente para Uva).;validado_bula;;
1719;Topatudo;1719.pdf;3;Capim-colchão;Digitaria horizontalis;1.5;2.0;L/ha;100.0;400.0;L/ha;1;;Uva,Ameixa,Banana,Cacau,Café,Citros,Coco,Eucalipto,Fumo,Maçã,Mamão,Nectarina,Pêra,Pêssego,Pinus,Seringueira;16;Nome Comum | Nome Científico | (L/ha) | Aplicações -- tabela de plantas infestantes anuais/perenes para eliminação em pós-emergência em área cultivada, jato dirigido/protegido (tabela compartilhada na bula com Ameixa, Banana, Cacau, Café, Cana-de-açúcar, Citrus, Coco, Eucalipto, Fumo, Maçã, Mamão, Nectarina, Pêra, Pêssego, Pinus, Seringueira e Uva -- aqui extraída somente para Uva).;validado_bula;;
1719;Topatudo;1719.pdf;3;Capim-colchão;Digitaria sanguinalis;2.0;2.0;L/ha;100.0;400.0;L/ha;1;;Uva,Ameixa,Banana,Cacau,Café,Citros,Coco,Eucalipto,Fumo,Maçã,Mamão,Nectarina,Pêra,Pêssego,Pinus,Seringueira;16;Nome Comum | Nome Científico | (L/ha) | Aplicações -- tabela de plantas infestantes anuais/perenes para eliminação em pós-emergência em área cultivada, jato dirigido/protegido (tabela compartilhada na bula com Ameixa, Banana, Cacau, Café, Cana-de-açúcar, Citrus, Coco, Eucalipto, Fumo, Maçã, Mamão, Nectarina, Pêra, Pêssego, Pinus, Seringueira e Uva -- aqui extraída somente para Uva).;validado_bula;;
1719;Topatudo;1719.pdf;3;Capim-favorito;Rhynchelitrum repens;1.5;2.0;L/ha;100.0;400.0;L/ha;1;;Uva,Ameixa,Banana,Cacau,Café,Citros,Coco,Eucalipto,Fumo,Maçã,Mamão,Nectarina,Pêra,Pêssego,Pinus,Seringueira;16;Nome Comum | Nome Científico | (L/ha) | Aplicações -- tabela de plantas infestantes anuais/perenes para eliminação em pós-emergência em área cultivada, jato dirigido/protegido (tabela compartilhada na bula com Ameixa, Banana, Cacau, Café, Cana-de-açúcar, Citrus, Coco, Eucalipto, Fumo, Maçã, Mamão, Nectarina, Pêra, Pêssego, Pinus, Seringueira e Uva -- aqui extraída somente para Uva).;validado_bula;;
1719;Topatudo;1719.pdf;3;Capim-marmelada;Brachiaria plantaginea;0.5;1.0;L/ha;100.0;400.0;L/ha;1;;Uva,Ameixa,Banana,Cacau,Café,Citros,Coco,Eucalipto,Fumo,Maçã,Mamão,Nectarina,Pêra,Pêssego,Pinus,Seringueira;16;Nome Comum | Nome Científico | (L/ha) | Aplicações -- tabela de plantas infestantes anuais/perenes para eliminação em pós-emergência em área cultivada, jato dirigido/protegido (tabela compartilhada na bula com Ameixa, Banana, Cacau, Café, Cana-de-açúcar, Citrus, Coco, Eucalipto, Fumo, Maçã, Mamão, Nectarina, Pêra, Pêssego, Pinus, Seringueira e Uva -- aqui extraída somente para Uva).;validado_bula;;
1719;Topatudo;1719.pdf;3;Capim-pé-de-galinha;Eleusine indica;2.0;2.0;L/ha;100.0;400.0;L/ha;1;;Uva,Ameixa,Banana,Cacau,Café,Citros,Coco,Eucalipto,Fumo,Maçã,Mamão,Nectarina,Pêra,Pêssego,Pinus,Seringueira;16;Nome Comum | Nome Científico | (L/ha) | Aplicações -- tabela de plantas infestantes anuais/perenes para eliminação em pós-emergência em área cultivada, jato dirigido/protegido (tabela compartilhada na bula com Ameixa, Banana, Cacau, Café, Cana-de-açúcar, Citrus, Coco, Eucalipto, Fumo, Maçã, Mamão, Nectarina, Pêra, Pêssego, Pinus, Seringueira e Uva -- aqui extraída somente para Uva).;validado_bula;;
1719;Topatudo;1719.pdf;3;Capim-rabo-de-raposa;Setaria geniculata;1.0;2.0;L/ha;100.0;400.0;L/ha;1;;Uva,Ameixa,Banana,Cacau,Café,Citros,Coco,Eucalipto,Fumo,Maçã,Mamão,Nectarina,Pêra,Pêssego,Pinus,Seringueira;16;Nome Comum | Nome Científico | (L/ha) | Aplicações -- tabela de plantas infestantes anuais/perenes para eliminação em pós-emergência em área cultivada, jato dirigido/protegido (tabela compartilhada na bula com Ameixa, Banana, Cacau, Café, Cana-de-açúcar, Citrus, Coco, Eucalipto, Fumo, Maçã, Mamão, Nectarina, Pêra, Pêssego, Pinus, Seringueira e Uva -- aqui extraída somente para Uva).;validado_bula;;
1719;Topatudo;1719.pdf;3;Cevadilha;Bromus catharticus;1.0;1.0;L/ha;100.0;400.0;L/ha;1;;Uva,Ameixa,Banana,Cacau,Café,Citros,Coco,Eucalipto,Fumo,Maçã,Mamão,Nectarina,Pêra,Pêssego,Pinus,Seringueira;16;Nome Comum | Nome Científico | (L/ha) | Aplicações -- tabela de plantas infestantes anuais/perenes para eliminação em pós-emergência em área cultivada, jato dirigido/protegido (tabela compartilhada na bula com Ameixa, Banana, Cacau, Café, Cana-de-açúcar, Citrus, Coco, Eucalipto, Fumo, Maçã, Mamão, Nectarina, Pêra, Pêssego, Pinus, Seringueira e Uva -- aqui extraída somente para Uva).;validado_bula;;
1719;Topatudo;1719.pdf;3;Cuminha ou falso cominho;Fimbristylis milacea;5.0;5.0;L/ha;100.0;400.0;L/ha;1;;Uva,Ameixa,Banana,Cacau,Café,Citros,Coco,Eucalipto,Fumo,Maçã,Mamão,Nectarina,Pêra,Pêssego,Pinus,Seringueira;16;Nome Comum | Nome Científico | (L/ha) | Aplicações -- tabela de plantas infestantes anuais/perenes para eliminação em pós-emergência em área cultivada, jato dirigido/protegido (tabela compartilhada na bula com Ameixa, Banana, Cacau, Café, Cana-de-açúcar, Citrus, Coco, Eucalipto, Fumo, Maçã, Mamão, Nectarina, Pêra, Pêssego, Pinus, Seringueira e Uva -- aqui extraída somente para Uva).;validado_bula;;
1719;Topatudo;1719.pdf;3;Falso-massambará;Sorghum arundinaceum;1.5;2.0;L/ha;100.0;400.0;L/ha;1;;Uva,Ameixa,Banana,Cacau,Café,Citros,Coco,Eucalipto,Fumo,Maçã,Mamão,Nectarina,Pêra,Pêssego,Pinus,Seringueira;16;Nome Comum | Nome Científico | (L/ha) | Aplicações -- tabela de plantas infestantes anuais/perenes para eliminação em pós-emergência em área cultivada, jato dirigido/protegido (tabela compartilhada na bula com Ameixa, Banana, Cacau, Café, Cana-de-açúcar, Citrus, Coco, Eucalipto, Fumo, Maçã, Mamão, Nectarina, Pêra, Pêssego, Pinus, Seringueira e Uva -- aqui extraída somente para Uva).;validado_bula;;
1719;Topatudo;1719.pdf;4;Alfafa;Medicago sativa;3.5;3.5;L/ha;100.0;400.0;L/ha;1;;Uva,Ameixa,Banana,Cacau,Café,Citros,Coco,Eucalipto,Fumo,Maçã,Mamão,Nectarina,Pêra,Pêssego,Pinus,Seringueira;16;Nome Comum | Nome Científico | (L/ha) | Aplicações -- tabela de plantas infestantes anuais/perenes para eliminação em pós-emergência em área cultivada, jato dirigido/protegido (tabela compartilhada na bula com Ameixa, Banana, Cacau, Café, Cana-de-açúcar, Citrus, Coco, Eucalipto, Fumo, Maçã, Mamão, Nectarina, Pêra, Pêssego, Pinus, Seringueira e Uva -- aqui extraída somente para Uva).;validado_bula;;
1719;Topatudo;1719.pdf;4;Amendoim-bravo;Euphorbia heterophylla;3.0;4.0;L/ha;100.0;400.0;L/ha;1;;Uva,Ameixa,Banana,Cacau,Café,Citros,Coco,Eucalipto,Fumo,Maçã,Mamão,Nectarina,Pêra,Pêssego,Pinus,Seringueira;16;Nome Comum | Nome Científico | (L/ha) | Aplicações -- tabela de plantas infestantes anuais/perenes para eliminação em pós-emergência em área cultivada, jato dirigido/protegido (tabela compartilhada na bula com Ameixa, Banana, Cacau, Café, Cana-de-açúcar, Citrus, Coco, Eucalipto, Fumo, Maçã, Mamão, Nectarina, Pêra, Pêssego, Pinus, Seringueira e Uva -- aqui extraída somente para Uva).;validado_bula;;
1719;Topatudo;1719.pdf;4;Angiquinho;Aeschynomene rudis;2.0;2.0;L/ha;100.0;400.0;L/ha;1;;Uva,Ameixa,Banana,Cacau,Café,Citros,Coco,Eucalipto,Fumo,Maçã,Mamão,Nectarina,Pêra,Pêssego,Pinus,Seringueira;16;Nome Comum | Nome Científico | (L/ha) | Aplicações -- tabela de plantas infestantes anuais/perenes para eliminação em pós-emergência em área cultivada, jato dirigido/protegido (tabela compartilhada na bula com Ameixa, Banana, Cacau, Café, Cana-de-açúcar, Citrus, Coco, Eucalipto, Fumo, Maçã, Mamão, Nectarina, Pêra, Pêssego, Pinus, Seringueira e Uva -- aqui extraída somente para Uva).;validado_bula;;
1719;Topatudo;1719.pdf;4;Anileira;Indigofera hirsuta;4.0;4.0;L/ha;100.0;400.0;L/ha;1;;Uva,Ameixa,Banana,Cacau,Café,Citros,Coco,Eucalipto,Fumo,Maçã,Mamão,Nectarina,Pêra,Pêssego,Pinus,Seringueira;16;Nome Comum | Nome Científico | (L/ha) | Aplicações -- tabela de plantas infestantes anuais/perenes para eliminação em pós-emergência em área cultivada, jato dirigido/protegido (tabela compartilhada na bula com Ameixa, Banana, Cacau, Café, Cana-de-açúcar, Citrus, Coco, Eucalipto, Fumo, Maçã, Mamão, Nectarina, Pêra, Pêssego, Pinus, Seringueira e Uva -- aqui extraída somente para Uva).;validado_bula;;
1719;Topatudo;1719.pdf;4;Barbasco;Pterocaulon virgatum;4.5;5.0;L/ha;100.0;400.0;L/ha;1;;Uva,Ameixa,Banana,Cacau,Café,Citros,Coco,Eucalipto,Fumo,Maçã,Mamão,Nectarina,Pêra,Pêssego,Pinus,Seringueira;16;Nome Comum | Nome Científico | (L/ha) | Aplicações -- tabela de plantas infestantes anuais/perenes para eliminação em pós-emergência em área cultivada, jato dirigido/protegido (tabela compartilhada na bula com Ameixa, Banana, Cacau, Café, Cana-de-açúcar, Citrus, Coco, Eucalipto, Fumo, Maçã, Mamão, Nectarina, Pêra, Pêssego, Pinus, Seringueira e Uva -- aqui extraída somente para Uva).;validado_bula;;
1719;Topatudo;1719.pdf;4;Beldroega;Portulaca oleracea;2.0;2.0;L/ha;100.0;400.0;L/ha;1;;Uva,Ameixa,Banana,Cacau,Café,Citros,Coco,Eucalipto,Fumo,Maçã,Mamão,Nectarina,Pêra,Pêssego,Pinus,Seringueira;16;Nome Comum | Nome Científico | (L/ha) | Aplicações -- tabela de plantas infestantes anuais/perenes para eliminação em pós-emergência em área cultivada, jato dirigido/protegido (tabela compartilhada na bula com Ameixa, Banana, Cacau, Café, Cana-de-açúcar, Citrus, Coco, Eucalipto, Fumo, Maçã, Mamão, Nectarina, Pêra, Pêssego, Pinus, Seringueira e Uva -- aqui extraída somente para Uva).;validado_bula;;
1719;Topatudo;1719.pdf;4;Boca-de-leão-selvagem;Antirrhinum orontium;2.0;2.0;L/ha;100.0;400.0;L/ha;1;;Uva,Ameixa,Banana,Cacau,Café,Citros,Coco,Eucalipto,Fumo,Maçã,Mamão,Nectarina,Pêra,Pêssego,Pinus,Seringueira;16;Nome Comum | Nome Científico | (L/ha) | Aplicações -- tabela de plantas infestantes anuais/perenes para eliminação em pós-emergência em área cultivada, jato dirigido/protegido (tabela compartilhada na bula com Ameixa, Banana, Cacau, Café, Cana-de-açúcar, Citrus, Coco, Eucalipto, Fumo, Maçã, Mamão, Nectarina, Pêra, Pêssego, Pinus, Seringueira e Uva -- aqui extraída somente para Uva).;validado_bula;;
1719;Topatudo;1719.pdf;4;Buva;Conyza bonariensis;2.0;2.0;L/ha;100.0;400.0;L/ha;1;;Uva,Ameixa,Banana,Cacau,Café,Citros,Coco,Eucalipto,Fumo,Maçã,Mamão,Nectarina,Pêra,Pêssego,Pinus,Seringueira;16;Nome Comum | Nome Científico | (L/ha) | Aplicações -- tabela de plantas infestantes anuais/perenes para eliminação em pós-emergência em área cultivada, jato dirigido/protegido (tabela compartilhada na bula com Ameixa, Banana, Cacau, Café, Cana-de-açúcar, Citrus, Coco, Eucalipto, Fumo, Maçã, Mamão, Nectarina, Pêra, Pêssego, Pinus, Seringueira e Uva -- aqui extraída somente para Uva).;validado_bula;;
1719;Topatudo;1719.pdf;4;Capim-amargoso;Digitaria insularis;1.5;4.0;L/ha;100.0;400.0;L/ha;1;;Uva,Ameixa,Banana,Cacau,Café,Citros,Coco,Eucalipto,Fumo,Maçã,Mamão,Nectarina,Pêra,Pêssego,Pinus,Seringueira;16;Nome Comum | Nome Científico | (L/ha) | Aplicações -- tabela de plantas infestantes anuais/perenes para eliminação em pós-emergência em área cultivada, jato dirigido/protegido (tabela compartilhada na bula com Ameixa, Banana, Cacau, Café, Cana-de-açúcar, Citrus, Coco, Eucalipto, Fumo, Maçã, Mamão, Nectarina, Pêra, Pêssego, Pinus, Seringueira e Uva -- aqui extraída somente para Uva).;validado_bula;;
1719;Topatudo;1719.pdf;4;Capim-angola;Brachiaria mutica;5.0;6.0;L/ha;100.0;400.0;L/ha;1;;Uva,Ameixa,Banana,Cacau,Café,Citros,Coco,Eucalipto,Fumo,Maçã,Mamão,Nectarina,Pêra,Pêssego,Pinus,Seringueira;16;Nome Comum | Nome Científico | (L/ha) | Aplicações -- tabela de plantas infestantes anuais/perenes para eliminação em pós-emergência em área cultivada, jato dirigido/protegido (tabela compartilhada na bula com Ameixa, Banana, Cacau, Café, Cana-de-açúcar, Citrus, Coco, Eucalipto, Fumo, Maçã, Mamão, Nectarina, Pêra, Pêssego, Pinus, Seringueira e Uva -- aqui extraída somente para Uva).;validado_bula;;
1719;Topatudo;1719.pdf;4;Capim-azedo;Paspalum conjugatum;1.0;1.0;L/ha;100.0;400.0;L/ha;1;;Uva,Ameixa,Banana,Cacau,Café,Citros,Coco,Eucalipto,Fumo,Maçã,Mamão,Nectarina,Pêra,Pêssego,Pinus,Seringueira;16;Nome Comum | Nome Científico | (L/ha) | Aplicações -- tabela de plantas infestantes anuais/perenes para eliminação em pós-emergência em área cultivada, jato dirigido/protegido (tabela compartilhada na bula com Ameixa, Banana, Cacau, Café, Cana-de-açúcar, Citrus, Coco, Eucalipto, Fumo, Maçã, Mamão, Nectarina, Pêra, Pêssego, Pinus, Seringueira e Uva -- aqui extraída somente para Uva).;validado_bula;;
1719;Topatudo;1719.pdf;4;Capim-braquiária;Brachiaria decumbens;2.5;4.0;L/ha;100.0;400.0;L/ha;1;;Uva,Ameixa,Banana,Cacau,Café,Citros,Coco,Eucalipto,Fumo,Maçã,Mamão,Nectarina,Pêra,Pêssego,Pinus,Seringueira;16;Nome Comum | Nome Científico | (L/ha) | Aplicações -- tabela de plantas infestantes anuais/perenes para eliminação em pós-emergência em área cultivada, jato dirigido/protegido (tabela compartilhada na bula com Ameixa, Banana, Cacau, Café, Cana-de-açúcar, Citrus, Coco, Eucalipto, Fumo, Maçã, Mamão, Nectarina, Pêra, Pêssego, Pinus, Seringueira e Uva -- aqui extraída somente para Uva).;validado_bula;;
1719;Topatudo;1719.pdf;4;Capim-caiana;Panicum cayennense;4.0;4.0;L/ha;100.0;400.0;L/ha;1;;Uva,Ameixa,Banana,Cacau,Café,Citros,Coco,Eucalipto,Fumo,Maçã,Mamão,Nectarina,Pêra,Pêssego,Pinus,Seringueira;16;Nome Comum | Nome Científico | (L/ha) | Aplicações -- tabela de plantas infestantes anuais/perenes para eliminação em pós-emergência em área cultivada, jato dirigido/protegido (tabela compartilhada na bula com Ameixa, Banana, Cacau, Café, Cana-de-açúcar, Citrus, Coco, Eucalipto, Fumo, Maçã, Mamão, Nectarina, Pêra, Pêssego, Pinus, Seringueira e Uva -- aqui extraída somente para Uva).;validado_bula;;
1719;Topatudo;1719.pdf;4;Capim-canoão;Setaria poiretiana;3.5;3.5;L/ha;100.0;400.0;L/ha;1;;Uva,Ameixa,Banana,Cacau,Café,Citros,Coco,Eucalipto,Fumo,Maçã,Mamão,Nectarina,Pêra,Pêssego,Pinus,Seringueira;16;Nome Comum | Nome Científico | (L/ha) | Aplicações -- tabela de plantas infestantes anuais/perenes para eliminação em pós-emergência em área cultivada, jato dirigido/protegido (tabela compartilhada na bula com Ameixa, Banana, Cacau, Café, Cana-de-açúcar, Citrus, Coco, Eucalipto, Fumo, Maçã, Mamão, Nectarina, Pêra, Pêssego, Pinus, Seringueira e Uva -- aqui extraída somente para Uva).;validado_bula;;
1719;Topatudo;1719.pdf;4;Capim-cebola;Chloris pycnothrix;2.0;2.0;L/ha;100.0;400.0;L/ha;1;;Uva,Ameixa,Banana,Cacau,Café,Citros,Coco,Eucalipto,Fumo,Maçã,Mamão,Nectarina,Pêra,Pêssego,Pinus,Seringueira;16;Nome Comum | Nome Científico | (L/ha) | Aplicações -- tabela de plantas infestantes anuais/perenes para eliminação em pós-emergência em área cultivada, jato dirigido/protegido (tabela compartilhada na bula com Ameixa, Banana, Cacau, Café, Cana-de-açúcar, Citrus, Coco, Eucalipto, Fumo, Maçã, Mamão, Nectarina, Pêra, Pêssego, Pinus, Seringueira e Uva -- aqui extraída somente para Uva).;validado_bula;;
1719;Topatudo;1719.pdf;4;Capim-colonião;Panicum maximum;1.5;5.0;L/ha;100.0;400.0;L/ha;1;;Uva,Ameixa,Banana,Cacau,Café,Citros,Coco,Eucalipto,Fumo,Maçã,Mamão,Nectarina,Pêra,Pêssego,Pinus,Seringueira;16;Nome Comum | Nome Científico | (L/ha) | Aplicações -- tabela de plantas infestantes anuais/perenes para eliminação em pós-emergência em área cultivada, jato dirigido/protegido (tabela compartilhada na bula com Ameixa, Banana, Cacau, Café, Cana-de-açúcar, Citrus, Coco, Eucalipto, Fumo, Maçã, Mamão, Nectarina, Pêra, Pêssego, Pinus, Seringueira e Uva -- aqui extraída somente para Uva).;validado_bula;;
1719;Topatudo;1719.pdf;4;Capim-coqueirinho;Chloris retusa;1.0;1.0;L/ha;100.0;400.0;L/ha;1;;Uva,Ameixa,Banana,Cacau,Café,Citros,Coco,Eucalipto,Fumo,Maçã,Mamão,Nectarina,Pêra,Pêssego,Pinus,Seringueira;16;Nome Comum | Nome Científico | (L/ha) | Aplicações -- tabela de plantas infestantes anuais/perenes para eliminação em pós-emergência em área cultivada, jato dirigido/protegido (tabela compartilhada na bula com Ameixa, Banana, Cacau, Café, Cana-de-açúcar, Citrus, Coco, Eucalipto, Fumo, Maçã, Mamão, Nectarina, Pêra, Pêssego, Pinus, Seringueira e Uva -- aqui extraída somente para Uva).;validado_bula;;
1719;Topatudo;1719.pdf;4;Capim-custódio;Pennisetum setosum;1.5;2.0;L/ha;100.0;400.0;L/ha;1;;Uva,Ameixa,Banana,Cacau,Café,Citros,Coco,Eucalipto,Fumo,Maçã,Mamão,Nectarina,Pêra,Pêssego,Pinus,Seringueira;16;Nome Comum | Nome Científico | (L/ha) | Aplicações -- tabela de plantas infestantes anuais/perenes para eliminação em pós-emergência em área cultivada, jato dirigido/protegido (tabela compartilhada na bula com Ameixa, Banana, Cacau, Café, Cana-de-açúcar, Citrus, Coco, Eucalipto, Fumo, Maçã, Mamão, Nectarina, Pêra, Pêssego, Pinus, Seringueira e Uva -- aqui extraída somente para Uva).;validado_bula;;
1719;Topatudo;1719.pdf;4;Capim-da-roça;Paspalum urvillei;4.0;4.0;L/ha;100.0;400.0;L/ha;1;;Uva,Ameixa,Banana,Cacau,Café,Citros,Coco,Eucalipto,Fumo,Maçã,Mamão,Nectarina,Pêra,Pêssego,Pinus,Seringueira;16;Nome Comum | Nome Científico | (L/ha) | Aplicações -- tabela de plantas infestantes anuais/perenes para eliminação em pós-emergência em área cultivada, jato dirigido/protegido (tabela compartilhada na bula com Ameixa, Banana, Cacau, Café, Cana-de-açúcar, Citrus, Coco, Eucalipto, Fumo, Maçã, Mamão, Nectarina, Pêra, Pêssego, Pinus, Seringueira e Uva -- aqui extraída somente para Uva).;validado_bula;;
1719;Topatudo;1719.pdf;4;Capim-do-brejo;Paspalum conspersum;2.0;3.0;L/ha;100.0;400.0;L/ha;1;;Uva,Ameixa,Banana,Cacau,Café,Citros,Coco,Eucalipto,Fumo,Maçã,Mamão,Nectarina,Pêra,Pêssego,Pinus,Seringueira;16;Nome Comum | Nome Científico | (L/ha) | Aplicações -- tabela de plantas infestantes anuais/perenes para eliminação em pós-emergência em área cultivada, jato dirigido/protegido (tabela compartilhada na bula com Ameixa, Banana, Cacau, Café, Cana-de-açúcar, Citrus, Coco, Eucalipto, Fumo, Maçã, Mamão, Nectarina, Pêra, Pêssego, Pinus, Seringueira e Uva -- aqui extraída somente para Uva).;validado_bula;;
1719;Topatudo;1719.pdf;4;Capim-gengibre;Paspalum maritimum;3.0;4.0;L/ha;100.0;400.0;L/ha;1;;Uva,Ameixa,Banana,Cacau,Café,Citros,Coco,Eucalipto,Fumo,Maçã,Mamão,Nectarina,Pêra,Pêssego,Pinus,Seringueira;16;Nome Comum | Nome Científico | (L/ha) | Aplicações -- tabela de plantas infestantes anuais/perenes para eliminação em pós-emergência em área cultivada, jato dirigido/protegido (tabela compartilhada na bula com Ameixa, Banana, Cacau, Café, Cana-de-açúcar, Citrus, Coco, Eucalipto, Fumo, Maçã, Mamão, Nectarina, Pêra, Pêssego, Pinus, Seringueira e Uva -- aqui extraída somente para Uva).;validado_bula;;
1719;Topatudo;1719.pdf;4;Capim-gordura;Melinis minutiflora;3.0;4.0;L/ha;100.0;400.0;L/ha;1;;Uva,Ameixa,Banana,Cacau,Café,Citros,Coco,Eucalipto,Fumo,Maçã,Mamão,Nectarina,Pêra,Pêssego,Pinus,Seringueira;16;Nome Comum | Nome Científico | (L/ha) | Aplicações -- tabela de plantas infestantes anuais/perenes para eliminação em pós-emergência em área cultivada, jato dirigido/protegido (tabela compartilhada na bula com Ameixa, Banana, Cacau, Café, Cana-de-açúcar, Citrus, Coco, Eucalipto, Fumo, Maçã, Mamão, Nectarina, Pêra, Pêssego, Pinus, Seringueira e Uva -- aqui extraída somente para Uva).;validado_bula;;
1719;Topatudo;1719.pdf;4;Capim-jaraguá;Hyparrhenia rufa;4.0;4.0;L/ha;100.0;400.0;L/ha;1;;Uva,Ameixa,Banana,Cacau,Café,Citros,Coco,Eucalipto,Fumo,Maçã,Mamão,Nectarina,Pêra,Pêssego,Pinus,Seringueira;16;Nome Comum | Nome Científico | (L/ha) | Aplicações -- tabela de plantas infestantes anuais/perenes para eliminação em pós-emergência em área cultivada, jato dirigido/protegido (tabela compartilhada na bula com Ameixa, Banana, Cacau, Café, Cana-de-açúcar, Citrus, Coco, Eucalipto, Fumo, Maçã, Mamão, Nectarina, Pêra, Pêssego, Pinus, Seringueira e Uva -- aqui extraída somente para Uva).;validado_bula;;
1719;Topatudo;1719.pdf;4;Capim-kikuio;Pennisetum clandestinum;4.0;5.0;L/ha;100.0;400.0;L/ha;1;;Uva,Ameixa,Banana,Cacau,Café,Citros,Coco,Eucalipto,Fumo,Maçã,Mamão,Nectarina,Pêra,Pêssego,Pinus,Seringueira;16;Nome Comum | Nome Científico | (L/ha) | Aplicações -- tabela de plantas infestantes anuais/perenes para eliminação em pós-emergência em área cultivada, jato dirigido/protegido (tabela compartilhada na bula com Ameixa, Banana, Cacau, Café, Cana-de-açúcar, Citrus, Coco, Eucalipto, Fumo, Maçã, Mamão, Nectarina, Pêra, Pêssego, Pinus, Seringueira e Uva -- aqui extraída somente para Uva).;validado_bula;;
1719;Topatudo;1719.pdf;4;Capim-massambará;Sorghum halepense;4.0;4.0;L/ha;100.0;400.0;L/ha;1;;Uva,Ameixa,Banana,Cacau,Café,Citros,Coco,Eucalipto,Fumo,Maçã,Mamão,Nectarina,Pêra,Pêssego,Pinus,Seringueira;16;Nome Comum | Nome Científico | (L/ha) | Aplicações -- tabela de plantas infestantes anuais/perenes para eliminação em pós-emergência em área cultivada, jato dirigido/protegido (tabela compartilhada na bula com Ameixa, Banana, Cacau, Café, Cana-de-açúcar, Citrus, Coco, Eucalipto, Fumo, Maçã, Mamão, Nectarina, Pêra, Pêssego, Pinus, Seringueira e Uva -- aqui extraída somente para Uva).;validado_bula;;
1719;Topatudo;1719.pdf;4;Capim-membeca;Andropogon leucostachyus;4.0;4.0;L/ha;100.0;400.0;L/ha;1;;Uva,Ameixa,Banana,Cacau,Café,Citros,Coco,Eucalipto,Fumo,Maçã,Mamão,Nectarina,Pêra,Pêssego,Pinus,Seringueira;16;Nome Comum | Nome Científico | (L/ha) | Aplicações -- tabela de plantas infestantes anuais/perenes para eliminação em pós-emergência em área cultivada, jato dirigido/protegido (tabela compartilhada na bula com Ameixa, Banana, Cacau, Café, Cana-de-açúcar, Citrus, Coco, Eucalipto, Fumo, Maçã, Mamão, Nectarina, Pêra, Pêssego, Pinus, Seringueira e Uva -- aqui extraída somente para Uva).;validado_bula;;
1719;Topatudo;1719.pdf;4;Capim-mimoso;Eragrostis pilosa;2.0;2.0;L/ha;100.0;400.0;L/ha;1;;Uva,Ameixa,Banana,Cacau,Café,Citros,Coco,Eucalipto,Fumo,Maçã,Mamão,Nectarina,Pêra,Pêssego,Pinus,Seringueira;16;Nome Comum | Nome Científico | (L/ha) | Aplicações -- tabela de plantas infestantes anuais/perenes para eliminação em pós-emergência em área cultivada, jato dirigido/protegido (tabela compartilhada na bula com Ameixa, Banana, Cacau, Café, Cana-de-açúcar, Citrus, Coco, Eucalipto, Fumo, Maçã, Mamão, Nectarina, Pêra, Pêssego, Pinus, Seringueira e Uva -- aqui extraída somente para Uva).;validado_bula;;
1719;Topatudo;1719.pdf;4;Capim-rabo-de-burro;Andropogon bicornis;4.0;4.0;L/ha;100.0;400.0;L/ha;1;;Uva,Ameixa,Banana,Cacau,Café,Citros,Coco,Eucalipto,Fumo,Maçã,Mamão,Nectarina,Pêra,Pêssego,Pinus,Seringueira;16;Nome Comum | Nome Científico | (L/ha) | Aplicações -- tabela de plantas infestantes anuais/perenes para eliminação em pós-emergência em área cultivada, jato dirigido/protegido (tabela compartilhada na bula com Ameixa, Banana, Cacau, Café, Cana-de-açúcar, Citrus, Coco, Eucalipto, Fumo, Maçã, Mamão, Nectarina, Pêra, Pêssego, Pinus, Seringueira e Uva -- aqui extraída somente para Uva).;validado_bula;;
1719;Topatudo;1719.pdf;4;Carrapicho-de-carneiro;Acanthospermum hispidum;1.5;1.5;L/ha;100.0;400.0;L/ha;1;;Uva,Ameixa,Banana,Cacau,Café,Citros,Coco,Eucalipto,Fumo,Maçã,Mamão,Nectarina,Pêra,Pêssego,Pinus,Seringueira;16;Nome Comum | Nome Científico | (L/ha) | Aplicações -- tabela de plantas infestantes anuais/perenes para eliminação em pós-emergência em área cultivada, jato dirigido/protegido (tabela compartilhada na bula com Ameixa, Banana, Cacau, Café, Cana-de-açúcar, Citrus, Coco, Eucalipto, Fumo, Maçã, Mamão, Nectarina, Pêra, Pêssego, Pinus, Seringueira e Uva -- aqui extraída somente para Uva).;validado_bula;;
1719;Topatudo;1719.pdf;4;Carrapicho-rasteiro;Acanthospermum australe;1.5;1.5;L/ha;100.0;400.0;L/ha;1;;Uva,Ameixa,Banana,Cacau,Café,Citros,Coco,Eucalipto,Fumo,Maçã,Mamão,Nectarina,Pêra,Pêssego,Pinus,Seringueira;16;Nome Comum | Nome Científico | (L/ha) | Aplicações -- tabela de plantas infestantes anuais/perenes para eliminação em pós-emergência em área cultivada, jato dirigido/protegido (tabela compartilhada na bula com Ameixa, Banana, Cacau, Café, Cana-de-açúcar, Citrus, Coco, Eucalipto, Fumo, Maçã, Mamão, Nectarina, Pêra, Pêssego, Pinus, Seringueira e Uva -- aqui extraída somente para Uva).;validado_bula;;
1719;Topatudo;1719.pdf;4;Caruru;Amaranthus viridis;2.0;2.0;L/ha;100.0;400.0;L/ha;1;;Uva,Ameixa,Banana,Cacau,Café,Citros,Coco,Eucalipto,Fumo,Maçã,Mamão,Nectarina,Pêra,Pêssego,Pinus,Seringueira;16;Nome Comum | Nome Científico | (L/ha) | Aplicações -- tabela de plantas infestantes anuais/perenes para eliminação em pós-emergência em área cultivada, jato dirigido/protegido (tabela compartilhada na bula com Ameixa, Banana, Cacau, Café, Cana-de-açúcar, Citrus, Coco, Eucalipto, Fumo, Maçã, Mamão, Nectarina, Pêra, Pêssego, Pinus, Seringueira e Uva -- aqui extraída somente para Uva).;validado_bula;;
1719;Topatudo;1719.pdf;4;Caruru-de-espinho;Amaranthus spinosus;2.0;2.0;L/ha;100.0;400.0;L/ha;1;;Uva,Ameixa,Banana,Cacau,Café,Citros,Coco,Eucalipto,Fumo,Maçã,Mamão,Nectarina,Pêra,Pêssego,Pinus,Seringueira;16;Nome Comum | Nome Científico | (L/ha) | Aplicações -- tabela de plantas infestantes anuais/perenes para eliminação em pós-emergência em área cultivada, jato dirigido/protegido (tabela compartilhada na bula com Ameixa, Banana, Cacau, Café, Cana-de-açúcar, Citrus, Coco, Eucalipto, Fumo, Maçã, Mamão, Nectarina, Pêra, Pêssego, Pinus, Seringueira e Uva -- aqui extraída somente para Uva).;validado_bula;;
1719;Topatudo;1719.pdf;4;Caruru-roxo;Amaranthus hybridus;2.0;2.0;L/ha;100.0;400.0;L/ha;1;;Uva,Ameixa,Banana,Cacau,Café,Citros,Coco,Eucalipto,Fumo,Maçã,Mamão,Nectarina,Pêra,Pêssego,Pinus,Seringueira;16;Nome Comum | Nome Científico | (L/ha) | Aplicações -- tabela de plantas infestantes anuais/perenes para eliminação em pós-emergência em área cultivada, jato dirigido/protegido (tabela compartilhada na bula com Ameixa, Banana, Cacau, Café, Cana-de-açúcar, Citrus, Coco, Eucalipto, Fumo, Maçã, Mamão, Nectarina, Pêra, Pêssego, Pinus, Seringueira e Uva -- aqui extraída somente para Uva).;validado_bula;;
1719;Topatudo;1719.pdf;4;Corda-de-viola;Ipomoea aristolochiaefolia;3.0;3.0;L/ha;100.0;400.0;L/ha;1;;Uva,Ameixa,Banana,Cacau,Café,Citros,Coco,Eucalipto,Fumo,Maçã,Mamão,Nectarina,Pêra,Pêssego,Pinus,Seringueira;16;Nome Comum | Nome Científico | (L/ha) | Aplicações -- tabela de plantas infestantes anuais/perenes para eliminação em pós-emergência em área cultivada, jato dirigido/protegido (tabela compartilhada na bula com Ameixa, Banana, Cacau, Café, Cana-de-açúcar, Citrus, Coco, Eucalipto, Fumo, Maçã, Mamão, Nectarina, Pêra, Pêssego, Pinus, Seringueira e Uva -- aqui extraída somente para Uva).;validado_bula;;
1719;Topatudo;1719.pdf;4;Corda-de-viola;Ipomoea quamoclit;4.0;4.0;L/ha;100.0;400.0;L/ha;1;;Uva,Ameixa,Banana,Cacau,Café,Citros,Coco,Eucalipto,Fumo,Maçã,Mamão,Nectarina,Pêra,Pêssego,Pinus,Seringueira;16;Nome Comum | Nome Científico | (L/ha) | Aplicações -- tabela de plantas infestantes anuais/perenes para eliminação em pós-emergência em área cultivada, jato dirigido/protegido (tabela compartilhada na bula com Ameixa, Banana, Cacau, Café, Cana-de-açúcar, Citrus, Coco, Eucalipto, Fumo, Maçã, Mamão, Nectarina, Pêra, Pêssego, Pinus, Seringueira e Uva -- aqui extraída somente para Uva).;validado_bula;;
1719;Topatudo;1719.pdf;4;Cordão-de-frade;Leonotis nepetifolia;2.0;2.0;L/ha;100.0;400.0;L/ha;1;;Uva,Ameixa,Banana,Cacau,Café,Citros,Coco,Eucalipto,Fumo,Maçã,Mamão,Nectarina,Pêra,Pêssego,Pinus,Seringueira;16;Nome Comum | Nome Científico | (L/ha) | Aplicações -- tabela de plantas infestantes anuais/perenes para eliminação em pós-emergência em área cultivada, jato dirigido/protegido (tabela compartilhada na bula com Ameixa, Banana, Cacau, Café, Cana-de-açúcar, Citrus, Coco, Eucalipto, Fumo, Maçã, Mamão, Nectarina, Pêra, Pêssego, Pinus, Seringueira e Uva -- aqui extraída somente para Uva).;validado_bula;;
1719;Topatudo;1719.pdf;4;Corriola;Dichondra microcalyx;6.0;6.0;L/ha;100.0;400.0;L/ha;1;;Uva,Ameixa,Banana,Cacau,Café,Citros,Coco,Eucalipto,Fumo,Maçã,Mamão,Nectarina,Pêra,Pêssego,Pinus,Seringueira;16;Nome Comum | Nome Científico | (L/ha) | Aplicações -- tabela de plantas infestantes anuais/perenes para eliminação em pós-emergência em área cultivada, jato dirigido/protegido (tabela compartilhada na bula com Ameixa, Banana, Cacau, Café, Cana-de-açúcar, Citrus, Coco, Eucalipto, Fumo, Maçã, Mamão, Nectarina, Pêra, Pêssego, Pinus, Seringueira e Uva -- aqui extraída somente para Uva).;validado_bula;;
1719;Topatudo;1719.pdf;4;Erva-andorinha;Chamaesyce hyssopifolia;2.0;6.0;L/ha;100.0;400.0;L/ha;1;;Uva,Ameixa,Banana,Cacau,Café,Citros,Coco,Eucalipto,Fumo,Maçã,Mamão,Nectarina,Pêra,Pêssego,Pinus,Seringueira;16;Nome Comum | Nome Científico | (L/ha) | Aplicações -- tabela de plantas infestantes anuais/perenes para eliminação em pós-emergência em área cultivada, jato dirigido/protegido (tabela compartilhada na bula com Ameixa, Banana, Cacau, Café, Cana-de-açúcar, Citrus, Coco, Eucalipto, Fumo, Maçã, Mamão, Nectarina, Pêra, Pêssego, Pinus, Seringueira e Uva -- aqui extraída somente para Uva).;validado_bula;;
1719;Topatudo;1719.pdf;4;Erva-de-santa-luzia;Chenopodium ambrosioides;3.0;3.0;L/ha;100.0;400.0;L/ha;1;;Uva,Ameixa,Banana,Cacau,Café,Citros,Coco,Eucalipto,Fumo,Maçã,Mamão,Nectarina,Pêra,Pêssego,Pinus,Seringueira;16;Nome Comum | Nome Científico | (L/ha) | Aplicações -- tabela de plantas infestantes anuais/perenes para eliminação em pós-emergência em área cultivada, jato dirigido/protegido (tabela compartilhada na bula com Ameixa, Banana, Cacau, Café, Cana-de-açúcar, Citrus, Coco, Eucalipto, Fumo, Maçã, Mamão, Nectarina, Pêra, Pêssego, Pinus, Seringueira e Uva -- aqui extraída somente para Uva).;validado_bula;;
1719;Topatudo;1719.pdf;4;Erva-quente;Spermacoce alata;5.0;6.0;L/ha;100.0;400.0;L/ha;1;;Uva,Ameixa,Banana,Cacau,Café,Citros,Coco,Eucalipto,Fumo,Maçã,Mamão,Nectarina,Pêra,Pêssego,Pinus,Seringueira;16;Nome Comum | Nome Científico | (L/ha) | Aplicações -- tabela de plantas infestantes anuais/perenes para eliminação em pós-emergência em área cultivada, jato dirigido/protegido (tabela compartilhada na bula com Ameixa, Banana, Cacau, Café, Cana-de-açúcar, Citrus, Coco, Eucalipto, Fumo, Maçã, Mamão, Nectarina, Pêra, Pêssego, Pinus, Seringueira e Uva -- aqui extraída somente para Uva).;validado_bula;;
1719;Topatudo;1719.pdf;4;Ervilhaca;Vicia sativa;5.0;5.0;L/ha;100.0;400.0;L/ha;1;;Uva,Ameixa,Banana,Cacau,Café,Citros,Coco,Eucalipto,Fumo,Maçã,Mamão,Nectarina,Pêra,Pêssego,Pinus,Seringueira;16;Nome Comum | Nome Científico | (L/ha) | Aplicações -- tabela de plantas infestantes anuais/perenes para eliminação em pós-emergência em área cultivada, jato dirigido/protegido (tabela compartilhada na bula com Ameixa, Banana, Cacau, Café, Cana-de-açúcar, Citrus, Coco, Eucalipto, Fumo, Maçã, Mamão, Nectarina, Pêra, Pêssego, Pinus, Seringueira e Uva -- aqui extraída somente para Uva).;validado_bula;;
1719;Topatudo;1719.pdf;4;Espérgula;Spergula arvensis;4.0;4.0;L/ha;100.0;400.0;L/ha;1;;Uva,Ameixa,Banana,Cacau,Café,Citros,Coco,Eucalipto,Fumo,Maçã,Mamão,Nectarina,Pêra,Pêssego,Pinus,Seringueira;16;Nome Comum | Nome Científico | (L/ha) | Aplicações -- tabela de plantas infestantes anuais/perenes para eliminação em pós-emergência em área cultivada, jato dirigido/protegido (tabela compartilhada na bula com Ameixa, Banana, Cacau, Café, Cana-de-açúcar, Citrus, Coco, Eucalipto, Fumo, Maçã, Mamão, Nectarina, Pêra, Pêssego, Pinus, Seringueira e Uva -- aqui extraída somente para Uva).;validado_bula;;
1719;Topatudo;1719.pdf;4;Falsa-serralha;Emilia sonchifolia;2.0;2.0;L/ha;100.0;400.0;L/ha;1;;Uva,Ameixa,Banana,Cacau,Café,Citros,Coco,Eucalipto,Fumo,Maçã,Mamão,Nectarina,Pêra,Pêssego,Pinus,Seringueira;16;Nome Comum | Nome Científico | (L/ha) | Aplicações -- tabela de plantas infestantes anuais/perenes para eliminação em pós-emergência em área cultivada, jato dirigido/protegido (tabela compartilhada na bula com Ameixa, Banana, Cacau, Café, Cana-de-açúcar, Citrus, Coco, Eucalipto, Fumo, Maçã, Mamão, Nectarina, Pêra, Pêssego, Pinus, Seringueira e Uva -- aqui extraída somente para Uva).;validado_bula;;
1719;Topatudo;1719.pdf;4;Grama-batatais;Paspalum notatum;4.0;5.0;L/ha;100.0;400.0;L/ha;1;;Uva,Ameixa,Banana,Cacau,Café,Citros,Coco,Eucalipto,Fumo,Maçã,Mamão,Nectarina,Pêra,Pêssego,Pinus,Seringueira;16;Nome Comum | Nome Científico | (L/ha) | Aplicações -- tabela de plantas infestantes anuais/perenes para eliminação em pós-emergência em área cultivada, jato dirigido/protegido (tabela compartilhada na bula com Ameixa, Banana, Cacau, Café, Cana-de-açúcar, Citrus, Coco, Eucalipto, Fumo, Maçã, Mamão, Nectarina, Pêra, Pêssego, Pinus, Seringueira e Uva -- aqui extraída somente para Uva).;validado_bula;;
1719;Topatudo;1719.pdf;4;Grama-comprida;Paspalum dilatatum;2.0;2.0;L/ha;100.0;400.0;L/ha;1;;Uva,Ameixa,Banana,Cacau,Café,Citros,Coco,Eucalipto,Fumo,Maçã,Mamão,Nectarina,Pêra,Pêssego,Pinus,Seringueira;16;Nome Comum | Nome Científico | (L/ha) | Aplicações -- tabela de plantas infestantes anuais/perenes para eliminação em pós-emergência em área cultivada, jato dirigido/protegido (tabela compartilhada na bula com Ameixa, Banana, Cacau, Café, Cana-de-açúcar, Citrus, Coco, Eucalipto, Fumo, Maçã, Mamão, Nectarina, Pêra, Pêssego, Pinus, Seringueira e Uva -- aqui extraída somente para Uva).;validado_bula;;
1719;Topatudo;1719.pdf;4;Grama-missioneira ou capitinga;Axonopus compressus;5.0;5.0;L/ha;100.0;400.0;L/ha;1;;Uva,Ameixa,Banana,Cacau,Café,Citros,Coco,Eucalipto,Fumo,Maçã,Mamão,Nectarina,Pêra,Pêssego,Pinus,Seringueira;16;Nome Comum | Nome Científico | (L/ha) | Aplicações -- tabela de plantas infestantes anuais/perenes para eliminação em pós-emergência em área cultivada, jato dirigido/protegido (tabela compartilhada na bula com Ameixa, Banana, Cacau, Café, Cana-de-açúcar, Citrus, Coco, Eucalipto, Fumo, Maçã, Mamão, Nectarina, Pêra, Pêssego, Pinus, Seringueira e Uva -- aqui extraída somente para Uva).;validado_bula;;
1719;Topatudo;1719.pdf;4;Grama-seda;Cynodon dactylon;4.0;5.0;L/ha;100.0;400.0;L/ha;1;;Uva,Ameixa,Banana,Cacau,Café,Citros,Coco,Eucalipto,Fumo,Maçã,Mamão,Nectarina,Pêra,Pêssego,Pinus,Seringueira;16;Nome Comum | Nome Científico | (L/ha) | Aplicações -- tabela de plantas infestantes anuais/perenes para eliminação em pós-emergência em área cultivada, jato dirigido/protegido (tabela compartilhada na bula com Ameixa, Banana, Cacau, Café, Cana-de-açúcar, Citrus, Coco, Eucalipto, Fumo, Maçã, Mamão, Nectarina, Pêra, Pêssego, Pinus, Seringueira e Uva -- aqui extraída somente para Uva).;validado_bula;;
1719;Topatudo;1719.pdf;4;Grama-touceira;Paspalum paniculatum;4.0;5.0;L/ha;100.0;400.0;L/ha;1;;Uva,Ameixa,Banana,Cacau,Café,Citros,Coco,Eucalipto,Fumo,Maçã,Mamão,Nectarina,Pêra,Pêssego,Pinus,Seringueira;16;Nome Comum | Nome Científico | (L/ha) | Aplicações -- tabela de plantas infestantes anuais/perenes para eliminação em pós-emergência em área cultivada, jato dirigido/protegido (tabela compartilhada na bula com Ameixa, Banana, Cacau, Café, Cana-de-açúcar, Citrus, Coco, Eucalipto, Fumo, Maçã, Mamão, Nectarina, Pêra, Pêssego, Pinus, Seringueira e Uva -- aqui extraída somente para Uva).;validado_bula;;
1719;Topatudo;1719.pdf;4;Guanxuma;Malvastrum coromandelianum;1.0;2.0;L/ha;100.0;400.0;L/ha;1;;Uva,Ameixa,Banana,Cacau,Café,Citros,Coco,Eucalipto,Fumo,Maçã,Mamão,Nectarina,Pêra,Pêssego,Pinus,Seringueira;16;Nome Comum | Nome Científico | (L/ha) | Aplicações -- tabela de plantas infestantes anuais/perenes para eliminação em pós-emergência em área cultivada, jato dirigido/protegido (tabela compartilhada na bula com Ameixa, Banana, Cacau, Café, Cana-de-açúcar, Citrus, Coco, Eucalipto, Fumo, Maçã, Mamão, Nectarina, Pêra, Pêssego, Pinus, Seringueira e Uva -- aqui extraída somente para Uva).;validado_bula;;
1719;Topatudo;1719.pdf;4;Joá-de-capote;Nicandra physaloides;2.0;2.0;L/ha;100.0;400.0;L/ha;1;;Uva,Ameixa,Banana,Cacau,Café,Citros,Coco,Eucalipto,Fumo,Maçã,Mamão,Nectarina,Pêra,Pêssego,Pinus,Seringueira;16;Nome Comum | Nome Científico | (L/ha) | Aplicações -- tabela de plantas infestantes anuais/perenes para eliminação em pós-emergência em área cultivada, jato dirigido/protegido (tabela compartilhada na bula com Ameixa, Banana, Cacau, Café, Cana-de-açúcar, Citrus, Coco, Eucalipto, Fumo, Maçã, Mamão, Nectarina, Pêra, Pêssego, Pinus, Seringueira e Uva -- aqui extraída somente para Uva).;validado_bula;;
1719;Topatudo;1719.pdf;4;Junquinho;Cyperus ferax;1.5;3.0;L/ha;100.0;400.0;L/ha;1;;Uva,Ameixa,Banana,Cacau,Café,Citros,Coco,Eucalipto,Fumo,Maçã,Mamão,Nectarina,Pêra,Pêssego,Pinus,Seringueira;16;Nome Comum | Nome Científico | (L/ha) | Aplicações -- tabela de plantas infestantes anuais/perenes para eliminação em pós-emergência em área cultivada, jato dirigido/protegido (tabela compartilhada na bula com Ameixa, Banana, Cacau, Café, Cana-de-açúcar, Citrus, Coco, Eucalipto, Fumo, Maçã, Mamão, Nectarina, Pêra, Pêssego, Pinus, Seringueira e Uva -- aqui extraída somente para Uva).;validado_bula;;
1719;Topatudo;1719.pdf;4;Losna-branca;Parthenium hysterophorus;3.0;3.0;L/ha;100.0;400.0;L/ha;1;;Uva,Ameixa,Banana,Cacau,Café,Citros,Coco,Eucalipto,Fumo,Maçã,Mamão,Nectarina,Pêra,Pêssego,Pinus,Seringueira;16;Nome Comum | Nome Científico | (L/ha) | Aplicações -- tabela de plantas infestantes anuais/perenes para eliminação em pós-emergência em área cultivada, jato dirigido/protegido (tabela compartilhada na bula com Ameixa, Banana, Cacau, Café, Cana-de-açúcar, Citrus, Coco, Eucalipto, Fumo, Maçã, Mamão, Nectarina, Pêra, Pêssego, Pinus, Seringueira e Uva -- aqui extraída somente para Uva).;validado_bula;;
1719;Topatudo;1719.pdf;4;Maria-gorda;Talinum paniculatum;2.0;3.0;L/ha;100.0;400.0;L/ha;1;;Uva,Ameixa,Banana,Cacau,Café,Citros,Coco,Eucalipto,Fumo,Maçã,Mamão,Nectarina,Pêra,Pêssego,Pinus,Seringueira;16;Nome Comum | Nome Científico | (L/ha) | Aplicações -- tabela de plantas infestantes anuais/perenes para eliminação em pós-emergência em área cultivada, jato dirigido/protegido (tabela compartilhada na bula com Ameixa, Banana, Cacau, Café, Cana-de-açúcar, Citrus, Coco, Eucalipto, Fumo, Maçã, Mamão, Nectarina, Pêra, Pêssego, Pinus, Seringueira e Uva -- aqui extraída somente para Uva).;validado_bula;;
1719;Topatudo;1719.pdf;4;Maria-pretinha;Solanum americanum;2.0;2.0;L/ha;100.0;400.0;L/ha;1;;Uva,Ameixa,Banana,Cacau,Café,Citros,Coco,Eucalipto,Fumo,Maçã,Mamão,Nectarina,Pêra,Pêssego,Pinus,Seringueira;16;Nome Comum | Nome Científico | (L/ha) | Aplicações -- tabela de plantas infestantes anuais/perenes para eliminação em pós-emergência em área cultivada, jato dirigido/protegido (tabela compartilhada na bula com Ameixa, Banana, Cacau, Café, Cana-de-açúcar, Citrus, Coco, Eucalipto, Fumo, Maçã, Mamão, Nectarina, Pêra, Pêssego, Pinus, Seringueira e Uva -- aqui extraída somente para Uva).;validado_bula;;
1719;Topatudo;1719.pdf;4;Mentrasto;Ageratum conyzoides;2.0;2.0;L/ha;100.0;400.0;L/ha;1;;Uva,Ameixa,Banana,Cacau,Café,Citros,Coco,Eucalipto,Fumo,Maçã,Mamão,Nectarina,Pêra,Pêssego,Pinus,Seringueira;16;Nome Comum | Nome Científico | (L/ha) | Aplicações -- tabela de plantas infestantes anuais/perenes para eliminação em pós-emergência em área cultivada, jato dirigido/protegido (tabela compartilhada na bula com Ameixa, Banana, Cacau, Café, Cana-de-açúcar, Citrus, Coco, Eucalipto, Fumo, Maçã, Mamão, Nectarina, Pêra, Pêssego, Pinus, Seringueira e Uva -- aqui extraída somente para Uva).;validado_bula;;
1719;Topatudo;1719.pdf;4;Mentruz;Lepidium virginicum;2.0;2.0;L/ha;100.0;400.0;L/ha;1;;Uva,Ameixa,Banana,Cacau,Café,Citros,Coco,Eucalipto,Fumo,Maçã,Mamão,Nectarina,Pêra,Pêssego,Pinus,Seringueira;16;Nome Comum | Nome Científico | (L/ha) | Aplicações -- tabela de plantas infestantes anuais/perenes para eliminação em pós-emergência em área cultivada, jato dirigido/protegido (tabela compartilhada na bula com Ameixa, Banana, Cacau, Café, Cana-de-açúcar, Citrus, Coco, Eucalipto, Fumo, Maçã, Mamão, Nectarina, Pêra, Pêssego, Pinus, Seringueira e Uva -- aqui extraída somente para Uva).;validado_bula;;
1719;Topatudo;1719.pdf;4;Mostarda;Brassica rapa;2.0;3.0;L/ha;100.0;400.0;L/ha;1;;Uva,Ameixa,Banana,Cacau,Café,Citros,Coco,Eucalipto,Fumo,Maçã,Mamão,Nectarina,Pêra,Pêssego,Pinus,Seringueira;16;Nome Comum | Nome Científico | (L/ha) | Aplicações -- tabela de plantas infestantes anuais/perenes para eliminação em pós-emergência em área cultivada, jato dirigido/protegido (tabela compartilhada na bula com Ameixa, Banana, Cacau, Café, Cana-de-açúcar, Citrus, Coco, Eucalipto, Fumo, Maçã, Mamão, Nectarina, Pêra, Pêssego, Pinus, Seringueira e Uva -- aqui extraída somente para Uva).;validado_bula;;
1719;Topatudo;1719.pdf;4;Nabiça ou Nabo-bravo;Raphanus raphanistrum;2.0;2.0;L/ha;100.0;400.0;L/ha;1;;Uva,Ameixa,Banana,Cacau,Café,Citros,Coco,Eucalipto,Fumo,Maçã,Mamão,Nectarina,Pêra,Pêssego,Pinus,Seringueira;16;Nome Comum | Nome Científico | (L/ha) | Aplicações -- tabela de plantas infestantes anuais/perenes para eliminação em pós-emergência em área cultivada, jato dirigido/protegido (tabela compartilhada na bula com Ameixa, Banana, Cacau, Café, Cana-de-açúcar, Citrus, Coco, Eucalipto, Fumo, Maçã, Mamão, Nectarina, Pêra, Pêssego, Pinus, Seringueira e Uva -- aqui extraída somente para Uva).;validado_bula;;
1719;Topatudo;1719.pdf;4;Picão-branco ou Fazendeiro;Galinsoga parviflora;1.0;1.0;L/ha;100.0;400.0;L/ha;1;;Uva,Ameixa,Banana,Cacau,Café,Citros,Coco,Eucalipto,Fumo,Maçã,Mamão,Nectarina,Pêra,Pêssego,Pinus,Seringueira;16;Nome Comum | Nome Científico | (L/ha) | Aplicações -- tabela de plantas infestantes anuais/perenes para eliminação em pós-emergência em área cultivada, jato dirigido/protegido (tabela compartilhada na bula com Ameixa, Banana, Cacau, Café, Cana-de-açúcar, Citrus, Coco, Eucalipto, Fumo, Maçã, Mamão, Nectarina, Pêra, Pêssego, Pinus, Seringueira e Uva -- aqui extraída somente para Uva).;validado_bula;;
1719;Topatudo;1719.pdf;4;Picão-preto;Bidens pilosa;1.0;1.5;L/ha;100.0;400.0;L/ha;1;;Uva,Ameixa,Banana,Cacau,Café,Citros,Coco,Eucalipto,Fumo,Maçã,Mamão,Nectarina,Pêra,Pêssego,Pinus,Seringueira;16;Nome Comum | Nome Científico | (L/ha) | Aplicações -- tabela de plantas infestantes anuais/perenes para eliminação em pós-emergência em área cultivada, jato dirigido/protegido (tabela compartilhada na bula com Ameixa, Banana, Cacau, Café, Cana-de-açúcar, Citrus, Coco, Eucalipto, Fumo, Maçã, Mamão, Nectarina, Pêra, Pêssego, Pinus, Seringueira e Uva -- aqui extraída somente para Uva).;validado_bula;;
1719;Topatudo;1719.pdf;4;Poaia-branca;Richardia brasiliensis;4.0;4.0;L/ha;100.0;400.0;L/ha;1;;Uva,Ameixa,Banana,Cacau,Café,Citros,Coco,Eucalipto,Fumo,Maçã,Mamão,Nectarina,Pêra,Pêssego,Pinus,Seringueira;16;Nome Comum | Nome Científico | (L/ha) | Aplicações -- tabela de plantas infestantes anuais/perenes para eliminação em pós-emergência em área cultivada, jato dirigido/protegido (tabela compartilhada na bula com Ameixa, Banana, Cacau, Café, Cana-de-açúcar, Citrus, Coco, Eucalipto, Fumo, Maçã, Mamão, Nectarina, Pêra, Pêssego, Pinus, Seringueira e Uva -- aqui extraída somente para Uva).;validado_bula;;
1719;Topatudo;1719.pdf;4;Poaia-do-campo;Diodia ocimifolia;2.0;2.0;L/ha;100.0;400.0;L/ha;1;;Uva,Ameixa,Banana,Cacau,Café,Citros,Coco,Eucalipto,Fumo,Maçã,Mamão,Nectarina,Pêra,Pêssego,Pinus,Seringueira;16;Nome Comum | Nome Científico | (L/ha) | Aplicações -- tabela de plantas infestantes anuais/perenes para eliminação em pós-emergência em área cultivada, jato dirigido/protegido (tabela compartilhada na bula com Ameixa, Banana, Cacau, Café, Cana-de-açúcar, Citrus, Coco, Eucalipto, Fumo, Maçã, Mamão, Nectarina, Pêra, Pêssego, Pinus, Seringueira e Uva -- aqui extraída somente para Uva).;validado_bula;;
1719;Topatudo;1719.pdf;4;Quebra-pedra;Phylantus niruri;1.0;1.0;L/ha;100.0;400.0;L/ha;1;;Uva,Ameixa,Banana,Cacau,Café,Citros,Coco,Eucalipto,Fumo,Maçã,Mamão,Nectarina,Pêra,Pêssego,Pinus,Seringueira;16;Nome Comum | Nome Científico | (L/ha) | Aplicações -- tabela de plantas infestantes anuais/perenes para eliminação em pós-emergência em área cultivada, jato dirigido/protegido (tabela compartilhada na bula com Ameixa, Banana, Cacau, Café, Cana-de-açúcar, Citrus, Coco, Eucalipto, Fumo, Maçã, Mamão, Nectarina, Pêra, Pêssego, Pinus, Seringueira e Uva -- aqui extraída somente para Uva).;validado_bula;;
1719;Topatudo;1719.pdf;4;Quebra-pedra-rasteira;Chamaesyce prostrata;2.0;2.0;L/ha;100.0;400.0;L/ha;1;;Uva,Ameixa,Banana,Cacau,Café,Citros,Coco,Eucalipto,Fumo,Maçã,Mamão,Nectarina,Pêra,Pêssego,Pinus,Seringueira;16;Nome Comum | Nome Científico | (L/ha) | Aplicações -- tabela de plantas infestantes anuais/perenes para eliminação em pós-emergência em área cultivada, jato dirigido/protegido (tabela compartilhada na bula com Ameixa, Banana, Cacau, Café, Cana-de-açúcar, Citrus, Coco, Eucalipto, Fumo, Maçã, Mamão, Nectarina, Pêra, Pêssego, Pinus, Seringueira e Uva -- aqui extraída somente para Uva).;validado_bula;;
1719;Topatudo;1719.pdf;4;Rubim;Leonurus sibiricus;5.0;5.0;L/ha;100.0;400.0;L/ha;1;;Uva,Ameixa,Banana,Cacau,Café,Citros,Coco,Eucalipto,Fumo,Maçã,Mamão,Nectarina,Pêra,Pêssego,Pinus,Seringueira;16;Nome Comum | Nome Científico | (L/ha) | Aplicações -- tabela de plantas infestantes anuais/perenes para eliminação em pós-emergência em área cultivada, jato dirigido/protegido (tabela compartilhada na bula com Ameixa, Banana, Cacau, Café, Cana-de-açúcar, Citrus, Coco, Eucalipto, Fumo, Maçã, Mamão, Nectarina, Pêra, Pêssego, Pinus, Seringueira e Uva -- aqui extraída somente para Uva).;validado_bula;;
1719;Topatudo;1719.pdf;4;Samambaia;Pteridium aquilinum;4.0;4.0;L/ha;100.0;400.0;L/ha;1;;Uva,Ameixa,Banana,Cacau,Café,Citros,Coco,Eucalipto,Fumo,Maçã,Mamão,Nectarina,Pêra,Pêssego,Pinus,Seringueira;16;Nome Comum | Nome Científico | (L/ha) | Aplicações -- tabela de plantas infestantes anuais/perenes para eliminação em pós-emergência em área cultivada, jato dirigido/protegido (tabela compartilhada na bula com Ameixa, Banana, Cacau, Café, Cana-de-açúcar, Citrus, Coco, Eucalipto, Fumo, Maçã, Mamão, Nectarina, Pêra, Pêssego, Pinus, Seringueira e Uva -- aqui extraída somente para Uva).;validado_bula;;
1719;Topatudo;1719.pdf;4;Serralha;Sonchus oleraceus;2.0;2.0;L/ha;100.0;400.0;L/ha;1;;Uva,Ameixa,Banana,Cacau,Café,Citros,Coco,Eucalipto,Fumo,Maçã,Mamão,Nectarina,Pêra,Pêssego,Pinus,Seringueira;16;Nome Comum | Nome Científico | (L/ha) | Aplicações -- tabela de plantas infestantes anuais/perenes para eliminação em pós-emergência em área cultivada, jato dirigido/protegido (tabela compartilhada na bula com Ameixa, Banana, Cacau, Café, Cana-de-açúcar, Citrus, Coco, Eucalipto, Fumo, Maçã, Mamão, Nectarina, Pêra, Pêssego, Pinus, Seringueira e Uva -- aqui extraída somente para Uva).;validado_bula;;
1719;Topatudo;1719.pdf;4;Tanner grass;Brachiaria subquadripara;4.0;6.0;L/ha;100.0;400.0;L/ha;1;;Uva,Ameixa,Banana,Cacau,Café,Citros,Coco,Eucalipto,Fumo,Maçã,Mamão,Nectarina,Pêra,Pêssego,Pinus,Seringueira;16;Nome Comum | Nome Científico | (L/ha) | Aplicações -- tabela de plantas infestantes anuais/perenes para eliminação em pós-emergência em área cultivada, jato dirigido/protegido (tabela compartilhada na bula com Ameixa, Banana, Cacau, Café, Cana-de-açúcar, Citrus, Coco, Eucalipto, Fumo, Maçã, Mamão, Nectarina, Pêra, Pêssego, Pinus, Seringueira e Uva -- aqui extraída somente para Uva).;validado_bula;;
1719;Topatudo;1719.pdf;4;Tiririca;Cyperus difformis;5.0;5.0;L/ha;100.0;400.0;L/ha;4;20 a 40 dias;Uva,Ameixa,Banana,Cacau,Café,Citros,Coco,Eucalipto,Fumo,Maçã,Mamão,Nectarina,Pêra,Pêssego,Pinus,Seringueira;16;Nome Comum | Nome Científico | (L/ha) | Aplicações -- tabela de plantas infestantes anuais/perenes para eliminação em pós-emergência em área cultivada, jato dirigido/protegido (tabela compartilhada na bula com Ameixa, Banana, Cacau, Café, Cana-de-açúcar, Citrus, Coco, Eucalipto, Fumo, Maçã, Mamão, Nectarina, Pêra, Pêssego, Pinus, Seringueira e Uva -- aqui extraída somente para Uva).;validado_bula;;
1719;Topatudo;1719.pdf;4;Tiririca;Cyperus flavus;3.0;3.0;L/ha;100.0;400.0;L/ha;4;20 a 40 dias;Uva,Ameixa,Banana,Cacau,Café,Citros,Coco,Eucalipto,Fumo,Maçã,Mamão,Nectarina,Pêra,Pêssego,Pinus,Seringueira;16;Nome Comum | Nome Científico | (L/ha) | Aplicações -- tabela de plantas infestantes anuais/perenes para eliminação em pós-emergência em área cultivada, jato dirigido/protegido (tabela compartilhada na bula com Ameixa, Banana, Cacau, Café, Cana-de-açúcar, Citrus, Coco, Eucalipto, Fumo, Maçã, Mamão, Nectarina, Pêra, Pêssego, Pinus, Seringueira e Uva -- aqui extraída somente para Uva).;validado_bula;;
1719;Topatudo;1719.pdf;4;Tiririca;Cyperus rotundus;4.0;5.0;L/ha;100.0;400.0;L/ha;4;20 a 40 dias;Uva,Ameixa,Banana,Cacau,Café,Citros,Coco,Eucalipto,Fumo,Maçã,Mamão,Nectarina,Pêra,Pêssego,Pinus,Seringueira;16;Nome Comum | Nome Científico | (L/ha) | Aplicações -- tabela de plantas infestantes anuais/perenes para eliminação em pós-emergência em área cultivada, jato dirigido/protegido (tabela compartilhada na bula com Ameixa, Banana, Cacau, Café, Cana-de-açúcar, Citrus, Coco, Eucalipto, Fumo, Maçã, Mamão, Nectarina, Pêra, Pêssego, Pinus, Seringueira e Uva -- aqui extraída somente para Uva).;validado_bula;;
1719;Topatudo;1719.pdf;4;Tiririca;Cyperus sesquiflorus;3.0;3.0;L/ha;100.0;400.0;L/ha;4;20 a 40 dias;Uva,Ameixa,Banana,Cacau,Café,Citros,Coco,Eucalipto,Fumo,Maçã,Mamão,Nectarina,Pêra,Pêssego,Pinus,Seringueira;16;Nome Comum | Nome Científico | (L/ha) | Aplicações -- tabela de plantas infestantes anuais/perenes para eliminação em pós-emergência em área cultivada, jato dirigido/protegido (tabela compartilhada na bula com Ameixa, Banana, Cacau, Café, Cana-de-açúcar, Citrus, Coco, Eucalipto, Fumo, Maçã, Mamão, Nectarina, Pêra, Pêssego, Pinus, Seringueira e Uva -- aqui extraída somente para Uva).;validado_bula;;
1719;Topatudo;1719.pdf;4;Trevo;Oxalis oxyptera;1.0;2.0;L/ha;100.0;400.0;L/ha;1;;Uva,Ameixa,Banana,Cacau,Café,Citros,Coco,Eucalipto,Fumo,Maçã,Mamão,Nectarina,Pêra,Pêssego,Pinus,Seringueira;16;Nome Comum | Nome Científico | (L/ha) | Aplicações -- tabela de plantas infestantes anuais/perenes para eliminação em pós-emergência em área cultivada, jato dirigido/protegido (tabela compartilhada na bula com Ameixa, Banana, Cacau, Café, Cana-de-açúcar, Citrus, Coco, Eucalipto, Fumo, Maçã, Mamão, Nectarina, Pêra, Pêssego, Pinus, Seringueira e Uva -- aqui extraída somente para Uva).;validado_bula;;
1719;Topatudo;1719.pdf;4;Trevo;Trifolium repens;4.0;4.0;L/ha;100.0;400.0;L/ha;1;;Uva,Ameixa,Banana,Cacau,Café,Citros,Coco,Eucalipto,Fumo,Maçã,Mamão,Nectarina,Pêra,Pêssego,Pinus,Seringueira;16;Nome Comum | Nome Científico | (L/ha) | Aplicações -- tabela de plantas infestantes anuais/perenes para eliminação em pós-emergência em área cultivada, jato dirigido/protegido (tabela compartilhada na bula com Ameixa, Banana, Cacau, Café, Cana-de-açúcar, Citrus, Coco, Eucalipto, Fumo, Maçã, Mamão, Nectarina, Pêra, Pêssego, Pinus, Seringueira e Uva -- aqui extraída somente para Uva).;validado_bula;;
1719;Topatudo;1719.pdf;5;Agriãozinho;Synedrellopsis grisebachii;5.0;5.0;L/ha;100.0;400.0;L/ha;1;;Uva,Ameixa,Banana,Cacau,Café,Citros,Coco,Eucalipto,Fumo,Maçã,Mamão,Nectarina,Pêra,Pêssego,Pinus,Seringueira;16;Nome Comum | Nome Científico | (L/ha) | Aplicações -- tabela de plantas infestantes anuais/perenes para eliminação em pós-emergência em área cultivada, jato dirigido/protegido (tabela compartilhada na bula com Ameixa, Banana, Cacau, Café, Cana-de-açúcar, Citrus, Coco, Eucalipto, Fumo, Maçã, Mamão, Nectarina, Pêra, Pêssego, Pinus, Seringueira e Uva -- aqui extraída somente para Uva).;validado_bula;;
1719;Topatudo;1719.pdf;5;Apaga-fogo;Alternanthera tenella;1.0;1.0;L/ha;100.0;400.0;L/ha;1;;Uva,Ameixa,Banana,Cacau,Café,Citros,Coco,Eucalipto,Fumo,Maçã,Mamão,Nectarina,Pêra,Pêssego,Pinus,Seringueira;16;Nome Comum | Nome Científico | (L/ha) | Aplicações -- tabela de plantas infestantes anuais/perenes para eliminação em pós-emergência em área cultivada, jato dirigido/protegido (tabela compartilhada na bula com Ameixa, Banana, Cacau, Café, Cana-de-açúcar, Citrus, Coco, Eucalipto, Fumo, Maçã, Mamão, Nectarina, Pêra, Pêssego, Pinus, Seringueira e Uva -- aqui extraída somente para Uva).;validado_bula;;
1719;Topatudo;1719.pdf;5;Capim-elefante;Pennisetum purpureum;5.0;6.0;L/ha;100.0;400.0;L/ha;1;;Uva,Ameixa,Banana,Cacau,Café,Citros,Coco,Eucalipto,Fumo,Maçã,Mamão,Nectarina,Pêra,Pêssego,Pinus,Seringueira;16;Nome Comum | Nome Científico | (L/ha) | Aplicações -- tabela de plantas infestantes anuais/perenes para eliminação em pós-emergência em área cultivada, jato dirigido/protegido (tabela compartilhada na bula com Ameixa, Banana, Cacau, Café, Cana-de-açúcar, Citrus, Coco, Eucalipto, Fumo, Maçã, Mamão, Nectarina, Pêra, Pêssego, Pinus, Seringueira e Uva -- aqui extraída somente para Uva).;validado_bula;;
1719;Topatudo;1719.pdf;5;Cipó-cabeludo;Mikania cordifolia;5.0;5.0;L/ha;100.0;400.0;L/ha;1;;Uva,Ameixa,Banana,Cacau,Café,Citros,Coco,Eucalipto,Fumo,Maçã,Mamão,Nectarina,Pêra,Pêssego,Pinus,Seringueira;16;Nome Comum | Nome Científico | (L/ha) | Aplicações -- tabela de plantas infestantes anuais/perenes para eliminação em pós-emergência em área cultivada, jato dirigido/protegido (tabela compartilhada na bula com Ameixa, Banana, Cacau, Café, Cana-de-açúcar, Citrus, Coco, Eucalipto, Fumo, Maçã, Mamão, Nectarina, Pêra, Pêssego, Pinus, Seringueira e Uva -- aqui extraída somente para Uva).;validado_bula;;
1719;Topatudo;1719.pdf;5;Erva-lanceta;Solidago chilensis;2.0;2.0;L/ha;100.0;400.0;L/ha;1;;Uva,Ameixa,Banana,Cacau,Café,Citros,Coco,Eucalipto,Fumo,Maçã,Mamão,Nectarina,Pêra,Pêssego,Pinus,Seringueira;16;Nome Comum | Nome Científico | (L/ha) | Aplicações -- tabela de plantas infestantes anuais/perenes para eliminação em pós-emergência em área cultivada, jato dirigido/protegido (tabela compartilhada na bula com Ameixa, Banana, Cacau, Café, Cana-de-açúcar, Citrus, Coco, Eucalipto, Fumo, Maçã, Mamão, Nectarina, Pêra, Pêssego, Pinus, Seringueira e Uva -- aqui extraída somente para Uva).;validado_bula;;
1719;Topatudo;1719.pdf;5;Fedegoso-branco;Senna obtusifolia;5.0;5.0;L/ha;100.0;400.0;L/ha;1;;Uva,Ameixa,Banana,Cacau,Café,Citros,Coco,Eucalipto,Fumo,Maçã,Mamão,Nectarina,Pêra,Pêssego,Pinus,Seringueira;16;Nome Comum | Nome Científico | (L/ha) | Aplicações -- tabela de plantas infestantes anuais/perenes para eliminação em pós-emergência em área cultivada, jato dirigido/protegido (tabela compartilhada na bula com Ameixa, Banana, Cacau, Café, Cana-de-açúcar, Citrus, Coco, Eucalipto, Fumo, Maçã, Mamão, Nectarina, Pêra, Pêssego, Pinus, Seringueira e Uva -- aqui extraída somente para Uva).;validado_bula;;
1719;Topatudo;1719.pdf;5;Grandiúva;Trema micrantha;4.0;4.0;L/ha;100.0;400.0;L/ha;1;;Uva,Ameixa,Banana,Cacau,Café,Citros,Coco,Eucalipto,Fumo,Maçã,Mamão,Nectarina,Pêra,Pêssego,Pinus,Seringueira;16;Nome Comum | Nome Científico | (L/ha) | Aplicações -- tabela de plantas infestantes anuais/perenes para eliminação em pós-emergência em área cultivada, jato dirigido/protegido (tabela compartilhada na bula com Ameixa, Banana, Cacau, Café, Cana-de-açúcar, Citrus, Coco, Eucalipto, Fumo, Maçã, Mamão, Nectarina, Pêra, Pêssego, Pinus, Seringueira e Uva -- aqui extraída somente para Uva).;validado_bula;;
1719;Topatudo;1719.pdf;5;Guanxuma;Sida cordifolia;3.0;3.0;L/ha;100.0;400.0;L/ha;1;;Uva,Ameixa,Banana,Cacau,Café,Citros,Coco,Eucalipto,Fumo,Maçã,Mamão,Nectarina,Pêra,Pêssego,Pinus,Seringueira;16;Nome Comum | Nome Científico | (L/ha) | Aplicações -- tabela de plantas infestantes anuais/perenes para eliminação em pós-emergência em área cultivada, jato dirigido/protegido (tabela compartilhada na bula com Ameixa, Banana, Cacau, Café, Cana-de-açúcar, Citrus, Coco, Eucalipto, Fumo, Maçã, Mamão, Nectarina, Pêra, Pêssego, Pinus, Seringueira e Uva -- aqui extraída somente para Uva).;validado_bula;;
1719;Topatudo;1719.pdf;5;Guanxuma;Sida rhombifolia;3.0;3.0;L/ha;100.0;400.0;L/ha;1;;Uva,Ameixa,Banana,Cacau,Café,Citros,Coco,Eucalipto,Fumo,Maçã,Mamão,Nectarina,Pêra,Pêssego,Pinus,Seringueira;16;Nome Comum | Nome Científico | (L/ha) | Aplicações -- tabela de plantas infestantes anuais/perenes para eliminação em pós-emergência em área cultivada, jato dirigido/protegido (tabela compartilhada na bula com Ameixa, Banana, Cacau, Café, Cana-de-açúcar, Citrus, Coco, Eucalipto, Fumo, Maçã, Mamão, Nectarina, Pêra, Pêssego, Pinus, Seringueira e Uva -- aqui extraída somente para Uva).;validado_bula;;
1719;Topatudo;1719.pdf;5;Guanxuma-branca;Sida glaziovii;3.0;3.0;L/ha;100.0;400.0;L/ha;1;;Uva,Ameixa,Banana,Cacau,Café,Citros,Coco,Eucalipto,Fumo,Maçã,Mamão,Nectarina,Pêra,Pêssego,Pinus,Seringueira;16;Nome Comum | Nome Científico | (L/ha) | Aplicações -- tabela de plantas infestantes anuais/perenes para eliminação em pós-emergência em área cultivada, jato dirigido/protegido (tabela compartilhada na bula com Ameixa, Banana, Cacau, Café, Cana-de-açúcar, Citrus, Coco, Eucalipto, Fumo, Maçã, Mamão, Nectarina, Pêra, Pêssego, Pinus, Seringueira e Uva -- aqui extraída somente para Uva).;validado_bula;;
1719;Topatudo;1719.pdf;5;Língua-de-vaca;Rumex crispus;3.0;3.0;L/ha;100.0;400.0;L/ha;1;;Uva,Ameixa,Banana,Cacau,Café,Citros,Coco,Eucalipto,Fumo,Maçã,Mamão,Nectarina,Pêra,Pêssego,Pinus,Seringueira;16;Nome Comum | Nome Científico | (L/ha) | Aplicações -- tabela de plantas infestantes anuais/perenes para eliminação em pós-emergência em área cultivada, jato dirigido/protegido (tabela compartilhada na bula com Ameixa, Banana, Cacau, Café, Cana-de-açúcar, Citrus, Coco, Eucalipto, Fumo, Maçã, Mamão, Nectarina, Pêra, Pêssego, Pinus, Seringueira e Uva -- aqui extraída somente para Uva).;validado_bula;;
1719;Topatudo;1719.pdf;5;Maria-mole;Senecio brasiliensis;2.0;3.0;L/ha;100.0;400.0;L/ha;1;;Uva,Ameixa,Banana,Cacau,Café,Citros,Coco,Eucalipto,Fumo,Maçã,Mamão,Nectarina,Pêra,Pêssego,Pinus,Seringueira;16;Nome Comum | Nome Científico | (L/ha) | Aplicações -- tabela de plantas infestantes anuais/perenes para eliminação em pós-emergência em área cultivada, jato dirigido/protegido (tabela compartilhada na bula com Ameixa, Banana, Cacau, Café, Cana-de-açúcar, Citrus, Coco, Eucalipto, Fumo, Maçã, Mamão, Nectarina, Pêra, Pêssego, Pinus, Seringueira e Uva -- aqui extraída somente para Uva).;validado_bula;;
1719;Topatudo;1719.pdf;5;Mata-pasto;Eupatorium maximilianii;1.5;1.5;L/ha;100.0;400.0;L/ha;1;;Uva,Ameixa,Banana,Cacau,Café,Citros,Coco,Eucalipto,Fumo,Maçã,Mamão,Nectarina,Pêra,Pêssego,Pinus,Seringueira;16;Nome Comum | Nome Científico | (L/ha) | Aplicações -- tabela de plantas infestantes anuais/perenes para eliminação em pós-emergência em área cultivada, jato dirigido/protegido (tabela compartilhada na bula com Ameixa, Banana, Cacau, Café, Cana-de-açúcar, Citrus, Coco, Eucalipto, Fumo, Maçã, Mamão, Nectarina, Pêra, Pêssego, Pinus, Seringueira e Uva -- aqui extraída somente para Uva).;validado_bula;;
1719;Topatudo;1719.pdf;5;Sapé ou Capim-sapé;Imperata brasiliensis;4.0;5.0;L/ha;100.0;400.0;L/ha;1;;Uva,Ameixa,Banana,Cacau,Café,Citros,Coco,Eucalipto,Fumo,Maçã,Mamão,Nectarina,Pêra,Pêssego,Pinus,Seringueira;16;Nome Comum | Nome Científico | (L/ha) | Aplicações -- tabela de plantas infestantes anuais/perenes para eliminação em pós-emergência em área cultivada, jato dirigido/protegido (tabela compartilhada na bula com Ameixa, Banana, Cacau, Café, Cana-de-açúcar, Citrus, Coco, Eucalipto, Fumo, Maçã, Mamão, Nectarina, Pêra, Pêssego, Pinus, Seringueira e Uva -- aqui extraída somente para Uva).;validado_bula;;
1719;Topatudo;1719.pdf;5;Soqueira (eliminação/renovação do canavial);Saccharum officinarum;6.0;6.0;L/ha;;;;1;;Cana-de-açúcar;1;Cana-de-açúcar | Saccharum officinarum | 6,0 | 1 -- Eliminação da Soqueira (Reforma do Canavial);validado;;
1719;Topatudo;1719.pdf;5;Tanchagem;Plantago major;5.0;5.0;L/ha;100.0;400.0;L/ha;1;;Uva,Ameixa,Banana,Cacau,Café,Citros,Coco,Eucalipto,Fumo,Maçã,Mamão,Nectarina,Pêra,Pêssego,Pinus,Seringueira;16;Nome Comum | Nome Científico | (L/ha) | Aplicações -- tabela de plantas infestantes anuais/perenes para eliminação em pós-emergência em área cultivada, jato dirigido/protegido (tabela compartilhada na bula com Ameixa, Banana, Cacau, Café, Cana-de-açúcar, Citrus, Coco, Eucalipto, Fumo, Maçã, Mamão, Nectarina, Pêra, Pêssego, Pinus, Seringueira e Uva -- aqui extraída somente para Uva).;validado_bula;;
1719;Topatudo;1719.pdf;6;Angiquinho;Aeschynomene rudis;1.0;2.0;L/ha;50.0;200.0;L/ha;1;;Arroz Irrigado;1;Tabela Arroz Irrigado -- Plantas Infestantes Anuais/Perenes Controladas;validado;;
1719;Topatudo;1719.pdf;6;Arroz-vermelho;Oryza sativa;4.0;6.0;L/ha;50.0;200.0;L/ha;1;;Arroz Irrigado;1;Tabela Arroz Irrigado -- Plantas Infestantes Anuais/Perenes Controladas;validado;;
1719;Topatudo;1719.pdf;6;Aveia-preta;Avena strigosa;1.0;2.0;L/ha;50.0;200.0;L/ha;1;;Arroz Irrigado;1;Tabela Arroz Irrigado -- Plantas Infestantes Anuais/Perenes Controladas;validado;;
1719;Topatudo;1719.pdf;6;Capim-arroz;Echinochloa crusgalli;4.0;6.0;L/ha;50.0;200.0;L/ha;1;;Arroz Irrigado;1;Tabela Arroz Irrigado -- Plantas Infestantes Anuais/Perenes Controladas;validado;;
1719;Topatudo;1719.pdf;6;Capim-carrapicho;Cenchrus echinatus;1.0;2.0;L/ha;50.0;200.0;L/ha;1;;Arroz Irrigado;1;Tabela Arroz Irrigado -- Plantas Infestantes Anuais/Perenes Controladas;validado;;
1719;Topatudo;1719.pdf;6;Capim-colchão;Digitaria horizontalis;1.5;2.0;L/ha;50.0;200.0;L/ha;1;;Arroz Irrigado;1;Tabela Arroz Irrigado -- Plantas Infestantes Anuais/Perenes Controladas;validado;;
1719;Topatudo;1719.pdf;6;Capim-marmelada;Brachiaria plantaginea;1.0;1.5;L/ha;50.0;200.0;L/ha;1;;Arroz Irrigado;1;Tabela Arroz Irrigado -- Plantas Infestantes Anuais/Perenes Controladas;validado;;
1719;Topatudo;1719.pdf;6;Carrapicho-de-carneiro;Acanthospermum hispidum;1.0;2.0;L/ha;50.0;200.0;L/ha;1;;Arroz Irrigado;1;Tabela Arroz Irrigado -- Plantas Infestantes Anuais/Perenes Controladas;validado;;
1719;Topatudo;1719.pdf;6;Carrapicho-rasteiro;Acanthospermum australe;2.0;3.0;L/ha;50.0;200.0;L/ha;1;;Arroz Irrigado;1;Tabela Arroz Irrigado -- Plantas Infestantes Anuais/Perenes Controladas;validado;;
1719;Topatudo;1719.pdf;6;Caruru-roxo;Amaranthus hybridus;1.0;2.0;L/ha;50.0;200.0;L/ha;1;;Arroz Irrigado;1;Tabela Arroz Irrigado -- Plantas Infestantes Anuais/Perenes Controladas;validado;;
1719;Topatudo;1719.pdf;6;Cheirosa;Hyptis suaveolens;1.5;2.0;L/ha;50.0;200.0;L/ha;1;;Arroz Irrigado;1;Tabela Arroz Irrigado -- Plantas Infestantes Anuais/Perenes Controladas;validado;;
1719;Topatudo;1719.pdf;6;Corda-de-viola;Ipomoea grandiofolia;3.0;3.0;L/ha;50.0;200.0;L/ha;1;;Arroz Irrigado;1;Tabela Arroz Irrigado -- Plantas Infestantes Anuais/Perenes Controladas;validado_bula;;
1719;Topatudo;1719.pdf;6;Corda-de-viola;Ipomoea purpurea;3.0;3.0;L/ha;50.0;200.0;L/ha;1;;Arroz Irrigado;1;Tabela Arroz Irrigado -- Plantas Infestantes Anuais/Perenes Controladas;validado;;
1719;Topatudo;1719.pdf;6;Maturador (aceleração de maturação);Saccharum officinarum;0.6;0.6;L/ha;;;;1;;Cana-de-açúcar;1;dose recomendada de 0,6 L/ha do produto. (ATENÇÃO: Respeitar o período de carência para a cultura = 30 dias);validado;;
1719;Topatudo;1719.pdf;6;Mentrasto;Ageratum conyzoides;1.5;2.0;L/ha;50.0;200.0;L/ha;1;;Arroz Irrigado;1;Tabela Arroz Irrigado -- Plantas Infestantes Anuais/Perenes Controladas;validado;;
1719;Topatudo;1719.pdf;6;Nabo-bravo;Raphanus raphanistrum;1.5;2.0;L/ha;50.0;200.0;L/ha;1;;Arroz Irrigado;1;Tabela Arroz Irrigado -- Plantas Infestantes Anuais/Perenes Controladas;validado;;
1719;Topatudo;1719.pdf;6;Picão-branco;Galinsoga parviflora;1.5;2.0;L/ha;50.0;200.0;L/ha;1;;Arroz Irrigado;1;Tabela Arroz Irrigado -- Plantas Infestantes Anuais/Perenes Controladas;validado;;
1719;Topatudo;1719.pdf;6;Picão-preto;Bidens pilosa;1.0;2.0;L/ha;50.0;200.0;L/ha;1;;Arroz Irrigado;1;Tabela Arroz Irrigado -- Plantas Infestantes Anuais/Perenes Controladas;validado;;
1719;Topatudo;1719.pdf;6;Trigo;Triticum aestivum;1.0;2.0;L/ha;50.0;200.0;L/ha;1;;Arroz Irrigado;1;Tabela Arroz Irrigado -- Plantas Infestantes Anuais/Perenes Controladas;validado;;
1719;Topatudo;1719.pdf;7;Amendoim-bravo;Euphorbia heterophylla;1.5;3.0;L/ha;150.0;400.0;L/ha;1;;Algodão,Feijão;2;Tabela Algodão, Feijão -- Plantas Infestantes (Feijão);validado;;
1719;Topatudo;1719.pdf;7;Angiquinho;Aeschynomene rudis;3.0;3.0;L/ha;150.0;400.0;L/ha;1;;Algodão,Feijão;2;Tabela Algodão, Feijão -- Plantas Infestantes (Feijão);validado;;
1719;Topatudo;1719.pdf;7;Arroz vermelho;Oryza sativa;3.0;3.0;L/ha;150.0;400.0;L/ha;1;;Algodão,Feijão;2;Tabela Algodão, Feijão -- Plantas Infestantes (Feijão);validado;;
1719;Topatudo;1719.pdf;7;Assa-peixe;Vernonia ferruginea;4.0;4.0;L/ha;50.0;200.0;L/ha;1;;Arroz Irrigado;1;Tabela Arroz Irrigado -- Plantas Infestantes Anuais/Perenes Controladas;validado;;
1719;Topatudo;1719.pdf;7;Azevém;Lolium multiflorum;2.0;3.0;L/ha;150.0;400.0;L/ha;1;;Algodão,Feijão;2;Tabela Algodão, Feijão -- Plantas Infestantes (Feijão);validado;;
1719;Topatudo;1719.pdf;7;Beldroega;Portulaca oleracea;2.0;2.0;L/ha;150.0;400.0;L/ha;1;;Algodão,Feijão;2;Tabela Algodão, Feijão -- Plantas Infestantes (Feijão);validado;;
1719;Topatudo;1719.pdf;7;Capim-arroz;Echinochloa crusgalli;1.5;1.5;L/ha;150.0;400.0;L/ha;1;;Algodão,Feijão;2;Tabela Algodão, Feijão -- Plantas Infestantes (Feijão);validado;;
1719;Topatudo;1719.pdf;7;Capim-braquiária;Brachiaria decumbens;2.0;5.0;L/ha;50.0;200.0;L/ha;1;;Arroz Irrigado;1;Tabela Arroz Irrigado -- Plantas Infestantes Anuais/Perenes Controladas;validado;;
1719;Topatudo;1719.pdf;7;Capim-carrapicho;Cenchrus echinatus;1.5;1.5;L/ha;150.0;400.0;L/ha;1;;Algodão,Feijão;2;Tabela Algodão, Feijão -- Plantas Infestantes (Feijão);validado;;
1719;Topatudo;1719.pdf;7;Capim-colchão;Digitaria horizontalis;1.5;2.0;L/ha;150.0;400.0;L/ha;1;;Algodão,Feijão;2;Tabela Algodão, Feijão -- Plantas Infestantes (Feijão);validado;;
1719;Topatudo;1719.pdf;7;Capim-colonião;Panicum maximum;2.0;5.0;L/ha;50.0;200.0;L/ha;1;;Arroz Irrigado;1;Tabela Arroz Irrigado -- Plantas Infestantes Anuais/Perenes Controladas;validado;;
1719;Topatudo;1719.pdf;7;Capim-custódio;Pennisetum setosum;1.5;2.0;L/ha;50.0;200.0;L/ha;1;;Arroz Irrigado;1;Tabela Arroz Irrigado -- Plantas Infestantes Anuais/Perenes Controladas;validado;;
1719;Topatudo;1719.pdf;7;Capim-marmelada;Brachiaria plantaginea;1.0;2.0;L/ha;150.0;400.0;L/ha;1;;Algodão,Feijão;2;Tabela Algodão, Feijão -- Plantas Infestantes (Feijão);validado;;
1719;Topatudo;1719.pdf;7;Capim-massambará;Sorghum halepense;2.0;5.0;L/ha;50.0;200.0;L/ha;1;;Arroz Irrigado;1;Tabela Arroz Irrigado -- Plantas Infestantes Anuais/Perenes Controladas;validado;;
1719;Topatudo;1719.pdf;7;Capim-pé-de-galinha;Eleusine indica;2.0;2.0;L/ha;150.0;400.0;L/ha;1;;Algodão,Feijão;2;Tabela Algodão, Feijão -- Plantas Infestantes (Feijão);validado;;
1719;Topatudo;1719.pdf;7;Capim-rabo-de-burro;Andropogon bicornis;3.0;5.0;L/ha;50.0;200.0;L/ha;1;;Arroz Irrigado;1;Tabela Arroz Irrigado -- Plantas Infestantes Anuais/Perenes Controladas;validado;;
1719;Topatudo;1719.pdf;7;Carrapicho-de-carneiro;Acanthospermum hispidum;2.0;2.0;L/ha;150.0;400.0;L/ha;1;;Algodão,Feijão;2;Tabela Algodão, Feijão -- Plantas Infestantes (Feijão);validado;;
1719;Topatudo;1719.pdf;7;Carrapicho-rasteiro;Acanthospermum australe;1.5;1.5;L/ha;150.0;400.0;L/ha;1;;Algodão,Feijão;2;Tabela Algodão, Feijão -- Plantas Infestantes (Feijão);validado;;
1719;Topatudo;1719.pdf;7;Caruru;Amaranthus viridis;2.0;2.0;L/ha;150.0;400.0;L/ha;1;;Algodão,Feijão;2;Tabela Algodão, Feijão -- Plantas Infestantes (Feijão);validado;;
1719;Topatudo;1719.pdf;7;Corda-de-viola;Ipomoea quamoclit;4.0;4.0;L/ha;150.0;400.0;L/ha;1;;Algodão,Feijão;2;Tabela Algodão, Feijão -- Plantas Infestantes (Feijão);validado;;
1719;Topatudo;1719.pdf;7;Falsa-serralha;Emilia sonchifolia;2.0;2.0;L/ha;150.0;400.0;L/ha;1;;Algodão,Feijão;2;Tabela Algodão, Feijão -- Plantas Infestantes (Feijão);validado;;
1719;Topatudo;1719.pdf;7;Grama-seda;Cynodon dactylon;3.0;5.0;L/ha;50.0;200.0;L/ha;1;;Arroz Irrigado;1;Tabela Arroz Irrigado -- Plantas Infestantes Anuais/Perenes Controladas;validado;;
1719;Topatudo;1719.pdf;7;Guanxuma;Sida rhombifolia;2.0;4.0;L/ha;50.0;200.0;L/ha;1;;Arroz Irrigado;1;Tabela Arroz Irrigado -- Plantas Infestantes Anuais/Perenes Controladas;validado;;
1719;Topatudo;1719.pdf;7;Guanxuma-branca;Sida glaziovii;2.0;3.0;L/ha;50.0;200.0;L/ha;1;;Arroz Irrigado;1;Tabela Arroz Irrigado -- Plantas Infestantes Anuais/Perenes Controladas;validado;;
1719;Topatudo;1719.pdf;7;Malva-branca;Sida cordifolia;2.0;3.0;L/ha;50.0;200.0;L/ha;1;;Arroz Irrigado;1;Tabela Arroz Irrigado -- Plantas Infestantes Anuais/Perenes Controladas;validado;;
1719;Topatudo;1719.pdf;7;Mentrasto;Ageratum conyzoides;2.0;2.0;L/ha;150.0;400.0;L/ha;1;;Algodão,Feijão;2;Tabela Algodão, Feijão -- Plantas Infestantes (Feijão);validado;;
1719;Topatudo;1719.pdf;7;Nabiça;Raphanus raphanistrum;2.0;2.0;L/ha;150.0;400.0;L/ha;1;;Algodão,Feijão;2;Tabela Algodão, Feijão -- Plantas Infestantes (Feijão);validado;;
1719;Topatudo;1719.pdf;7;Picão-branco;Galinsoga parviflora;1.0;1.0;L/ha;150.0;400.0;L/ha;1;;Algodão,Feijão;2;Tabela Algodão, Feijão -- Plantas Infestantes (Feijão);validado;;
1719;Topatudo;1719.pdf;7;Picão-preto;Bidens pilosa;1.0;1.5;L/ha;150.0;400.0;L/ha;1;;Algodão,Feijão;2;Tabela Algodão, Feijão -- Plantas Infestantes (Feijão);validado;;
1719;Topatudo;1719.pdf;7;Poaia-branca;Richardia brasiliensis;3.0;3.0;L/ha;150.0;400.0;L/ha;1;;Algodão,Feijão;2;Tabela Algodão, Feijão -- Plantas Infestantes (Feijão);validado;;
1719;Topatudo;1719.pdf;7;Serralha;Sonchus oleraceus;2.0;2.0;L/ha;150.0;400.0;L/ha;1;;Algodão,Feijão;2;Tabela Algodão, Feijão -- Plantas Infestantes (Feijão);validado;;
1719;Topatudo;1719.pdf;7;Tiririca;Cyperus rotundus;3.0;5.0;L/ha;50.0;200.0;L/ha;1;;Arroz Irrigado;1;Tabela Arroz Irrigado -- Plantas Infestantes Anuais/Perenes Controladas;validado;;
1719;Topatudo;1719.pdf;7;Trevo;Trifolium repens;4.0;4.0;L/ha;150.0;400.0;L/ha;1;;Algodão,Feijão;2;Tabela Algodão, Feijão -- Plantas Infestantes (Feijão);validado;;
1719;Topatudo;1719.pdf;7;Vassourinha;Baccharis dracunculifolia;6.0;6.0;L/ha;50.0;200.0;L/ha;1;;Arroz Irrigado;1;Tabela Arroz Irrigado -- Plantas Infestantes Anuais/Perenes Controladas;validado;;
1719;Topatudo;1719.pdf;8;Amendoim-bravo;Euphorbia heterophylla;2.7;3.0;L/ha;50.0;200.0;L/ha;2;15 a 20 dias;Soja geneticamente modificada;1;Soja Geneticamente Modificada Tolerante ao Glifosato -- Aplicação Única ou Sequencial;validado_bula;;
1719;Topatudo;1719.pdf;8;Apaga-fogo;Alternanthera tenella;1.0;1.0;L/ha;150.0;400.0;L/ha;1;;Algodão,Feijão;2;Tabela Algodão, Feijão -- Plantas Infestantes (Feijão);validado;;
1719;Topatudo;1719.pdf;8;Apaga-fogo;Alternanthera tenella;2.0;2.7;L/ha;50.0;200.0;L/ha;2;15 a 20 dias;Soja geneticamente modificada;1;Soja Geneticamente Modificada Tolerante ao Glifosato -- Aplicação Única ou Sequencial;validado_bula;;
1719;Topatudo;1719.pdf;8;Beldroega;Portulaca oleracea;3.0;3.3;L/ha;50.0;200.0;L/ha;2;15 a 20 dias;Soja geneticamente modificada;1;Soja Geneticamente Modificada Tolerante ao Glifosato -- Aplicação Única ou Sequencial;validado_bula;;
1719;Topatudo;1719.pdf;8;Braquiarão;Brachiaria brizantha;1.6;1.6;L/ha;50.0;200.0;L/ha;2;15 a 20 dias;Soja geneticamente modificada;1;Soja Geneticamente Modificada Tolerante ao Glifosato -- Aplicação Única ou Sequencial;validado_bula;;
1719;Topatudo;1719.pdf;8;Cana-de-açúcar;Saccharum officinarum;6.0;6.0;L/ha;150.0;400.0;L/ha;1;;Algodão,Feijão;2;Tabela Algodão, Feijão -- Plantas Infestantes (Feijão);validado;;
1719;Topatudo;1719.pdf;8;Capim-braquiária;Brachiaria decumbens;2.5;4.0;L/ha;150.0;400.0;L/ha;1;;Algodão,Feijão;2;Tabela Algodão, Feijão -- Plantas Infestantes (Feijão);validado;;
1719;Topatudo;1719.pdf;8;Capim-carrapicho;Cenchrus echinatus;1.6;2.7;L/ha;50.0;200.0;L/ha;2;15 a 20 dias;Soja geneticamente modificada;1;Soja Geneticamente Modificada Tolerante ao Glifosato -- Aplicação Única ou Sequencial;validado_bula;;
1719;Topatudo;1719.pdf;8;Capim-colchão;Digitaria horizontalis;1.6;2.7;L/ha;50.0;200.0;L/ha;2;15 a 20 dias;Soja geneticamente modificada;1;Soja Geneticamente Modificada Tolerante ao Glifosato -- Aplicação Única ou Sequencial;validado_bula;;
1719;Topatudo;1719.pdf;8;Capim-da-roça;Paspalum urvillei;3.0;3.0;L/ha;150.0;400.0;L/ha;1;;Algodão,Feijão;2;Tabela Algodão, Feijão -- Plantas Infestantes (Feijão);validado;;
1719;Topatudo;1719.pdf;8;Capim-marmelada;Brachiaria plantaginea;1.6;1.6;L/ha;50.0;200.0;L/ha;2;15 a 20 dias;Soja geneticamente modificada;1;Soja Geneticamente Modificada Tolerante ao Glifosato -- Aplicação Única ou Sequencial;validado_bula;;
1719;Topatudo;1719.pdf;8;Capim-massambará;Sorghum halepense;4.0;4.0;L/ha;150.0;400.0;L/ha;1;;Algodão,Feijão;2;Tabela Algodão, Feijão -- Plantas Infestantes (Feijão);validado;;
1719;Topatudo;1719.pdf;8;Capim-pé-de-galinha;Eleusine indica;2.7;3.3;L/ha;50.0;200.0;L/ha;2;15 a 20 dias;Soja geneticamente modificada;1;Soja Geneticamente Modificada Tolerante ao Glifosato -- Aplicação Única ou Sequencial;validado_bula;;
1719;Topatudo;1719.pdf;8;Capim-rabo-de-burro;Andropogon bicornis;4.0;4.0;L/ha;150.0;400.0;L/ha;1;;Algodão,Feijão;2;Tabela Algodão, Feijão -- Plantas Infestantes (Feijão);validado;;
1719;Topatudo;1719.pdf;8;Caruru-de-mancha;Amaranthus viridis;2.0;2.7;L/ha;50.0;200.0;L/ha;2;15 a 20 dias;Soja geneticamente modificada;1;Soja Geneticamente Modificada Tolerante ao Glifosato -- Aplicação Única ou Sequencial;validado_bula;;
1719;Topatudo;1719.pdf;8;Erva-de-santa-luzia;Chamaesyce hirta;2.7;3.0;L/ha;50.0;200.0;L/ha;2;15 a 20 dias;Soja geneticamente modificada;1;Soja Geneticamente Modificada Tolerante ao Glifosato -- Aplicação Única ou Sequencial;validado_bula;;
1719;Topatudo;1719.pdf;8;Erva-lanceta;Solidago chilensis;2.0;2.0;L/ha;150.0;400.0;L/ha;1;;Algodão,Feijão;2;Tabela Algodão, Feijão -- Plantas Infestantes (Feijão);validado;;
1719;Topatudo;1719.pdf;8;Grama-batatais;Paspalum notatum;4.0;5.0;L/ha;150.0;400.0;L/ha;1;;Algodão,Feijão;2;Tabela Algodão, Feijão -- Plantas Infestantes (Feijão);validado;;
1719;Topatudo;1719.pdf;8;Grama-comprida;Paspalum dilatatum;2.0;2.0;L/ha;150.0;400.0;L/ha;1;;Algodão,Feijão;2;Tabela Algodão, Feijão -- Plantas Infestantes (Feijão);validado;;
1719;Topatudo;1719.pdf;8;Grama-seda;Cynodon dactylon;4.0;4.0;L/ha;150.0;400.0;L/ha;1;;Algodão,Feijão;2;Tabela Algodão, Feijão -- Plantas Infestantes (Feijão);validado;;
1719;Topatudo;1719.pdf;8;Guanxuma;Sida cordifolia;3.0;3.0;L/ha;150.0;400.0;L/ha;1;;Algodão,Feijão;2;Tabela Algodão, Feijão -- Plantas Infestantes (Feijão);validado;;
1719;Topatudo;1719.pdf;8;Guanxuma;Sida rhombifolia;3.0;3.0;L/ha;150.0;400.0;L/ha;1;;Algodão,Feijão;2;Tabela Algodão, Feijão -- Plantas Infestantes (Feijão);validado;;
1719;Topatudo;1719.pdf;8;Guanxuma-branca;Sida glaziovii;3.0;3.0;L/ha;150.0;400.0;L/ha;1;;Algodão,Feijão;2;Tabela Algodão, Feijão -- Plantas Infestantes (Feijão);validado;;
1719;Topatudo;1719.pdf;8;Junquinho;Cyperus ferax;2.5;3.5;L/ha;150.0;400.0;L/ha;1;;Algodão,Feijão;2;Tabela Algodão, Feijão -- Plantas Infestantes (Feijão);validado;;
1719;Topatudo;1719.pdf;8;Maria-mole;Senecio brasiliensis;1.5;1.5;L/ha;150.0;400.0;L/ha;1;;Algodão,Feijão;2;Tabela Algodão, Feijão -- Plantas Infestantes (Feijão);validado;;
1719;Topatudo;1719.pdf;8;Nabo-bravo;Raphanus raphanistrum;3.0;3.3;L/ha;50.0;200.0;L/ha;2;15 a 20 dias;Soja geneticamente modificada;1;Soja Geneticamente Modificada Tolerante ao Glifosato -- Aplicação Única ou Sequencial;validado_bula;;
1719;Topatudo;1719.pdf;8;Picão-branco;Galinsoga parviflora;2.7;3.0;L/ha;50.0;200.0;L/ha;2;15 a 20 dias;Soja geneticamente modificada;1;Soja Geneticamente Modificada Tolerante ao Glifosato -- Aplicação Única ou Sequencial;validado_bula;;
1719;Topatudo;1719.pdf;8;Poaia-branca;Richardia brasiliensis;3.0;3.3;L/ha;50.0;200.0;L/ha;2;15 a 20 dias;Soja geneticamente modificada;1;Soja Geneticamente Modificada Tolerante ao Glifosato -- Aplicação Única ou Sequencial;validado_bula;;
1719;Topatudo;1719.pdf;8;Tiririca;Cyperus rotundus;4.0;5.0;L/ha;150.0;400.0;L/ha;1;;Algodão,Feijão;2;Tabela Algodão, Feijão -- Plantas Infestantes (Feijão);validado;;
1719;Topatudo;1719.pdf;9;Angiquinho;Aeschynomene denticulata;2.0;4.0;L/ha;50.0;200.0;L/ha;;;Soja geneticamente modificada;1;Tabela Soja GM -- Plantas Infestantes Perenes/tolerantes;validado_bula;;
1719;Topatudo;1719.pdf;9;Angiquinho;Aeschynomene rudis;1.0;2.0;L/ha;50.0;200.0;L/ha;;;Soja geneticamente modificada;1;Tabela Soja GM -- Plantas Infestantes Perenes/tolerantes;validado_bula;;
1719;Topatudo;1719.pdf;9;Arroz-vermelho;Oryza sativa;4.0;6.0;L/ha;50.0;200.0;L/ha;;;Soja geneticamente modificada;1;Tabela Soja GM -- Plantas Infestantes Perenes/tolerantes;validado_bula;;
1719;Topatudo;1719.pdf;9;Assa-peixe;Vernonia ferruginea;4.0;4.0;L/ha;50.0;200.0;L/ha;;;Soja geneticamente modificada;1;Tabela Soja GM -- Plantas Infestantes Perenes/tolerantes;validado_bula;;
1719;Topatudo;1719.pdf;9;Aveia-preta;Avena strigosa;1.0;2.0;L/ha;50.0;200.0;L/ha;1;;Soja geneticamente modificada;1;Aveia-preta Avena strigosa 1,0 – 2,0 Aplicação Única;validado_bula;;
1719;Topatudo;1719.pdf;9;Capim-arroz;Echinochloa crusgalli;4.0;6.0;L/ha;50.0;200.0;L/ha;;;Soja geneticamente modificada;1;Tabela Soja GM -- Plantas Infestantes Perenes/tolerantes;validado_bula;;
1719;Topatudo;1719.pdf;9;Capim-braquiária;Brachiaria decumbens;2.0;3.0;L/ha;50.0;200.0;L/ha;1;;Soja geneticamente modificada;1;Tabela Soja GM -- Época (DAE) / Estágio de Crescimento;validado_bula;;
1719;Topatudo;1719.pdf;9;Capim-colchão;Digitaria ciliaris;2.0;3.0;L/ha;50.0;200.0;L/ha;1;;Soja geneticamente modificada;1;Tabela Soja GM -- Época (DAE) / Estágio de Crescimento;validado_bula;;
1719;Topatudo;1719.pdf;9;Capim-colonião;Panicum maximum;2.0;5.0;L/ha;50.0;200.0;L/ha;;;Soja geneticamente modificada;1;Tabela Soja GM -- Plantas Infestantes Perenes/tolerantes;validado_bula;;
1719;Topatudo;1719.pdf;9;Capim-custódio;Pennisetum setosum;1.5;2.0;L/ha;50.0;200.0;L/ha;;;Soja geneticamente modificada;1;Tabela Soja GM -- Plantas Infestantes Perenes/tolerantes;validado_bula;;
1719;Topatudo;1719.pdf;9;Capim-massambará;Sorghum halepense;2.0;5.0;L/ha;50.0;200.0;L/ha;;;Soja geneticamente modificada;1;Tabela Soja GM -- Plantas Infestantes Perenes/tolerantes;validado_bula;;
1719;Topatudo;1719.pdf;9;Capim-rabo-de-burro;Andropogon bicornis;3.0;5.0;L/ha;50.0;200.0;L/ha;;;Soja geneticamente modificada;1;Tabela Soja GM -- Plantas Infestantes Perenes/tolerantes;validado_bula;;
1719;Topatudo;1719.pdf;9;Carrapicho-rasteiro;Acanthospermum australe;2.0;3.0;L/ha;50.0;200.0;L/ha;;;Soja geneticamente modificada;1;Tabela Soja GM -- Plantas Infestantes Perenes/tolerantes;validado_bula;;
1719;Topatudo;1719.pdf;9;Carrapicho-rasteiro;Acanthospermum hispidum;2.0;3.0;L/ha;50.0;200.0;L/ha;1;;Soja geneticamente modificada;1;Tabela Soja GM -- Época (DAE) / Estágio de Crescimento;validado_bula;;
1719;Topatudo;1719.pdf;9;Caruru-roxo;Amaranthus hybridus;2.0;3.0;L/ha;50.0;200.0;L/ha;1;;Soja geneticamente modificada;1;Tabela Soja GM -- Época (DAE) / Estágio de Crescimento;validado_bula;;
1719;Topatudo;1719.pdf;9;Cheirosa;Hyptis suaveolens;1.5;2.0;L/ha;50.0;200.0;L/ha;;;Soja geneticamente modificada;1;Tabela Soja GM -- Plantas Infestantes Perenes/tolerantes;validado_bula;;
1719;Topatudo;1719.pdf;9;Corda-de-viola;Ipomoea grandifolia;2.0;3.5;L/ha;50.0;200.0;L/ha;1;;Soja geneticamente modificada;1;Tabela Soja GM -- Época (DAE) / Estágio de Crescimento;validado_bula;;
1719;Topatudo;1719.pdf;9;Corda-de-viola;Ipomoea nil;3.0;3.5;L/ha;50.0;200.0;L/ha;1;;Soja geneticamente modificada;1;Tabela Soja GM -- Época (DAE) / Estágio de Crescimento;validado_bula;;
1719;Topatudo;1719.pdf;9;Corda-de-viola;Ipomoea purpurea;3.0;3.0;L/ha;50.0;200.0;L/ha;;;Soja geneticamente modificada;1;Tabela Soja GM -- Plantas Infestantes Perenes/tolerantes;validado_bula;;
1719;Topatudo;1719.pdf;9;Falsa-serralha;Emilia sonchifolia;2.0;3.0;L/ha;50.0;200.0;L/ha;1;;Soja geneticamente modificada;1;Tabela Soja GM -- Época (DAE) / Estágio de Crescimento;validado_bula;;
1719;Topatudo;1719.pdf;9;Falso-cominho;Fimbristylis miliacea;4.0;6.0;L/ha;50.0;200.0;L/ha;;;Soja geneticamente modificada;1;Tabela Soja GM -- Plantas Infestantes Perenes/tolerantes;validado_bula;;
1719;Topatudo;1719.pdf;9;Grama-seda;Cynodon dactylon;3.0;5.0;L/ha;50.0;200.0;L/ha;;;Soja geneticamente modificada;1;Tabela Soja GM -- Plantas Infestantes Perenes/tolerantes;validado_bula;;
1719;Topatudo;1719.pdf;9;Guanxuma;Sida rhombifolia;2.0;3.5;L/ha;50.0;200.0;L/ha;1;;Soja geneticamente modificada;1;Tabela Soja GM -- Época (DAE) / Estágio de Crescimento;validado_bula;;
1719;Topatudo;1719.pdf;9;Guanxuma-branca;Sida glaziovii;2.0;3.5;L/ha;50.0;200.0;L/ha;1;;Soja geneticamente modificada;1;Tabela Soja GM -- Época (DAE) / Estágio de Crescimento;validado_bula;;
1719;Topatudo;1719.pdf;9;Malva-branca;Sida cordiofolia;2.0;3.0;L/ha;50.0;200.0;L/ha;;;Soja geneticamente modificada;1;Tabela Soja GM -- Plantas Infestantes Perenes/tolerantes;validado_bula;;
1719;Topatudo;1719.pdf;9;Mentrasto;Ageratum conyzoides;1.5;2.0;L/ha;50.0;200.0;L/ha;;;Soja geneticamente modificada;1;Tabela Soja GM -- Plantas Infestantes Perenes/tolerantes;validado_bula;;
1719;Topatudo;1719.pdf;9;Picão-preto;Bidens pilosa;2.0;3.0;L/ha;50.0;200.0;L/ha;1;;Soja geneticamente modificada;1;Tabela Soja GM -- Época (DAE) / Estágio de Crescimento;validado_bula;;
1719;Topatudo;1719.pdf;9;Tiririca;Cyperus rotundus;3.0;5.0;L/ha;50.0;200.0;L/ha;;;Soja geneticamente modificada;1;Tabela Soja GM -- Plantas Infestantes Perenes/tolerantes;validado_bula;;
1719;Topatudo;1719.pdf;9;Trapoeraba;Commelina benghalensis;3.0;3.5;L/ha;50.0;200.0;L/ha;1;;Soja geneticamente modificada;1;Tabela Soja GM -- Época (DAE) / Estágio de Crescimento;validado_bula;;
1719;Topatudo;1719.pdf;9;Trigo;Triticum aestivum;4.0;6.0;L/ha;50.0;200.0;L/ha;;;Soja geneticamente modificada;1;Tabela Soja GM -- Plantas Infestantes Perenes/tolerantes;validado_bula;;
1719;Topatudo;1719.pdf;9;Vassourinha;Baccharis dracunculifolia;6.0;6.0;L/ha;50.0;200.0;L/ha;;;Soja geneticamente modificada;1;Tabela Soja GM -- Plantas Infestantes Perenes/tolerantes;validado_bula;;
1719;Topatudo;1719.pdf;10;;;1.0;2.0;L/ha;50.0;250.0;L/ha;1;;Soja;1;SOJA | 1,0 – 2,0 | 50 – 250 | 1 -- aplicação na pré-colheita para dessecação;manual_review;;
1719;Topatudo;1719.pdf;10;Amendoim-bravo;Euphorbia heterophylla;2.67;3.0;L/ha;50.0;200.0;L/ha;2;cerca de 15 dias;Milho geneticamente modificado;1;Milho Geneticamente Modificado Tolerante ao Glifosato -- tabela de doses;validado_bula;;
1719;Topatudo;1719.pdf;10;Apaga-fogo;Alternanthera tenella;1.33;2.0;L/ha;50.0;200.0;L/ha;1;;Algodão geneticamente modificado;1;Algodão Geneticamente Modificado Tolerante ao Glifosato -- tabela de doses;validado_bula;;
1719;Topatudo;1719.pdf;10;Apaga-fogo;Alternanthera tenella;2.0;2.67;L/ha;50.0;200.0;L/ha;2;cerca de 15 dias;Milho geneticamente modificado;1;Milho Geneticamente Modificado Tolerante ao Glifosato -- tabela de doses;validado_bula;;
1719;Topatudo;1719.pdf;10;Beldroega;Portulaca oleracea;2.67;3.0;L/ha;50.0;200.0;L/ha;2;cerca de 15 dias;Milho geneticamente modificado;1;Milho Geneticamente Modificado Tolerante ao Glifosato -- tabela de doses;validado_bula;;
1719;Topatudo;1719.pdf;10;Braquiarão;Brachiaria brizantha;1.6;1.6;L/ha;50.0;200.0;L/ha;2;cerca de 15 dias;Milho geneticamente modificado;1;Milho Geneticamente Modificado Tolerante ao Glifosato -- tabela de doses;validado_bula;;
1719;Topatudo;1719.pdf;10;Capim-carrapicho;Cenchrus echinatus;1.33;2.0;L/ha;50.0;200.0;L/ha;1;;Algodão geneticamente modificado;1;Algodão Geneticamente Modificado Tolerante ao Glifosato -- tabela de doses;validado_bula;;
1719;Topatudo;1719.pdf;10;Capim-carrapicho;Cenchrus echinatus;1.6;2.67;L/ha;50.0;200.0;L/ha;2;cerca de 15 dias;Milho geneticamente modificado;1;Milho Geneticamente Modificado Tolerante ao Glifosato -- tabela de doses;validado_bula;;
1719;Topatudo;1719.pdf;10;Capim-colchão;Digitaria horizontalis;1.6;2.67;L/ha;50.0;200.0;L/ha;2;cerca de 15 dias;Milho geneticamente modificado;1;Milho Geneticamente Modificado Tolerante ao Glifosato -- tabela de doses;validado_bula;;
1719;Topatudo;1719.pdf;10;Capim-marmelada;Brachiaria plantaginea;1.6;1.6;L/ha;50.0;200.0;L/ha;2;cerca de 15 dias;Milho geneticamente modificado;1;Milho Geneticamente Modificado Tolerante ao Glifosato -- tabela de doses;validado_bula;;
1719;Topatudo;1719.pdf;10;Capim-pé-de-galinha;Eleusine indica;1.33;2.67;L/ha;50.0;200.0;L/ha;1;;Algodão geneticamente modificado;1;Algodão Geneticamente Modificado Tolerante ao Glifosato -- tabela de doses;validado_bula;;
1719;Topatudo;1719.pdf;10;Capim-pé-de-galinha;Eleusine indica;1.6;2.67;L/ha;50.0;200.0;L/ha;2;cerca de 15 dias;Milho geneticamente modificado;1;Milho Geneticamente Modificado Tolerante ao Glifosato -- tabela de doses;validado_bula;;
1719;Topatudo;1719.pdf;10;Caruru-de-mancha;Amaranthus viridis;1.33;2.0;L/ha;50.0;200.0;L/ha;1;;Algodão geneticamente modificado;1;Algodão Geneticamente Modificado Tolerante ao Glifosato -- tabela de doses;validado_bula;;
1719;Topatudo;1719.pdf;10;Caruru-de-mancha;Amaranthus viridis;2.0;2.67;L/ha;50.0;200.0;L/ha;2;cerca de 15 dias;Milho geneticamente modificado;1;Milho Geneticamente Modificado Tolerante ao Glifosato -- tabela de doses;validado_bula;;
1719;Topatudo;1719.pdf;10;Corda-de-viola;Ipomoea nil;2.67;2.67;L/ha;50.0;200.0;L/ha;1;;Algodão geneticamente modificado;1;Algodão Geneticamente Modificado Tolerante ao Glifosato -- tabela de doses;validado_bula;;
1719;Topatudo;1719.pdf;10;Erva-de-santa-luzia;Chamaesyce hirta;2.0;2.67;L/ha;50.0;200.0;L/ha;2;cerca de 15 dias;Milho geneticamente modificado;1;Milho Geneticamente Modificado Tolerante ao Glifosato -- tabela de doses;validado_bula;;
1719;Topatudo;1719.pdf;10;Nabiça;Raphanus raphanistrum;2.67;3.0;L/ha;50.0;200.0;L/ha;2;cerca de 15 dias;Milho geneticamente modificado;1;Milho Geneticamente Modificado Tolerante ao Glifosato -- tabela de doses;validado_bula;;
1719;Topatudo;1719.pdf;10;Picão-branco;Galinsoga parviflora;2.67;3.0;L/ha;50.0;200.0;L/ha;2;cerca de 15 dias;Milho geneticamente modificado;1;Milho Geneticamente Modificado Tolerante ao Glifosato -- tabela de doses;validado_bula;;
1719;Topatudo;1719.pdf;10;Poaia-branca;Richardia brasiliensis;2.67;3.0;L/ha;50.0;200.0;L/ha;2;cerca de 15 dias;Milho geneticamente modificado;1;Milho Geneticamente Modificado Tolerante ao Glifosato -- tabela de doses;validado_bula;;
1719;Topatudo;1719.pdf;10;Trapoeraba;Commelina benghalensis;2.0;2.67;L/ha;50.0;200.0;L/ha;2;cerca de 15 dias;Milho geneticamente modificado;1;Milho Geneticamente Modificado Tolerante ao Glifosato -- tabela de doses;validado_bula;;
1719;Topatudo;1719.pdf;10;Trapoeraba;Commelina benghalensis;2.67;2.67;L/ha;50.0;200.0;L/ha;1;;Algodão geneticamente modificado;1;Algodão Geneticamente Modificado Tolerante ao Glifosato -- tabela de doses;validado_bula;;
195;Aminol 806;195.pdf;4;Amendoim-bravo;Euphorbia heterophylla;0.5;1.5;L/ha;150.0;300.0;L/ha;1;;Arroz;1;Arroz | ALVO BIOLÓGICO (20 espécies) | 0,5 a 1,5 L/ha | Terrestre: 150 a 300 L/ha | Máximo de 1 aplicação por ciclo;validado;;
195;Aminol 806;195.pdf;4;Beldroega;Portulaca oleracea;0.5;1.5;L/ha;150.0;300.0;L/ha;1;;Arroz;1;Arroz | ALVO BIOLÓGICO (20 espécies) | 0,5 a 1,5 L/ha | Terrestre: 150 a 300 L/ha | Máximo de 1 aplicação por ciclo;validado;;
195;Aminol 806;195.pdf;4;Carrapicho-de-carneiro;Acanthospermum hispidum;0.5;1.5;L/ha;150.0;300.0;L/ha;1;;Arroz;1;Arroz | ALVO BIOLÓGICO (20 espécies) | 0,5 a 1,5 L/ha | Terrestre: 150 a 300 L/ha | Máximo de 1 aplicação por ciclo;validado;;
195;Aminol 806;195.pdf;4;Caruru-de-espinho;Amaranthus spinosus;0.5;1.5;L/ha;150.0;300.0;L/ha;1;;Arroz;1;Arroz | ALVO BIOLÓGICO (20 espécies) | 0,5 a 1,5 L/ha | Terrestre: 150 a 300 L/ha | Máximo de 1 aplicação por ciclo;validado;;
195;Aminol 806;195.pdf;4;Caruru-de-mancha;Amaranthus viridis;0.5;1.5;L/ha;150.0;300.0;L/ha;1;;Arroz;1;Arroz | ALVO BIOLÓGICO (20 espécies) | 0,5 a 1,5 L/ha | Terrestre: 150 a 300 L/ha | Máximo de 1 aplicação por ciclo;validado;;
195;Aminol 806;195.pdf;4;Caruru-rasteiro;Amaranthus deflexus;0.5;1.5;L/ha;150.0;300.0;L/ha;1;;Arroz;1;Arroz | ALVO BIOLÓGICO (20 espécies) | 0,5 a 1,5 L/ha | Terrestre: 150 a 300 L/ha | Máximo de 1 aplicação por ciclo;validado;;
195;Aminol 806;195.pdf;4;Caruru-roxo;Amaranthus hybridus;0.5;1.5;L/ha;150.0;300.0;L/ha;1;;Arroz;1;Arroz | ALVO BIOLÓGICO (20 espécies) | 0,5 a 1,5 L/ha | Terrestre: 150 a 300 L/ha | Máximo de 1 aplicação por ciclo;validado;;
195;Aminol 806;195.pdf;4;Corda-de-viola;Ipomoea aristolochiaefolia;0.5;1.5;L/ha;150.0;300.0;L/ha;1;;Arroz;1;Arroz | ALVO BIOLÓGICO (20 espécies) | 0,5 a 1,5 L/ha | Terrestre: 150 a 300 L/ha | Máximo de 1 aplicação por ciclo;validado;;
195;Aminol 806;195.pdf;4;Corda-de-viola;Ipomoea purpurea;0.5;1.5;L/ha;150.0;300.0;L/ha;1;;Arroz;1;Arroz | ALVO BIOLÓGICO (20 espécies) | 0,5 a 1,5 L/ha | Terrestre: 150 a 300 L/ha | Máximo de 1 aplicação por ciclo;validado;;
195;Aminol 806;195.pdf;4;Guanxuma;Sida rhombifolia;0.5;1.5;L/ha;150.0;300.0;L/ha;1;;Arroz;1;Arroz | ALVO BIOLÓGICO (20 espécies) | 0,5 a 1,5 L/ha | Terrestre: 150 a 300 L/ha | Máximo de 1 aplicação por ciclo;validado;;
195;Aminol 806;195.pdf;4;Mastruz;Lepidium virginicum;0.5;1.5;L/ha;150.0;300.0;L/ha;1;;Arroz;1;Arroz | ALVO BIOLÓGICO (20 espécies) | 0,5 a 1,5 L/ha | Terrestre: 150 a 300 L/ha | Máximo de 1 aplicação por ciclo;validado;;
195;Aminol 806;195.pdf;4;Mentrasto;Ageratum conyzoides;0.5;1.5;L/ha;150.0;300.0;L/ha;1;;Arroz;1;Arroz | ALVO BIOLÓGICO (20 espécies) | 0,5 a 1,5 L/ha | Terrestre: 150 a 300 L/ha | Máximo de 1 aplicação por ciclo;validado;;
195;Aminol 806;195.pdf;4;Mostarda;Brassica rapa;0.5;1.5;L/ha;150.0;300.0;L/ha;1;;Arroz;1;Arroz | ALVO BIOLÓGICO (20 espécies) | 0,5 a 1,5 L/ha | Terrestre: 150 a 300 L/ha | Máximo de 1 aplicação por ciclo;validado;;
195;Aminol 806;195.pdf;4;Nabo-bravo;Raphanus raphanistrum;0.5;1.5;L/ha;150.0;300.0;L/ha;1;;Arroz;1;Arroz | ALVO BIOLÓGICO (20 espécies) | 0,5 a 1,5 L/ha | Terrestre: 150 a 300 L/ha | Máximo de 1 aplicação por ciclo;validado;;
195;Aminol 806;195.pdf;4;Picão-branco;Galinsoga parviflora;0.5;1.5;L/ha;150.0;300.0;L/ha;1;;Arroz;1;Arroz | ALVO BIOLÓGICO (20 espécies) | 0,5 a 1,5 L/ha | Terrestre: 150 a 300 L/ha | Máximo de 1 aplicação por ciclo;validado;;
195;Aminol 806;195.pdf;4;Picão-preto;Bidens pilosa;0.5;1.5;L/ha;150.0;300.0;L/ha;1;;Arroz;1;Arroz | ALVO BIOLÓGICO (20 espécies) | 0,5 a 1,5 L/ha | Terrestre: 150 a 300 L/ha | Máximo de 1 aplicação por ciclo;validado;;
195;Aminol 806;195.pdf;4;Poaia-branca;Richardia brasiliensis;0.5;1.5;L/ha;150.0;300.0;L/ha;1;;Arroz;1;Arroz | ALVO BIOLÓGICO (20 espécies) | 0,5 a 1,5 L/ha | Terrestre: 150 a 300 L/ha | Máximo de 1 aplicação por ciclo;validado;;
195;Aminol 806;195.pdf;4;Rubim;Leonorus sibiricus;0.5;1.5;L/ha;150.0;300.0;L/ha;1;;Arroz;1;Arroz | ALVO BIOLÓGICO (20 espécies) | 0,5 a 1,5 L/ha | Terrestre: 150 a 300 L/ha | Máximo de 1 aplicação por ciclo;validado_bula;;
195;Aminol 806;195.pdf;4;Serralha;Sonchus oleraceus;0.5;1.5;L/ha;150.0;300.0;L/ha;1;;Arroz;1;Arroz | ALVO BIOLÓGICO (20 espécies) | 0,5 a 1,5 L/ha | Terrestre: 150 a 300 L/ha | Máximo de 1 aplicação por ciclo;validado;;
195;Aminol 806;195.pdf;4;Trapoeraba;Commelina benghalensis;0.5;1.5;L/ha;150.0;300.0;L/ha;1;;Arroz;1;Arroz | ALVO BIOLÓGICO (20 espécies) | 0,5 a 1,5 L/ha | Terrestre: 150 a 300 L/ha | Máximo de 1 aplicação por ciclo;validado;;
195;Aminol 806;195.pdf;5;Amendoim-bravo;Euphorbia heterophylla;0.5;0.75;L/ha;150.0;300.0;L/ha;1;;Aveia, Centeio, Cevada, Trigo, Triticale;1;Aveia Centeio Cevada Trigo Triticale | ALVO BIOLÓGICO (20 espécies) | 0,5 a 0,75 L/ha | Terrestre: 150 a 300 L/ha | Máx.;validado_bula;;
195;Aminol 806;195.pdf;5;Amendoim-bravo;Euphorbia heterophylla;1.0;1.5;L/ha;150.0;300.0;L/ha;1;;Café;1;Café | ALVO BIOLÓGICO (20 espécies) | 1,0 a 1,5 L/ha | Terrestre: 150 a 300 L/ha | Máximo de 1 aplicação por ciclo;validado;;
195;Aminol 806;195.pdf;5;Beldroega;Portulaca oleracea;0.5;0.75;L/ha;150.0;300.0;L/ha;1;;Aveia, Centeio, Cevada, Trigo, Triticale;1;Aveia Centeio Cevada Trigo Triticale | ALVO BIOLÓGICO (20 espécies) | 0,5 a 0,75 L/ha | Terrestre: 150 a 300 L/ha | Máx.;validado_bula;;
195;Aminol 806;195.pdf;5;Beldroega;Portulaca oleracea;1.0;1.5;L/ha;150.0;300.0;L/ha;1;;Café;1;Café | ALVO BIOLÓGICO (20 espécies) | 1,0 a 1,5 L/ha | Terrestre: 150 a 300 L/ha | Máximo de 1 aplicação por ciclo;validado;;
195;Aminol 806;195.pdf;5;Carrapicho-de-carneiro;Acanthospermum hispidum;0.5;0.75;L/ha;150.0;300.0;L/ha;1;;Aveia, Centeio, Cevada, Trigo, Triticale;1;Aveia Centeio Cevada Trigo Triticale | ALVO BIOLÓGICO (20 espécies) | 0,5 a 0,75 L/ha | Terrestre: 150 a 300 L/ha | Máx.;validado_bula;;
195;Aminol 806;195.pdf;5;Carrapicho-de-carneiro;Acanthospermum hispidum;1.0;1.5;L/ha;150.0;300.0;L/ha;1;;Café;1;Café | ALVO BIOLÓGICO (20 espécies) | 1,0 a 1,5 L/ha | Terrestre: 150 a 300 L/ha | Máximo de 1 aplicação por ciclo;validado;;
195;Aminol 806;195.pdf;5;Caruru-de-espinho;Amaranthus spinosus;0.5;0.75;L/ha;150.0;300.0;L/ha;1;;Aveia, Centeio, Cevada, Trigo, Triticale;1;Aveia Centeio Cevada Trigo Triticale | ALVO BIOLÓGICO (20 espécies) | 0,5 a 0,75 L/ha | Terrestre: 150 a 300 L/ha | Máx.;validado_bula;;
195;Aminol 806;195.pdf;5;Caruru-de-espinho;Amaranthus spinosus;1.0;1.5;L/ha;150.0;300.0;L/ha;1;;Café;1;Café | ALVO BIOLÓGICO (20 espécies) | 1,0 a 1,5 L/ha | Terrestre: 150 a 300 L/ha | Máximo de 1 aplicação por ciclo;validado;;
195;Aminol 806;195.pdf;5;Caruru-de-mancha;Amaranthus viridis;0.5;0.75;L/ha;150.0;300.0;L/ha;1;;Aveia, Centeio, Cevada, Trigo, Triticale;1;Aveia Centeio Cevada Trigo Triticale | ALVO BIOLÓGICO (20 espécies) | 0,5 a 0,75 L/ha | Terrestre: 150 a 300 L/ha | Máx.;validado_bula;;
195;Aminol 806;195.pdf;5;Caruru-de-mancha;Amaranthus viridis;1.0;1.5;L/ha;150.0;300.0;L/ha;1;;Café;1;Café | ALVO BIOLÓGICO (20 espécies) | 1,0 a 1,5 L/ha | Terrestre: 150 a 300 L/ha | Máximo de 1 aplicação por ciclo;validado;;
195;Aminol 806;195.pdf;5;Caruru-rasteiro;Amaranthus deflexus;0.5;0.75;L/ha;150.0;300.0;L/ha;1;;Aveia, Centeio, Cevada, Trigo, Triticale;1;Aveia Centeio Cevada Trigo Triticale | ALVO BIOLÓGICO (20 espécies) | 0,5 a 0,75 L/ha | Terrestre: 150 a 300 L/ha | Máx.;validado_bula;;
195;Aminol 806;195.pdf;5;Caruru-rasteiro;Amaranthus deflexus;1.0;1.5;L/ha;150.0;300.0;L/ha;1;;Café;1;Café | ALVO BIOLÓGICO (20 espécies) | 1,0 a 1,5 L/ha | Terrestre: 150 a 300 L/ha | Máximo de 1 aplicação por ciclo;validado;;
195;Aminol 806;195.pdf;5;Caruru-roxo;Amaranthus hybridus;0.5;0.75;L/ha;150.0;300.0;L/ha;1;;Aveia, Centeio, Cevada, Trigo, Triticale;1;Aveia Centeio Cevada Trigo Triticale | ALVO BIOLÓGICO (20 espécies) | 0,5 a 0,75 L/ha | Terrestre: 150 a 300 L/ha | Máx.;validado_bula;;
195;Aminol 806;195.pdf;5;Caruru-roxo;Amaranthus hybridus;1.0;1.5;L/ha;150.0;300.0;L/ha;1;;Café;1;Café | ALVO BIOLÓGICO (20 espécies) | 1,0 a 1,5 L/ha | Terrestre: 150 a 300 L/ha | Máximo de 1 aplicação por ciclo;validado;;
195;Aminol 806;195.pdf;5;Corda-de-viola;Ipomoea aristolochiaefolia;0.5;0.75;L/ha;150.0;300.0;L/ha;1;;Aveia, Centeio, Cevada, Trigo, Triticale;1;Aveia Centeio Cevada Trigo Triticale | ALVO BIOLÓGICO (20 espécies) | 0,5 a 0,75 L/ha | Terrestre: 150 a 300 L/ha | Máx.;validado_bula;;
195;Aminol 806;195.pdf;5;Corda-de-viola;Ipomoea aristolochiaefolia;1.0;1.5;L/ha;150.0;300.0;L/ha;1;;Café;1;Café | ALVO BIOLÓGICO (20 espécies) | 1,0 a 1,5 L/ha | Terrestre: 150 a 300 L/ha | Máximo de 1 aplicação por ciclo;validado;;
195;Aminol 806;195.pdf;5;Corda-de-viola;Ipomoea purpurea;0.5;0.75;L/ha;150.0;300.0;L/ha;1;;Aveia, Centeio, Cevada, Trigo, Triticale;1;Aveia Centeio Cevada Trigo Triticale | ALVO BIOLÓGICO (20 espécies) | 0,5 a 0,75 L/ha | Terrestre: 150 a 300 L/ha | Máx.;validado_bula;;
195;Aminol 806;195.pdf;5;Corda-de-viola;Ipomoea purpurea;1.0;1.5;L/ha;150.0;300.0;L/ha;1;;Café;1;Café | ALVO BIOLÓGICO (20 espécies) | 1,0 a 1,5 L/ha | Terrestre: 150 a 300 L/ha | Máximo de 1 aplicação por ciclo;validado;;
195;Aminol 806;195.pdf;5;Guanxuma;Sida rhombifolia;0.5;0.75;L/ha;150.0;300.0;L/ha;1;;Aveia, Centeio, Cevada, Trigo, Triticale;1;Aveia Centeio Cevada Trigo Triticale | ALVO BIOLÓGICO (20 espécies) | 0,5 a 0,75 L/ha | Terrestre: 150 a 300 L/ha | Máx.;validado_bula;;
195;Aminol 806;195.pdf;5;Guanxuma;Sida rhombifolia;1.0;1.5;L/ha;150.0;300.0;L/ha;1;;Café;1;Café | ALVO BIOLÓGICO (20 espécies) | 1,0 a 1,5 L/ha | Terrestre: 150 a 300 L/ha | Máximo de 1 aplicação por ciclo;validado;;
195;Aminol 806;195.pdf;5;Mastruz;Lepidium virginicum;0.5;0.75;L/ha;150.0;300.0;L/ha;1;;Aveia, Centeio, Cevada, Trigo, Triticale;1;Aveia Centeio Cevada Trigo Triticale | ALVO BIOLÓGICO (20 espécies) | 0,5 a 0,75 L/ha | Terrestre: 150 a 300 L/ha | Máx.;validado_bula;;
195;Aminol 806;195.pdf;5;Mastruz;Lepidium virginicum;1.0;1.5;L/ha;150.0;300.0;L/ha;1;;Café;1;Café | ALVO BIOLÓGICO (20 espécies) | 1,0 a 1,5 L/ha | Terrestre: 150 a 300 L/ha | Máximo de 1 aplicação por ciclo;validado;;
195;Aminol 806;195.pdf;5;Mentrasto;Ageratum conyzoides;0.5;0.75;L/ha;150.0;300.0;L/ha;1;;Aveia, Centeio, Cevada, Trigo, Triticale;1;Aveia Centeio Cevada Trigo Triticale | ALVO BIOLÓGICO (20 espécies) | 0,5 a 0,75 L/ha | Terrestre: 150 a 300 L/ha | Máx.;validado_bula;;
195;Aminol 806;195.pdf;5;Mentrasto;Ageratum conyzoides;1.0;1.5;L/ha;150.0;300.0;L/ha;1;;Café;1;Café | ALVO BIOLÓGICO (20 espécies) | 1,0 a 1,5 L/ha | Terrestre: 150 a 300 L/ha | Máximo de 1 aplicação por ciclo;validado;;
195;Aminol 806;195.pdf;5;Mostarda;Brassica rapa;0.5;0.75;L/ha;150.0;300.0;L/ha;1;;Aveia, Centeio, Cevada, Trigo, Triticale;1;Aveia Centeio Cevada Trigo Triticale | ALVO BIOLÓGICO (20 espécies) | 0,5 a 0,75 L/ha | Terrestre: 150 a 300 L/ha | Máx.;validado_bula;;
195;Aminol 806;195.pdf;5;Mostarda;Brassica rapa;1.0;1.5;L/ha;150.0;300.0;L/ha;1;;Café;1;Café | ALVO BIOLÓGICO (20 espécies) | 1,0 a 1,5 L/ha | Terrestre: 150 a 300 L/ha | Máximo de 1 aplicação por ciclo;validado;;
195;Aminol 806;195.pdf;5;Nabo-bravo;Raphanus raphanistrum;0.5;0.75;L/ha;150.0;300.0;L/ha;1;;Aveia, Centeio, Cevada, Trigo, Triticale;1;Aveia Centeio Cevada Trigo Triticale | ALVO BIOLÓGICO (20 espécies) | 0,5 a 0,75 L/ha | Terrestre: 150 a 300 L/ha | Máx.;validado_bula;;
195;Aminol 806;195.pdf;5;Nabo-bravo;Raphanus raphanistrum;1.0;1.5;L/ha;150.0;300.0;L/ha;1;;Café;1;Café | ALVO BIOLÓGICO (20 espécies) | 1,0 a 1,5 L/ha | Terrestre: 150 a 300 L/ha | Máximo de 1 aplicação por ciclo;validado;;
195;Aminol 806;195.pdf;5;Picão-branco;Galinsoga parviflora;0.5;0.75;L/ha;150.0;300.0;L/ha;1;;Aveia, Centeio, Cevada, Trigo, Triticale;1;Aveia Centeio Cevada Trigo Triticale | ALVO BIOLÓGICO (20 espécies) | 0,5 a 0,75 L/ha | Terrestre: 150 a 300 L/ha | Máx.;validado_bula;;
195;Aminol 806;195.pdf;5;Picão-branco;Galinsoga parviflora;1.0;1.5;L/ha;150.0;300.0;L/ha;1;;Café;1;Café | ALVO BIOLÓGICO (20 espécies) | 1,0 a 1,5 L/ha | Terrestre: 150 a 300 L/ha | Máximo de 1 aplicação por ciclo;validado;;
195;Aminol 806;195.pdf;5;Picão-preto;Bidens pilosa;0.5;0.75;L/ha;150.0;300.0;L/ha;1;;Aveia, Centeio, Cevada, Trigo, Triticale;1;Aveia Centeio Cevada Trigo Triticale | ALVO BIOLÓGICO (20 espécies) | 0,5 a 0,75 L/ha | Terrestre: 150 a 300 L/ha | Máx.;validado_bula;;
195;Aminol 806;195.pdf;5;Picão-preto;Bidens pilosa;1.0;1.5;L/ha;150.0;300.0;L/ha;1;;Café;1;Café | ALVO BIOLÓGICO (20 espécies) | 1,0 a 1,5 L/ha | Terrestre: 150 a 300 L/ha | Máximo de 1 aplicação por ciclo;validado;;
195;Aminol 806;195.pdf;5;Poaia-branca;Richardia brasiliensis;0.5;0.75;L/ha;150.0;300.0;L/ha;1;;Aveia, Centeio, Cevada, Trigo, Triticale;1;Aveia Centeio Cevada Trigo Triticale | ALVO BIOLÓGICO (20 espécies) | 0,5 a 0,75 L/ha | Terrestre: 150 a 300 L/ha | Máx.;validado_bula;;
195;Aminol 806;195.pdf;5;Poaia-branca;Richardia brasiliensis;1.0;1.5;L/ha;150.0;300.0;L/ha;1;;Café;1;Café | ALVO BIOLÓGICO (20 espécies) | 1,0 a 1,5 L/ha | Terrestre: 150 a 300 L/ha | Máximo de 1 aplicação por ciclo;validado;;
195;Aminol 806;195.pdf;5;Rubim;Leonorus sibiricus;0.5;0.75;L/ha;150.0;300.0;L/ha;1;;Aveia, Centeio, Cevada, Trigo, Triticale;1;Aveia Centeio Cevada Trigo Triticale | ALVO BIOLÓGICO (20 espécies) | 0,5 a 0,75 L/ha | Terrestre: 150 a 300 L/ha | Máx.;validado_bula;;
195;Aminol 806;195.pdf;5;Rubim;Leonorus sibiricus;1.0;1.5;L/ha;150.0;300.0;L/ha;1;;Café;1;Café | ALVO BIOLÓGICO (20 espécies) | 1,0 a 1,5 L/ha | Terrestre: 150 a 300 L/ha | Máximo de 1 aplicação por ciclo;validado_bula;;
195;Aminol 806;195.pdf;5;Serralha;Sonchus oleraceus;0.5;0.75;L/ha;150.0;300.0;L/ha;1;;Aveia, Centeio, Cevada, Trigo, Triticale;1;Aveia Centeio Cevada Trigo Triticale | ALVO BIOLÓGICO (20 espécies) | 0,5 a 0,75 L/ha | Terrestre: 150 a 300 L/ha | Máx.;validado_bula;;
195;Aminol 806;195.pdf;5;Serralha;Sonchus oleraceus;1.0;1.5;L/ha;150.0;300.0;L/ha;1;;Café;1;Café | ALVO BIOLÓGICO (20 espécies) | 1,0 a 1,5 L/ha | Terrestre: 150 a 300 L/ha | Máximo de 1 aplicação por ciclo;validado;;
195;Aminol 806;195.pdf;5;Trapoeraba;Commelina benghalensis;0.5;0.75;L/ha;150.0;300.0;L/ha;1;;Aveia, Centeio, Cevada, Trigo, Triticale;1;Aveia Centeio Cevada Trigo Triticale | ALVO BIOLÓGICO (20 espécies) | 0,5 a 0,75 L/ha | Terrestre: 150 a 300 L/ha | Máx.;validado_bula;;
195;Aminol 806;195.pdf;5;Trapoeraba;Commelina benghalensis;1.0;1.5;L/ha;150.0;300.0;L/ha;1;;Café;1;Café | ALVO BIOLÓGICO (20 espécies) | 1,0 a 1,5 L/ha | Terrestre: 150 a 300 L/ha | Máximo de 1 aplicação por ciclo;validado;;
195;Aminol 806;195.pdf;6;Amendoim-bravo;Euphorbia heterophylla;0.5;1.5;L/ha;150.0;300.0;L/ha;1;;Cana-de-açúcar;1;Cana-de-açúcar | ALVO BIOLÓGICO (20 espécies) | 0,5 a 1,5 L/ha | Terrestre: 150 a 300 L/ha | Máximo de 1 aplicação por c;validado;;
195;Aminol 806;195.pdf;6;Beldroega;Portulaca oleracea;0.5;1.5;L/ha;150.0;300.0;L/ha;1;;Cana-de-açúcar;1;Cana-de-açúcar | ALVO BIOLÓGICO (20 espécies) | 0,5 a 1,5 L/ha | Terrestre: 150 a 300 L/ha | Máximo de 1 aplicação por c;validado;;
195;Aminol 806;195.pdf;6;Carrapicho-de-carneiro;Acanthospermum hispidum;0.5;1.5;L/ha;150.0;300.0;L/ha;1;;Cana-de-açúcar;1;Cana-de-açúcar | ALVO BIOLÓGICO (20 espécies) | 0,5 a 1,5 L/ha | Terrestre: 150 a 300 L/ha | Máximo de 1 aplicação por c;validado;;
195;Aminol 806;195.pdf;6;Caruru-de-espinho;Amaranthus spinosus;0.5;1.5;L/ha;150.0;300.0;L/ha;1;;Cana-de-açúcar;1;Cana-de-açúcar | ALVO BIOLÓGICO (20 espécies) | 0,5 a 1,5 L/ha | Terrestre: 150 a 300 L/ha | Máximo de 1 aplicação por c;validado;;
195;Aminol 806;195.pdf;6;Caruru-de-mancha;Amaranthus viridis;0.5;1.5;L/ha;150.0;300.0;L/ha;1;;Cana-de-açúcar;1;Cana-de-açúcar | ALVO BIOLÓGICO (20 espécies) | 0,5 a 1,5 L/ha | Terrestre: 150 a 300 L/ha | Máximo de 1 aplicação por c;validado;;
195;Aminol 806;195.pdf;6;Caruru-rasteiro;Amaranthus deflexus;0.5;1.5;L/ha;150.0;300.0;L/ha;1;;Cana-de-açúcar;1;Cana-de-açúcar | ALVO BIOLÓGICO (20 espécies) | 0,5 a 1,5 L/ha | Terrestre: 150 a 300 L/ha | Máximo de 1 aplicação por c;validado;;
195;Aminol 806;195.pdf;6;Caruru-roxo;Amaranthus hybridus;0.5;1.5;L/ha;150.0;300.0;L/ha;1;;Cana-de-açúcar;1;Cana-de-açúcar | ALVO BIOLÓGICO (20 espécies) | 0,5 a 1,5 L/ha | Terrestre: 150 a 300 L/ha | Máximo de 1 aplicação por c;validado;;
195;Aminol 806;195.pdf;6;Corda-de-viola;Ipomoea aristolochiaefolia;0.5;1.5;L/ha;150.0;300.0;L/ha;1;;Cana-de-açúcar;1;Cana-de-açúcar | ALVO BIOLÓGICO (20 espécies) | 0,5 a 1,5 L/ha | Terrestre: 150 a 300 L/ha | Máximo de 1 aplicação por c;validado;;
195;Aminol 806;195.pdf;6;Corda-de-viola;Ipomoea purpurea;0.5;1.5;L/ha;150.0;300.0;L/ha;1;;Cana-de-açúcar;1;Cana-de-açúcar | ALVO BIOLÓGICO (20 espécies) | 0,5 a 1,5 L/ha | Terrestre: 150 a 300 L/ha | Máximo de 1 aplicação por c;validado;;
195;Aminol 806;195.pdf;6;Guanxuma;Sida rhombifolia;0.5;1.5;L/ha;150.0;300.0;L/ha;1;;Cana-de-açúcar;1;Cana-de-açúcar | ALVO BIOLÓGICO (20 espécies) | 0,5 a 1,5 L/ha | Terrestre: 150 a 300 L/ha | Máximo de 1 aplicação por c;validado;;
195;Aminol 806;195.pdf;6;Mastruz;Lepidium virginicum;0.5;1.5;L/ha;150.0;300.0;L/ha;1;;Cana-de-açúcar;1;Cana-de-açúcar | ALVO BIOLÓGICO (20 espécies) | 0,5 a 1,5 L/ha | Terrestre: 150 a 300 L/ha | Máximo de 1 aplicação por c;validado;;
195;Aminol 806;195.pdf;6;Mentrasto;Ageratum conyzoides;0.5;1.5;L/ha;150.0;300.0;L/ha;1;;Cana-de-açúcar;1;Cana-de-açúcar | ALVO BIOLÓGICO (20 espécies) | 0,5 a 1,5 L/ha | Terrestre: 150 a 300 L/ha | Máximo de 1 aplicação por c;validado;;
195;Aminol 806;195.pdf;6;Mostarda;Brassica rapa;0.5;1.5;L/ha;150.0;300.0;L/ha;1;;Cana-de-açúcar;1;Cana-de-açúcar | ALVO BIOLÓGICO (20 espécies) | 0,5 a 1,5 L/ha | Terrestre: 150 a 300 L/ha | Máximo de 1 aplicação por c;validado;;
195;Aminol 806;195.pdf;6;Nabo-bravo;Raphanus raphanistrum;0.5;1.5;L/ha;150.0;300.0;L/ha;1;;Cana-de-açúcar;1;Cana-de-açúcar | ALVO BIOLÓGICO (20 espécies) | 0,5 a 1,5 L/ha | Terrestre: 150 a 300 L/ha | Máximo de 1 aplicação por c;validado;;
195;Aminol 806;195.pdf;6;Picão-branco;Galinsoga parviflora;0.5;1.5;L/ha;150.0;300.0;L/ha;1;;Cana-de-açúcar;1;Cana-de-açúcar | ALVO BIOLÓGICO (20 espécies) | 0,5 a 1,5 L/ha | Terrestre: 150 a 300 L/ha | Máximo de 1 aplicação por c;validado;;
195;Aminol 806;195.pdf;6;Picão-preto;Bidens pilosa;0.5;1.5;L/ha;150.0;300.0;L/ha;1;;Cana-de-açúcar;1;Cana-de-açúcar | ALVO BIOLÓGICO (20 espécies) | 0,5 a 1,5 L/ha | Terrestre: 150 a 300 L/ha | Máximo de 1 aplicação por c;validado;;
195;Aminol 806;195.pdf;6;Poaia-branca;Richardia brasiliensis;0.5;1.5;L/ha;150.0;300.0;L/ha;1;;Cana-de-açúcar;1;Cana-de-açúcar | ALVO BIOLÓGICO (20 espécies) | 0,5 a 1,5 L/ha | Terrestre: 150 a 300 L/ha | Máximo de 1 aplicação por c;validado;;
195;Aminol 806;195.pdf;6;Rubim;Leonorus sibiricus;0.5;1.5;L/ha;150.0;300.0;L/ha;1;;Cana-de-açúcar;1;Cana-de-açúcar | ALVO BIOLÓGICO (20 espécies) | 0,5 a 1,5 L/ha | Terrestre: 150 a 300 L/ha | Máximo de 1 aplicação por c;validado_bula;;
195;Aminol 806;195.pdf;6;Serralha;Sonchus oleraceus;0.5;1.5;L/ha;150.0;300.0;L/ha;1;;Cana-de-açúcar;1;Cana-de-açúcar | ALVO BIOLÓGICO (20 espécies) | 0,5 a 1,5 L/ha | Terrestre: 150 a 300 L/ha | Máximo de 1 aplicação por c;validado;;
195;Aminol 806;195.pdf;6;Trapoeraba;Commelina benghalensis;0.5;1.5;L/ha;150.0;300.0;L/ha;1;;Cana-de-açúcar;1;Cana-de-açúcar | ALVO BIOLÓGICO (20 espécies) | 0,5 a 1,5 L/ha | Terrestre: 150 a 300 L/ha | Máximo de 1 aplicação por c;validado;;
195;Aminol 806;195.pdf;7;Amendoim-bravo;Euphorbia heterophylla;0.5;1.5;L/ha;150.0;300.0;L/ha;1;;Milho, Milheto, Sorgo;1;Milho Milheto Sorgo | ALVO BIOLÓGICO (20 espécies) | 0,5 a 1,5 L/ha | Terrestre: 150 a 300 L/ha | Máximo de 1 aplicação ;validado_bula;;
195;Aminol 806;195.pdf;7;Amendoim-bravo;Euphorbia heterophylla;1.0;2.0;L/ha;150.0;300.0;L/ha;1;;Pastagem;1;Pastagem | Amendoim-bravo...Picão-preto | 1,0 a 2,0 L/ha | Terrestre: 150 a 300 L/ha | Máximo de 1 aplicação por ciclo;validado_bula;;
195;Aminol 806;195.pdf;7;Beldroega;Portulaca oleracea;0.5;1.5;L/ha;150.0;300.0;L/ha;1;;Milho, Milheto, Sorgo;1;Milho Milheto Sorgo | ALVO BIOLÓGICO (20 espécies) | 0,5 a 1,5 L/ha | Terrestre: 150 a 300 L/ha | Máximo de 1 aplicação ;validado_bula;;
195;Aminol 806;195.pdf;7;Beldroega;Portulaca oleracea;1.0;2.0;L/ha;150.0;300.0;L/ha;1;;Pastagem;1;Pastagem | Amendoim-bravo...Picão-preto | 1,0 a 2,0 L/ha | Terrestre: 150 a 300 L/ha | Máximo de 1 aplicação por ciclo;validado_bula;;
195;Aminol 806;195.pdf;7;Buva;Conyza bonariensis;1.0;2.0;L/ha;150.0;300.0;L/ha;1;;Pastagem;1;Pastagem | Amendoim-bravo...Picão-preto | 1,0 a 2,0 L/ha | Terrestre: 150 a 300 L/ha | Máximo de 1 aplicação por ciclo;validado_bula;;
195;Aminol 806;195.pdf;7;Carrapicho-de-carneiro;Acanthospermum hispidum;0.5;1.5;L/ha;150.0;300.0;L/ha;1;;Milho, Milheto, Sorgo;1;Milho Milheto Sorgo | ALVO BIOLÓGICO (20 espécies) | 0,5 a 1,5 L/ha | Terrestre: 150 a 300 L/ha | Máximo de 1 aplicação ;validado_bula;;
195;Aminol 806;195.pdf;7;Caruru-de-espinho;Amaranthus spinosus;0.5;1.5;L/ha;150.0;300.0;L/ha;1;;Milho, Milheto, Sorgo;1;Milho Milheto Sorgo | ALVO BIOLÓGICO (20 espécies) | 0,5 a 1,5 L/ha | Terrestre: 150 a 300 L/ha | Máximo de 1 aplicação ;validado_bula;;
195;Aminol 806;195.pdf;7;Caruru-de-mancha;Amaranthus viridis;0.5;1.5;L/ha;150.0;300.0;L/ha;1;;Milho, Milheto, Sorgo;1;Milho Milheto Sorgo | ALVO BIOLÓGICO (20 espécies) | 0,5 a 1,5 L/ha | Terrestre: 150 a 300 L/ha | Máximo de 1 aplicação ;validado_bula;;
195;Aminol 806;195.pdf;7;Caruru-rasteiro;Amaranthus deflexus;0.5;1.5;L/ha;150.0;300.0;L/ha;1;;Milho, Milheto, Sorgo;1;Milho Milheto Sorgo | ALVO BIOLÓGICO (20 espécies) | 0,5 a 1,5 L/ha | Terrestre: 150 a 300 L/ha | Máximo de 1 aplicação ;validado_bula;;
195;Aminol 806;195.pdf;7;Caruru-rasteiro;Amaranthus deflexus;1.0;2.0;L/ha;150.0;300.0;L/ha;1;;Pastagem;1;Pastagem | Amendoim-bravo...Picão-preto | 1,0 a 2,0 L/ha | Terrestre: 150 a 300 L/ha | Máximo de 1 aplicação por ciclo;validado_bula;;
195;Aminol 806;195.pdf;7;Caruru-roxo;Amaranthus hybridus;0.5;1.5;L/ha;150.0;300.0;L/ha;1;;Milho, Milheto, Sorgo;1;Milho Milheto Sorgo | ALVO BIOLÓGICO (20 espécies) | 0,5 a 1,5 L/ha | Terrestre: 150 a 300 L/ha | Máximo de 1 aplicação ;validado_bula;;
195;Aminol 806;195.pdf;7;Corda-de-viola;Ipomoea aristolochiaefolia;0.5;1.5;L/ha;150.0;300.0;L/ha;1;;Milho, Milheto, Sorgo;1;Milho Milheto Sorgo | ALVO BIOLÓGICO (20 espécies) | 0,5 a 1,5 L/ha | Terrestre: 150 a 300 L/ha | Máximo de 1 aplicação ;validado_bula;;
195;Aminol 806;195.pdf;7;Corda-de-viola;Ipomoea purpurea;0.5;1.5;L/ha;150.0;300.0;L/ha;1;;Milho, Milheto, Sorgo;1;Milho Milheto Sorgo | ALVO BIOLÓGICO (20 espécies) | 0,5 a 1,5 L/ha | Terrestre: 150 a 300 L/ha | Máximo de 1 aplicação ;validado_bula;;
195;Aminol 806;195.pdf;7;Flor-das-almas;Senecio brasiliensis;2.0;2.0;L/ha;150.0;300.0;L/ha;1;;Pastagem;1;Pastagem | Flor-das-almas, Guanxuma-branca | 2,0 L/ha | Terrestre: 150 a 300 L/ha;validado_bula;;
195;Aminol 806;195.pdf;7;Guanxuma;Sida rhombifolia;0.5;1.5;L/ha;150.0;300.0;L/ha;1;;Milho, Milheto, Sorgo;1;Milho Milheto Sorgo | ALVO BIOLÓGICO (20 espécies) | 0,5 a 1,5 L/ha | Terrestre: 150 a 300 L/ha | Máximo de 1 aplicação ;validado_bula;;
195;Aminol 806;195.pdf;7;Guanxuma;Sida rhombifolia;1.5;2.0;L/ha;150.0;300.0;L/ha;1;;Pastagem;1;Pastagem | Melão-de-São-Caetano, Guanxuma, Maria-pretinha | 1,5 a 2,0 L/ha | Terrestre: 150 a 300 L/ha;validado_bula;;
195;Aminol 806;195.pdf;7;Guanxuma ou Malva-branca;Sida cordifolia;1.0;2.0;L/ha;150.0;300.0;L/ha;1;;Pastagem;1;Pastagem | Amendoim-bravo...Picão-preto | 1,0 a 2,0 L/ha | Terrestre: 150 a 300 L/ha | Máximo de 1 aplicação por ciclo;validado_bula;;
195;Aminol 806;195.pdf;7;Guanxuma-branca;Sida glaziovii;2.0;2.0;L/ha;150.0;300.0;L/ha;1;;Pastagem;1;Pastagem | Flor-das-almas, Guanxuma-branca | 2,0 L/ha | Terrestre: 150 a 300 L/ha;validado_bula;;
195;Aminol 806;195.pdf;7;Joá-bravo;Solanum palinacanthum;1.0;2.0;L/ha;150.0;300.0;L/ha;1;;Pastagem;1;Pastagem | Amendoim-bravo...Picão-preto | 1,0 a 2,0 L/ha | Terrestre: 150 a 300 L/ha | Máximo de 1 aplicação por ciclo;validado_bula;;
195;Aminol 806;195.pdf;7;Malva-vermelha;Croton grandulosus;1.0;2.0;L/ha;150.0;300.0;L/ha;1;;Pastagem;1;Pastagem | Amendoim-bravo...Picão-preto | 1,0 a 2,0 L/ha | Terrestre: 150 a 300 L/ha | Máximo de 1 aplicação por ciclo;validado_bula;;
195;Aminol 806;195.pdf;7;Maria-pretinha;Solanum americanum;1.5;2.0;L/ha;150.0;300.0;L/ha;1;;Pastagem;1;Pastagem | Melão-de-São-Caetano, Guanxuma, Maria-pretinha | 1,5 a 2,0 L/ha | Terrestre: 150 a 300 L/ha;validado_bula;;
195;Aminol 806;195.pdf;7;Mastruz;Lepidium virginicum;0.5;1.5;L/ha;150.0;300.0;L/ha;1;;Milho, Milheto, Sorgo;1;Milho Milheto Sorgo | ALVO BIOLÓGICO (20 espécies) | 0,5 a 1,5 L/ha | Terrestre: 150 a 300 L/ha | Máximo de 1 aplicação ;validado_bula;;
195;Aminol 806;195.pdf;7;Melão-de-São-Caetano;Momordica charantia;1.5;2.0;L/ha;150.0;300.0;L/ha;1;;Pastagem;1;Pastagem | Melão-de-São-Caetano, Guanxuma, Maria-pretinha | 1,5 a 2,0 L/ha | Terrestre: 150 a 300 L/ha;validado_bula;;
195;Aminol 806;195.pdf;7;Mentrasto;Ageratum conyzoides;0.5;1.5;L/ha;150.0;300.0;L/ha;1;;Milho, Milheto, Sorgo;1;Milho Milheto Sorgo | ALVO BIOLÓGICO (20 espécies) | 0,5 a 1,5 L/ha | Terrestre: 150 a 300 L/ha | Máximo de 1 aplicação ;validado_bula;;
195;Aminol 806;195.pdf;7;Mostarda;Brassica rapa;0.5;1.5;L/ha;150.0;300.0;L/ha;1;;Milho, Milheto, Sorgo;1;Milho Milheto Sorgo | ALVO BIOLÓGICO (20 espécies) | 0,5 a 1,5 L/ha | Terrestre: 150 a 300 L/ha | Máximo de 1 aplicação ;validado_bula;;
195;Aminol 806;195.pdf;7;Nabo-bravo;Raphanus raphanistrum;0.5;1.5;L/ha;150.0;300.0;L/ha;1;;Milho, Milheto, Sorgo;1;Milho Milheto Sorgo | ALVO BIOLÓGICO (20 espécies) | 0,5 a 1,5 L/ha | Terrestre: 150 a 300 L/ha | Máximo de 1 aplicação ;validado_bula;;
195;Aminol 806;195.pdf;7;Picão-branco;Galinsoga parviflora;0.5;1.5;L/ha;150.0;300.0;L/ha;1;;Milho, Milheto, Sorgo;1;Milho Milheto Sorgo | ALVO BIOLÓGICO (20 espécies) | 0,5 a 1,5 L/ha | Terrestre: 150 a 300 L/ha | Máximo de 1 aplicação ;validado_bula;;
195;Aminol 806;195.pdf;7;Picão-preto;Bidens Pilosa;1.0;2.0;L/ha;150.0;300.0;L/ha;1;;Pastagem;1;Pastagem | Amendoim-bravo...Picão-preto | 1,0 a 2,0 L/ha | Terrestre: 150 a 300 L/ha | Máximo de 1 aplicação por ciclo;validado_bula;;
195;Aminol 806;195.pdf;7;Picão-preto;Bidens pilosa;0.5;1.5;L/ha;150.0;300.0;L/ha;1;;Milho, Milheto, Sorgo;1;Milho Milheto Sorgo | ALVO BIOLÓGICO (20 espécies) | 0,5 a 1,5 L/ha | Terrestre: 150 a 300 L/ha | Máximo de 1 aplicação ;validado_bula;;
195;Aminol 806;195.pdf;7;Poaia-branca;Richardia brasiliensis;0.5;1.5;L/ha;150.0;300.0;L/ha;1;;Milho, Milheto, Sorgo;1;Milho Milheto Sorgo | ALVO BIOLÓGICO (20 espécies) | 0,5 a 1,5 L/ha | Terrestre: 150 a 300 L/ha | Máximo de 1 aplicação ;validado_bula;;
195;Aminol 806;195.pdf;7;Rubim;Leonorus sibiricus;0.5;1.5;L/ha;150.0;300.0;L/ha;1;;Milho, Milheto, Sorgo;1;Milho Milheto Sorgo | ALVO BIOLÓGICO (20 espécies) | 0,5 a 1,5 L/ha | Terrestre: 150 a 300 L/ha | Máximo de 1 aplicação ;validado_bula;;
195;Aminol 806;195.pdf;7;Serralha;Sonchus oleraceus;0.5;1.5;L/ha;150.0;300.0;L/ha;1;;Milho, Milheto, Sorgo;1;Milho Milheto Sorgo | ALVO BIOLÓGICO (20 espécies) | 0,5 a 1,5 L/ha | Terrestre: 150 a 300 L/ha | Máximo de 1 aplicação ;validado_bula;;
195;Aminol 806;195.pdf;7;Trapoeraba;Commelina benghalensis;0.5;1.5;L/ha;150.0;300.0;L/ha;1;;Milho, Milheto, Sorgo;1;Milho Milheto Sorgo | ALVO BIOLÓGICO (20 espécies) | 0,5 a 1,5 L/ha | Terrestre: 150 a 300 L/ha | Máximo de 1 aplicação ;validado_bula;;
195;Aminol 806;195.pdf;8;Amendoim-bravo;Euphorbia heterophylla;1.0;1.5;L/ha;150.0;300.0;L/ha;1;;Soja;1;Soja | ALVO BIOLÓGICO (20 espécies) | 1,0 a 1,5 L/ha | Terrestre: 150 a 300 L/ha | Máximo de 1 aplicação por ciclo;validado;;
195;Aminol 806;195.pdf;8;Beldroega;Portulaca oleracea;1.0;1.5;L/ha;150.0;300.0;L/ha;1;;Soja;1;Soja | ALVO BIOLÓGICO (20 espécies) | 1,0 a 1,5 L/ha | Terrestre: 150 a 300 L/ha | Máximo de 1 aplicação por ciclo;validado;;
195;Aminol 806;195.pdf;8;Carrapicho-de-carneiro;Acanthospermum hispidum;1.0;1.5;L/ha;150.0;300.0;L/ha;1;;Soja;1;Soja | ALVO BIOLÓGICO (20 espécies) | 1,0 a 1,5 L/ha | Terrestre: 150 a 300 L/ha | Máximo de 1 aplicação por ciclo;validado;;
195;Aminol 806;195.pdf;8;Caruru-de-espinho;Amaranthus spinosus;1.0;1.5;L/ha;150.0;300.0;L/ha;1;;Soja;1;Soja | ALVO BIOLÓGICO (20 espécies) | 1,0 a 1,5 L/ha | Terrestre: 150 a 300 L/ha | Máximo de 1 aplicação por ciclo;validado;;
195;Aminol 806;195.pdf;8;Caruru-de-mancha;Amaranthus viridis;1.0;1.5;L/ha;150.0;300.0;L/ha;1;;Soja;1;Soja | ALVO BIOLÓGICO (20 espécies) | 1,0 a 1,5 L/ha | Terrestre: 150 a 300 L/ha | Máximo de 1 aplicação por ciclo;validado;;
195;Aminol 806;195.pdf;8;Caruru-rasteiro;Amaranthus deflexus;1.0;1.5;L/ha;150.0;300.0;L/ha;1;;Soja;1;Soja | ALVO BIOLÓGICO (20 espécies) | 1,0 a 1,5 L/ha | Terrestre: 150 a 300 L/ha | Máximo de 1 aplicação por ciclo;validado;;
195;Aminol 806;195.pdf;8;Caruru-roxo;Amaranthus hybridus;1.0;1.5;L/ha;150.0;300.0;L/ha;1;;Soja;1;Soja | ALVO BIOLÓGICO (20 espécies) | 1,0 a 1,5 L/ha | Terrestre: 150 a 300 L/ha | Máximo de 1 aplicação por ciclo;validado;;
195;Aminol 806;195.pdf;8;Corda-de-viola;Ipomoea aristolochiaefolia;1.0;1.5;L/ha;150.0;300.0;L/ha;1;;Soja;1;Soja | ALVO BIOLÓGICO (20 espécies) | 1,0 a 1,5 L/ha | Terrestre: 150 a 300 L/ha | Máximo de 1 aplicação por ciclo;validado;;
195;Aminol 806;195.pdf;8;Corda-de-viola;Ipomoea purpurea;1.0;1.5;L/ha;150.0;300.0;L/ha;1;;Soja;1;Soja | ALVO BIOLÓGICO (20 espécies) | 1,0 a 1,5 L/ha | Terrestre: 150 a 300 L/ha | Máximo de 1 aplicação por ciclo;validado;;
195;Aminol 806;195.pdf;8;Guanxuma;Sida rhombifolia;1.0;1.5;L/ha;150.0;300.0;L/ha;1;;Soja;1;Soja | ALVO BIOLÓGICO (20 espécies) | 1,0 a 1,5 L/ha | Terrestre: 150 a 300 L/ha | Máximo de 1 aplicação por ciclo;validado;;
195;Aminol 806;195.pdf;8;Mastruz;Lepidium virginicum;1.0;1.5;L/ha;150.0;300.0;L/ha;1;;Soja;1;Soja | ALVO BIOLÓGICO (20 espécies) | 1,0 a 1,5 L/ha | Terrestre: 150 a 300 L/ha | Máximo de 1 aplicação por ciclo;validado;;
195;Aminol 806;195.pdf;8;Mentrasto;Ageratum conyzoides;1.0;1.5;L/ha;150.0;300.0;L/ha;1;;Soja;1;Soja | ALVO BIOLÓGICO (20 espécies) | 1,0 a 1,5 L/ha | Terrestre: 150 a 300 L/ha | Máximo de 1 aplicação por ciclo;validado;;
195;Aminol 806;195.pdf;8;Mostarda;Brassica rapa;1.0;1.5;L/ha;150.0;300.0;L/ha;1;;Soja;1;Soja | ALVO BIOLÓGICO (20 espécies) | 1,0 a 1,5 L/ha | Terrestre: 150 a 300 L/ha | Máximo de 1 aplicação por ciclo;validado;;
195;Aminol 806;195.pdf;8;Nabo-bravo;Raphanus raphanistrum;1.0;1.5;L/ha;150.0;300.0;L/ha;1;;Soja;1;Soja | ALVO BIOLÓGICO (20 espécies) | 1,0 a 1,5 L/ha | Terrestre: 150 a 300 L/ha | Máximo de 1 aplicação por ciclo;validado;;
195;Aminol 806;195.pdf;8;Picão-branco;Galinsoga parviflora;1.0;1.5;L/ha;150.0;300.0;L/ha;1;;Soja;1;Soja | ALVO BIOLÓGICO (20 espécies) | 1,0 a 1,5 L/ha | Terrestre: 150 a 300 L/ha | Máximo de 1 aplicação por ciclo;validado;;
195;Aminol 806;195.pdf;8;Picão-preto;Bidens pilosa;1.0;1.5;L/ha;150.0;300.0;L/ha;1;;Soja;1;Soja | ALVO BIOLÓGICO (20 espécies) | 1,0 a 1,5 L/ha | Terrestre: 150 a 300 L/ha | Máximo de 1 aplicação por ciclo;validado;;
195;Aminol 806;195.pdf;8;Poaia-branca;Richardia brasiliensis;1.0;1.5;L/ha;150.0;300.0;L/ha;1;;Soja;1;Soja | ALVO BIOLÓGICO (20 espécies) | 1,0 a 1,5 L/ha | Terrestre: 150 a 300 L/ha | Máximo de 1 aplicação por ciclo;validado;;
195;Aminol 806;195.pdf;8;Rubim;Leonorus sibiricus;1.0;1.5;L/ha;150.0;300.0;L/ha;1;;Soja;1;Soja | ALVO BIOLÓGICO (20 espécies) | 1,0 a 1,5 L/ha | Terrestre: 150 a 300 L/ha | Máximo de 1 aplicação por ciclo;validado_bula;;
195;Aminol 806;195.pdf;8;Serralha;Sonchus oleraceus;1.0;1.5;L/ha;150.0;300.0;L/ha;1;;Soja;1;Soja | ALVO BIOLÓGICO (20 espécies) | 1,0 a 1,5 L/ha | Terrestre: 150 a 300 L/ha | Máximo de 1 aplicação por ciclo;validado;;
195;Aminol 806;195.pdf;8;Trapoeraba;Commelina benghalensis;1.0;1.5;L/ha;150.0;300.0;L/ha;1;;Soja;1;Soja | ALVO BIOLÓGICO (20 espécies) | 1,0 a 1,5 L/ha | Terrestre: 150 a 300 L/ha | Máximo de 1 aplicação por ciclo;validado;;
195;Aminol 806;195.pdf;9;Citros;Citros sinensis L.;1.0;2.0;mL/100L;2000.0;2000.0;L/ha;3;;Citros;1;Citros | Citros | Citros sinensis L. | 1,0 a 2,0 mL/100 L água | Terrestre: 2000 L/ha | Máximo de 3 aplicações por ciclo;validado_bula;;
2710;Cigaral;2710.pdf;3;Beldroega;Portulaca oleracea;1.0;4.0;kg/ha;;;;1;;Abacaxi,Citros;2;Abacaxi e Citros | Beldroega | Portulaca oleracea | 1 – 4 kg/ha* | Realizar uma única aplicação;validado_bula;;
2710;Cigaral;2710.pdf;3;Capim colonião;Panicum maximum;1.0;4.0;kg/ha;;;;1;;Abacaxi,Citros;2;Abacaxi e Citros | Capim colonião | Panicum maximum | 1 – 4 kg/ha* | Realizar uma única aplicação;validado_bula;;
2710;Cigaral;2710.pdf;3;Capim-Angola ou capim-fino;Brachiaria mutica;1.0;4.0;kg/ha;;;;1;;Abacaxi,Citros;2;Abacaxi e Citros | Capim-Angola ou capim-fino | Brachiaria mutica | 1 – 4 kg/ha* | Realizar uma única aplicação;validado_bula;;
2710;Cigaral;2710.pdf;3;Capim-carrapicho;Cenchrus echinatus;1.0;4.0;kg/ha;;;;1;;Abacaxi,Citros;2;Abacaxi e Citros | Capim-carrapicho | Cenchrus echinatus | 1 – 4 kg/ha* | Realizar uma única aplicação;validado_bula;;
2710;Cigaral;2710.pdf;3;Capim-colchão ou capim-de-roça;Digitaria horizontalis;1.0;4.0;kg/ha;;;;1;;Abacaxi,Citros;2;Abacaxi e Citros | Capim-colchão ou capim-de-roça | Digitaria horizontalis | 1 – 4 kg/ha* | Realizar uma única aplicação;validado_bula;;
2710;Cigaral;2710.pdf;3;Capim-favorito;Rhychelitrum repens;1.0;4.0;kg/ha;;;;1;;Abacaxi,Citros;2;Abacaxi e Citros | Capim-favorito | Rhychelitrum repens | 1 – 4 kg/ha* | Realizar uma única aplicação;validado_bula;;
2710;Cigaral;2710.pdf;3;Capim-marmelada ou capim-papuã;Brachiaria plantaginea;1.0;4.0;kg/ha;;;;1;;Abacaxi,Citros;2;Abacaxi e Citros | Capim-marmelada ou capim-papuã | Brachiaria plantaginea | 1 – 4 kg/ha* | Realizar uma única aplicação;validado_bula;;
2710;Cigaral;2710.pdf;3;Capim-massambará;Sorghum halepense;1.0;4.0;kg/ha;;;;1;;Abacaxi,Citros;2;Abacaxi e Citros | Capim-massambará | Sorghum halepense | 1 – 4 kg/ha* | Realizar uma única aplicação;validado_bula;;
2710;Cigaral;2710.pdf;3;Capim-pé-de-galinha;Eleusine indica;1.0;4.0;kg/ha;;;;1;;Abacaxi,Citros;2;Abacaxi e Citros | Capim-pé-de-galinha | Eleusine indica | 1 – 4 kg/ha* | Realizar uma única aplicação;validado_bula;;
2710;Cigaral;2710.pdf;3;Carrapicho-de-carneiro;Acanthospermum hispidum;1.0;4.0;kg/ha;;;;1;;Abacaxi,Citros;2;Abacaxi e Citros | Carrapicho-de-carneiro | Acanthospermum hispidum | 1 – 4 kg/ha* | Realizar uma única aplicação;validado_bula;;
2710;Cigaral;2710.pdf;3;Falsa-serralha;Emilia sonchifolia;1.0;4.0;kg/ha;;;;1;;Abacaxi,Citros;2;Abacaxi e Citros | Falsa-serralha | Emilia sonchifolia | 1 – 4 kg/ha* | Realizar uma única aplicação;validado_bula;;
2710;Cigaral;2710.pdf;3;Grama-batatais;Paspalum notatum;1.0;4.0;kg/ha;;;;1;;Abacaxi,Citros;2;Abacaxi e Citros | Grama-batatais | Paspalum notatum | 1 – 4 kg/ha* | Realizar uma única aplicação;validado_bula;;
2710;Cigaral;2710.pdf;3;Guanxuma;Sida rhombifolia;1.0;4.0;kg/ha;;;;1;;Abacaxi,Citros;2;Abacaxi e Citros | Guanxuma | Sida rhombifolia | 1 – 4 kg/ha* | Realizar uma única aplicação;validado_bula;;
2710;Cigaral;2710.pdf;3;Mentrastro;Ageratum conyzoides;1.0;4.0;kg/ha;;;;1;;Abacaxi,Citros;2;Abacaxi e Citros | Mentrastro | Ageratum conyzoides | 1 – 4 kg/ha* | Realizar uma única aplicação;validado_bula;;
2710;Cigaral;2710.pdf;3;Milhã;Digitaria decumbens;1.0;4.0;kg/ha;;;;1;;Abacaxi,Citros;2;Abacaxi e Citros | Milhã | Digitaria decumbens | 1 – 4 kg/ha* | Realizar uma única aplicação;validado_bula;;
2710;Cigaral;2710.pdf;3;Picão-preto;Bidens pilosa;1.0;4.0;kg/ha;;;;1;;Abacaxi,Citros;2;Abacaxi e Citros | Picão-preto | Bidens pilosa | 1 – 4 kg/ha* | Realizar uma única aplicação;validado_bula;;
2710;Cigaral;2710.pdf;3;Poaia-branca;Richardia brasiliensis;1.0;4.0;kg/ha;;;;1;;Abacaxi,Citros;2;Abacaxi e Citros | Poaia-branca | Richardia brasiliensis | 1 – 4 kg/ha* | Realizar uma única aplicação;validado_bula;;
2710;Cigaral;2710.pdf;3;Serralha;Sonchus oleraceus;1.0;4.0;kg/ha;;;;1;;Abacaxi,Citros;2;Abacaxi e Citros | Serralha | Sonchus oleraceus | 1 – 4 kg/ha* | Realizar uma única aplicação;validado_bula;;
2710;Cigaral;2710.pdf;3;Trapoeraba;Commelina benghalensis;1.0;4.0;kg/ha;;;;1;;Abacaxi,Citros;2;Abacaxi e Citros | Trapoeraba | Commelina benghalensis | 1 – 4 kg/ha* | Realizar uma única aplicação;validado_bula;;
3003;SmartFresh;3003.pdf;2;;;0.7;6.0;mg/m3;;;;1;;Banana;1;Banana 0,7 a 6,0 / 20,0 **;manual_review;;
3003;SmartFresh;3003.pdf;2;;;3.0;6.0;mg/m3;;;;1;;Mamão;1;Mamão 3,0 a 6,0 / 33,0 **;manual_review;;
3003;SmartFresh;3003.pdf;2;;;18.0;18.0;mg/m3;;;;1;;Abacate;1;Abacate 18,0;manual_review;;
3003;SmartFresh;3003.pdf;2;;;20.0;50.0;mg/m3;;;;1;;Goiaba;1;Goiaba 20,0 a 50,0;manual_review;;
3003;SmartFresh;3003.pdf;2;;;34.0;34.0;mg/m3;;;;1;;Ameixa;1;Ameixa 34,0;manual_review;;
3003;SmartFresh;3003.pdf;2;;;40.0;40.0;mg/m3;;;;1;;Melancia,Melão;2;Melão 40,0;manual_review;;
3003;SmartFresh;3003.pdf;2;;;43.0;86.0;mg/m3;;;;2;;Maçã;1;Maçã 43,0 a 86,0**;manual_review;;
3003;SmartFresh;3003.pdf;2;;;50.0;50.0;mg/m3;;;;1;;Manga;1;Manga 50,0;manual_review;;
3003;SmartFresh;3003.pdf;2;;;69.0;69.0;mg/m3;;;;1;;Caqui,Kiwi,Limão;3;Limão 69,0;manual_review;;
3003;SmartFresh;3003.pdf;3;;;17.0;86.0;mg/m3;;;;1;;Tomate;1;Tomate 17,0 a 86,0;manual_review;;
303;Acarit;303.pdf;3;Ácaro Branco;Polyphagotarsonemus latus;1.0;1.5;L/ha;265.0;265.0;L/ha;2;15 dias;Algodão;1;ALGODÃO | Ácaro Branco | Polyphagotarsonemus latus | 1,0 - 1,5 L/ha | Realizar no máximo 2 aplicações por ciclo com inte;validado_bula;;
303;Acarit;303.pdf;3;Ácaro da Falsa Ferrugem;Phyllocoptruta oleivora;100.0;100.0;mL/100L;2000.0;2000.0;L/ha;1;;Citros;1;CITROS | Ácaro da Falsa Ferrugem | Phyllocoptruta oleivora | 100 mL/100 litros de água | Realizar no máximo 1 aplicação ;validado;;
303;Acarit;303.pdf;3;Ácaro da Leprose;Brevipalpus phoenicis;100.0;100.0;mL/100L;2000.0;2000.0;L/ha;1;;Citros;1;CITROS | Ácaro da Leprose | Brevipalpus phoenicis | 100 mL/100 litros de água | Realizar no máximo 1 aplicação por ciclo;validado;;
303;Acarit;303.pdf;4;Ácaro Vermelho Europeu;Panonychus ulmi;100.0;100.0;mL/100L;1000.0;1000.0;L/ha;1;;Maçã;1;MAÇÃ | Ácaro Vermelho Europeu | Panonychus ulmi | 100 mL/100 litros de água | Realizar no máximo 1 aplicação por ciclo;validado;;
30723;Glifomega 480 SL;30723.pdf;3;Alfafa;Medicago sativa;3.5;3.5;L/ha;300.0;400.0;L/ha;1;;Ameixa,Banana,Cacau,Café,Cana-de-açúcar,Citros,Maçã,Milho,Nectarina,Pera,Pêssego,Soja,Trigo,Uva,Pastagem,Pinus,Eucalipto;17;Alfafa (Medicago sativa) | 3.5 | L/ha (produto comercial);validado_bula;;
30723;Glifomega 480 SL;30723.pdf;3;Amendoim-bravo;Euphorbia heterophylla;3.0;4.0;L/ha;300.0;400.0;L/ha;1;;Ameixa,Banana,Cacau,Café,Cana-de-açúcar,Citros,Maçã,Milho,Nectarina,Pera,Pêssego,Soja,Trigo,Uva,Pastagem,Pinus,Eucalipto;17;Amendoim-bravo (Euphorbia heterophylla) | 3-4 | L/ha (produto comercial);validado_bula;;
30723;Glifomega 480 SL;30723.pdf;3;Angiquinho;Aeschynomene rudis;2.0;2.0;L/ha;300.0;400.0;L/ha;1;;Ameixa,Banana,Cacau,Café,Cana-de-açúcar,Citros,Maçã,Milho,Nectarina,Pera,Pêssego,Soja,Trigo,Uva,Pastagem,Pinus,Eucalipto;17;Angiquinho (Aeschynomene rudis) | 2 | L/ha (produto comercial);validado_bula;;
30723;Glifomega 480 SL;30723.pdf;3;Anileira;Indigofera hirsuta;4.0;4.0;L/ha;300.0;400.0;L/ha;1;;Ameixa,Banana,Cacau,Café,Cana-de-açúcar,Citros,Maçã,Milho,Nectarina,Pera,Pêssego,Soja,Trigo,Uva,Pastagem,Pinus,Eucalipto;17;Anileira (Indigofera hirsuta) | 4 | L/ha (produto comercial);validado_bula;;
30723;Glifomega 480 SL;30723.pdf;3;Aveia;Avena sativa;1.0;1.0;L/ha;300.0;400.0;L/ha;1;;Ameixa,Banana,Cacau,Café,Cana-de-açúcar,Citros,Maçã,Milho,Nectarina,Pera,Pêssego,Soja,Trigo,Uva,Pastagem,Pinus,Eucalipto;17;Aveia (Avena sativa) | 1 | L/ha (produto comercial);validado_bula;;
30723;Glifomega 480 SL;30723.pdf;3;Azevém;Lolium multiflorum;2.0;3.0;L/ha;300.0;400.0;L/ha;1;;Ameixa,Banana,Cacau,Café,Cana-de-açúcar,Citros,Maçã,Milho,Nectarina,Pera,Pêssego,Soja,Trigo,Uva,Pastagem,Pinus,Eucalipto;17;Azevém (Lolium multiflorum) | 2-3 | L/ha (produto comercial);validado_bula;;
30723;Glifomega 480 SL;30723.pdf;3;Barbasco;Pterocaulon virgatum;4.5;5.0;L/ha;300.0;400.0;L/ha;1;;Ameixa,Banana,Cacau,Café,Cana-de-açúcar,Citros,Maçã,Milho,Nectarina,Pera,Pêssego,Soja,Trigo,Uva,Pastagem,Pinus,Eucalipto;17;Barbasco (Pterocaulon virgatum) | 4.5-5 | L/ha (produto comercial);validado_bula;;
30723;Glifomega 480 SL;30723.pdf;3;Beldroega;Portulaca oleracea;2.0;2.0;L/ha;300.0;400.0;L/ha;1;;Ameixa,Banana,Cacau,Café,Cana-de-açúcar,Citros,Maçã,Milho,Nectarina,Pera,Pêssego,Soja,Trigo,Uva,Pastagem,Pinus,Eucalipto;17;Beldroega (Portulaca oleracea) | 2 | L/ha (produto comercial);validado_bula;;
30723;Glifomega 480 SL;30723.pdf;3;Boca-de-leão-selvagem;Antirrhinum orontium;2.0;2.0;L/ha;300.0;400.0;L/ha;1;;Ameixa,Banana,Cacau,Café,Cana-de-açúcar,Citros,Maçã,Milho,Nectarina,Pera,Pêssego,Soja,Trigo,Uva,Pastagem,Pinus,Eucalipto;17;Boca-de-leão-selvagem (Antirrhinum orontium) | 2 | L/ha (produto comercial);validado_bula;;
30723;Glifomega 480 SL;30723.pdf;3;Buva;Conyza bonariensis;2.0;2.0;L/ha;300.0;400.0;L/ha;1;;Ameixa,Banana,Cacau,Café,Cana-de-açúcar,Citros,Maçã,Milho,Nectarina,Pera,Pêssego,Soja,Trigo,Uva,Pastagem,Pinus,Eucalipto;17;Buva (Conyza bonariensis) | 2 | L/ha (produto comercial);validado_bula;;
30723;Glifomega 480 SL;30723.pdf;3;Capim-Arroz;Echinochloa crusgalli;4.0;4.0;L/ha;300.0;400.0;L/ha;1;;Ameixa,Banana,Cacau,Café,Cana-de-açúcar,Citros,Maçã,Milho,Nectarina,Pera,Pêssego,Soja,Trigo,Uva,Pastagem,Pinus,Eucalipto;17;Capim-Arroz (Echinochloa crusgalli) | 4 | L/ha (produto comercial);validado_bula;;
30723;Glifomega 480 SL;30723.pdf;3;Capim-carrapicho;Cenchrus echinatus;1.5;1.5;L/ha;300.0;400.0;L/ha;1;;Ameixa,Banana,Cacau,Café,Cana-de-açúcar,Citros,Maçã,Milho,Nectarina,Pera,Pêssego,Soja,Trigo,Uva,Pastagem,Pinus,Eucalipto;17;Capim-carrapicho (Cenchrus echinatus) | 1.5 | L/ha (produto comercial);validado_bula;;
30723;Glifomega 480 SL;30723.pdf;3;Capim-colchão;Digitaria horizontalis;1.5;2.0;L/ha;300.0;400.0;L/ha;1;;Ameixa,Banana,Cacau,Café,Cana-de-açúcar,Citros,Maçã,Milho,Nectarina,Pera,Pêssego,Soja,Trigo,Uva,Pastagem,Pinus,Eucalipto;17;Capim-colchão (Digitaria horizontalis) | 1.5-2 | L/ha (produto comercial);validado_bula;;
30723;Glifomega 480 SL;30723.pdf;3;Capim-favorito;Rhynchelitrum repens;1.5;2.0;L/ha;300.0;400.0;L/ha;1;;Ameixa,Banana,Cacau,Café,Cana-de-açúcar,Citros,Maçã,Milho,Nectarina,Pera,Pêssego,Soja,Trigo,Uva,Pastagem,Pinus,Eucalipto;17;Capim-favorito (Rhynchelitrum repens) | 1.5-2 | L/ha (produto comercial);validado_bula;;
30723;Glifomega 480 SL;30723.pdf;3;Capim-marmelada;Brachiaria plantaginea;0.5;1.0;L/ha;300.0;400.0;L/ha;1;;Ameixa,Banana,Cacau,Café,Cana-de-açúcar,Citros,Maçã,Milho,Nectarina,Pera,Pêssego,Soja,Trigo,Uva,Pastagem,Pinus,Eucalipto;17;Capim-marmelada (Brachiaria plantaginea) | 0.5-1 | L/ha (produto comercial);validado_bula;;
30723;Glifomega 480 SL;30723.pdf;3;Capim-pé-de-galinha;Eleusine indica;2.0;2.0;L/ha;300.0;400.0;L/ha;1;;Ameixa,Banana,Cacau,Café,Cana-de-açúcar,Citros,Maçã,Milho,Nectarina,Pera,Pêssego,Soja,Trigo,Uva,Pastagem,Pinus,Eucalipto;17;Capim-pé-de-galinha (Eleusine indica) | 2 | L/ha (produto comercial);validado_bula;;
30723;Glifomega 480 SL;30723.pdf;3;Capim-rabo-de-raposa;Setaria geniculata;1.0;2.0;L/ha;300.0;400.0;L/ha;1;;Ameixa,Banana,Cacau,Café,Cana-de-açúcar,Citros,Maçã,Milho,Nectarina,Pera,Pêssego,Soja,Trigo,Uva,Pastagem,Pinus,Eucalipto;17;Capim-rabo-de-raposa (Setaria geniculata) | 1-2 | L/ha (produto comercial);validado_bula;;
30723;Glifomega 480 SL;30723.pdf;3;Carrapicho-de-carneiro;Acanthospermum hispidum;1.5;1.5;L/ha;300.0;400.0;L/ha;1;;Ameixa,Banana,Cacau,Café,Cana-de-açúcar,Citros,Maçã,Milho,Nectarina,Pera,Pêssego,Soja,Trigo,Uva,Pastagem,Pinus,Eucalipto;17;Carrapicho-de-carneiro (Acanthospermum hispidum) | 1.5 | L/ha (produto comercial);validado_bula;;
30723;Glifomega 480 SL;30723.pdf;3;Carrapicho-rasteiro;Acanthospermum australe;1.5;1.5;L/ha;300.0;400.0;L/ha;1;;Ameixa,Banana,Cacau,Café,Cana-de-açúcar,Citros,Maçã,Milho,Nectarina,Pera,Pêssego,Soja,Trigo,Uva,Pastagem,Pinus,Eucalipto;17;Carrapicho-rasteiro (Acanthospermum australe) | 1.5 | L/ha (produto comercial);validado_bula;;
30723;Glifomega 480 SL;30723.pdf;3;Caruru;Amaranthus viridis;2.0;2.0;L/ha;300.0;400.0;L/ha;1;;Ameixa,Banana,Cacau,Café,Cana-de-açúcar,Citros,Maçã,Milho,Nectarina,Pera,Pêssego,Soja,Trigo,Uva,Pastagem,Pinus,Eucalipto;17;Caruru (Amaranthus viridis) | 2 | L/ha (produto comercial);validado_bula;;
30723;Glifomega 480 SL;30723.pdf;3;Caruru-roxo;Amaranthus hybridus;2.0;2.0;L/ha;300.0;400.0;L/ha;1;;Ameixa,Banana,Cacau,Café,Cana-de-açúcar,Citros,Maçã,Milho,Nectarina,Pera,Pêssego,Soja,Trigo,Uva,Pastagem,Pinus,Eucalipto;17;Caruru-roxo (Amaranthus hybridus) | 2 | L/ha (produto comercial);validado_bula;;
30723;Glifomega 480 SL;30723.pdf;3;Cevadinha;Bromus catharticus;1.0;1.0;L/ha;300.0;400.0;L/ha;1;;Ameixa,Banana,Cacau,Café,Cana-de-açúcar,Citros,Maçã,Milho,Nectarina,Pera,Pêssego,Soja,Trigo,Uva,Pastagem,Pinus,Eucalipto;17;Cevadinha (Bromus catharticus) | 1 | L/ha (produto comercial);validado_bula;;
30723;Glifomega 480 SL;30723.pdf;3;Corda-de-viola;Ipomoea aristolochiaefolia;3.0;3.0;L/ha;300.0;400.0;L/ha;1;;Ameixa,Banana,Cacau,Café,Cana-de-açúcar,Citros,Maçã,Milho,Nectarina,Pera,Pêssego,Soja,Trigo,Uva,Pastagem,Pinus,Eucalipto;17;Corda-de-viola (Ipomoea aristolochiaefolia) | 3 | L/ha (produto comercial);validado_bula;;
30723;Glifomega 480 SL;30723.pdf;3;Corda-de-viola;Ipomoea quamoclit;4.0;4.0;L/ha;300.0;400.0;L/ha;1;;Ameixa,Banana,Cacau,Café,Cana-de-açúcar,Citros,Maçã,Milho,Nectarina,Pera,Pêssego,Soja,Trigo,Uva,Pastagem,Pinus,Eucalipto;17;Corda-de-viola (Ipomoea quamoclit) | 4 | L/ha (produto comercial);validado_bula;;
30723;Glifomega 480 SL;30723.pdf;3;Cordão-de-frade;Leonotis nepetifolia;2.0;2.0;L/ha;300.0;400.0;L/ha;1;;Ameixa,Banana,Cacau,Café,Cana-de-açúcar,Citros,Maçã,Milho,Nectarina,Pera,Pêssego,Soja,Trigo,Uva,Pastagem,Pinus,Eucalipto;17;Cordão-de-frade (Leonotis nepetifolia) | 2 | L/ha (produto comercial);validado_bula;;
30723;Glifomega 480 SL;30723.pdf;3;Cuminho ou Falso cominho;Fimbristylis miliacea;5.0;5.0;L/ha;300.0;400.0;L/ha;1;;Ameixa,Banana,Cacau,Café,Cana-de-açúcar,Citros,Maçã,Milho,Nectarina,Pera,Pêssego,Soja,Trigo,Uva,Pastagem,Pinus,Eucalipto;17;Cuminho ou Falso cominho (Fimbristylis miliacea) | 5 | L/ha (produto comercial);validado_bula;;
30723;Glifomega 480 SL;30723.pdf;3;Erva-quente;Spermacoce alata;5.0;6.0;L/ha;300.0;400.0;L/ha;1;;Ameixa,Banana,Cacau,Café,Cana-de-açúcar,Citros,Maçã,Milho,Nectarina,Pera,Pêssego,Soja,Trigo,Uva,Pastagem,Pinus,Eucalipto;17;Erva-quente (Spermacoce alata) | 5-6 | L/ha (produto comercial);validado_bula;;
30723;Glifomega 480 SL;30723.pdf;3;Ervilhaca;Vicia sativa;5.0;5.0;L/ha;300.0;400.0;L/ha;1;;Ameixa,Banana,Cacau,Café,Cana-de-açúcar,Citros,Maçã,Milho,Nectarina,Pera,Pêssego,Soja,Trigo,Uva,Pastagem,Pinus,Eucalipto;17;Ervilhaca (Vicia sativa) | 5 | L/ha (produto comercial);validado_bula;;
30723;Glifomega 480 SL;30723.pdf;3;Espérgula;Spergula arvensis;4.0;4.0;L/ha;300.0;400.0;L/ha;1;;Ameixa,Banana,Cacau,Café,Cana-de-açúcar,Citros,Maçã,Milho,Nectarina,Pera,Pêssego,Soja,Trigo,Uva,Pastagem,Pinus,Eucalipto;17;Espérgula (Spergula arvensis) | 4 | L/ha (produto comercial);validado_bula;;
30723;Glifomega 480 SL;30723.pdf;3;Falsa-serralha;Emilia sonchifolia;2.0;2.0;L/ha;300.0;400.0;L/ha;1;;Ameixa,Banana,Cacau,Café,Cana-de-açúcar,Citros,Maçã,Milho,Nectarina,Pera,Pêssego,Soja,Trigo,Uva,Pastagem,Pinus,Eucalipto;17;Falsa-serralha (Emilia sonchifolia) | 2 | L/ha (produto comercial);validado_bula;;
30723;Glifomega 480 SL;30723.pdf;3;Guanxuma;Malvastrum coromandelianum;1.0;2.0;L/ha;300.0;400.0;L/ha;1;;Ameixa,Banana,Cacau,Café,Cana-de-açúcar,Citros,Maçã,Milho,Nectarina,Pera,Pêssego,Soja,Trigo,Uva,Pastagem,Pinus,Eucalipto;17;Guanxuma (Malvastrum coromandelianum) | 1-2 | L/ha (produto comercial);validado_bula;;
30723;Glifomega 480 SL;30723.pdf;3;Maria-gorda;Talinum paniculatum;2.0;3.0;L/ha;300.0;400.0;L/ha;1;;Ameixa,Banana,Cacau,Café,Cana-de-açúcar,Citros,Maçã,Milho,Nectarina,Pera,Pêssego,Soja,Trigo,Uva,Pastagem,Pinus,Eucalipto;17;Maria-gorda (Talinum paniculatum) | 2-3 | L/ha (produto comercial);validado_bula;;
30723;Glifomega 480 SL;30723.pdf;3;Maria-pretinha;Solanum americanum;2.0;2.0;L/ha;300.0;400.0;L/ha;1;;Ameixa,Banana,Cacau,Café,Cana-de-açúcar,Citros,Maçã,Milho,Nectarina,Pera,Pêssego,Soja,Trigo,Uva,Pastagem,Pinus,Eucalipto;17;Maria-pretinha (Solanum americanum) | 2 | L/ha (produto comercial);validado_bula;;
30723;Glifomega 480 SL;30723.pdf;3;Mentrasto;Ageratum conyzoides;2.0;2.0;L/ha;300.0;400.0;L/ha;1;;Ameixa,Banana,Cacau,Café,Cana-de-açúcar,Citros,Maçã,Milho,Nectarina,Pera,Pêssego,Soja,Trigo,Uva,Pastagem,Pinus,Eucalipto;17;Mentrasto (Ageratum conyzoides) | 2 | L/ha (produto comercial);validado_bula;;
30723;Glifomega 480 SL;30723.pdf;3;Nabiça;Raphanus raphanistrum;2.0;2.0;L/ha;300.0;400.0;L/ha;1;;Ameixa,Banana,Cacau,Café,Cana-de-açúcar,Citros,Maçã,Milho,Nectarina,Pera,Pêssego,Soja,Trigo,Uva,Pastagem,Pinus,Eucalipto;17;Nabiça (Raphanus raphanistrum) | 2 | L/ha (produto comercial);validado_bula;;
30723;Glifomega 480 SL;30723.pdf;3;Picão-branco ou Fazendeiro;Galinsoga parviflora;1.0;1.0;L/ha;300.0;400.0;L/ha;1;;Ameixa,Banana,Cacau,Café,Cana-de-açúcar,Citros,Maçã,Milho,Nectarina,Pera,Pêssego,Soja,Trigo,Uva,Pastagem,Pinus,Eucalipto;17;Picão-branco ou Fazendeiro (Galinsoga parviflora) | 1 | L/ha (produto comercial);validado_bula;;
30723;Glifomega 480 SL;30723.pdf;3;Picão-preto;Bidens pilosa;1.0;1.5;L/ha;300.0;400.0;L/ha;1;;Ameixa,Banana,Cacau,Café,Cana-de-açúcar,Citros,Maçã,Milho,Nectarina,Pera,Pêssego,Soja,Trigo,Uva,Pastagem,Pinus,Eucalipto;17;Picão-preto (Bidens pilosa) | 1-1.5 | L/ha (produto comercial);validado_bula;;
30723;Glifomega 480 SL;30723.pdf;3;Poaia-branca;Richardia brasiliensis;4.0;4.0;L/ha;300.0;400.0;L/ha;1;;Ameixa,Banana,Cacau,Café,Cana-de-açúcar,Citros,Maçã,Milho,Nectarina,Pera,Pêssego,Soja,Trigo,Uva,Pastagem,Pinus,Eucalipto;17;Poaia-branca (Richardia brasiliensis) | 4 | L/ha (produto comercial);validado_bula;;
30723;Glifomega 480 SL;30723.pdf;3;Quebra-pedra;Phyllanthus tenellus;2.0;2.0;L/ha;300.0;400.0;L/ha;1;;Ameixa,Banana,Cacau,Café,Cana-de-açúcar,Citros,Maçã,Milho,Nectarina,Pera,Pêssego,Soja,Trigo,Uva,Pastagem,Pinus,Eucalipto;17;Quebra-pedra (Phyllanthus tenellus) | 2 | L/ha (produto comercial);validado_bula;;
30723;Glifomega 480 SL;30723.pdf;3;Serralha;Sonchus oleraceus;2.0;2.0;L/ha;300.0;400.0;L/ha;1;;Ameixa,Banana,Cacau,Café,Cana-de-açúcar,Citros,Maçã,Milho,Nectarina,Pera,Pêssego,Soja,Trigo,Uva,Pastagem,Pinus,Eucalipto;17;Serralha (Sonchus oleraceus) | 2 | L/ha (produto comercial);validado_bula;;
30723;Glifomega 480 SL;30723.pdf;3;Trevo;Trifolium repens;4.0;4.0;L/ha;300.0;400.0;L/ha;1;;Ameixa,Banana,Cacau,Café,Cana-de-açúcar,Citros,Maçã,Milho,Nectarina,Pera,Pêssego,Soja,Trigo,Uva,Pastagem,Pinus,Eucalipto;17;Trevo (Trifolium repens) | 4 | L/ha (produto comercial);validado_bula;;
30723;Glifomega 480 SL;30723.pdf;4;Cana-de-açúcar (roughing);Saccharum officinarum;6.0;6.0;L/ha;300.0;400.0;L/ha;1;;Ameixa,Banana,Cacau,Café,Cana-de-açúcar,Citros,Maçã,Milho,Nectarina,Pera,Pêssego,Soja,Trigo,Uva,Pastagem,Pinus,Eucalipto;17;Cana-de-açúcar (roughing) (Saccharum officinarum) | 6 | L/ha (produto comercial);validado_bula;;
30723;Glifomega 480 SL;30723.pdf;4;Capim-amargoso;Digitaria insularis;1.5;4.0;L/ha;300.0;400.0;L/ha;1;;Ameixa,Banana,Cacau,Café,Cana-de-açúcar,Citros,Maçã,Milho,Nectarina,Pera,Pêssego,Soja,Trigo,Uva,Pastagem,Pinus,Eucalipto;17;Capim-amargoso (Digitaria insularis) | 1.5-4 | L/ha (produto comercial);validado_bula;;
30723;Glifomega 480 SL;30723.pdf;4;Capim-azedo;Paspalum conjugatum;1.0;1.0;L/ha;300.0;400.0;L/ha;1;;Ameixa,Banana,Cacau,Café,Cana-de-açúcar,Citros,Maçã,Milho,Nectarina,Pera,Pêssego,Soja,Trigo,Uva,Pastagem,Pinus,Eucalipto;17;Capim-azedo (Paspalum conjugatum) | 1 | L/ha (produto comercial);validado_bula;;
30723;Glifomega 480 SL;30723.pdf;4;Capim-braquiária;Brachiaria decubens;2.5;4.0;L/ha;300.0;400.0;L/ha;1;;Ameixa,Banana,Cacau,Café,Cana-de-açúcar,Citros,Maçã,Milho,Nectarina,Pera,Pêssego,Soja,Trigo,Uva,Pastagem,Pinus,Eucalipto;17;Capim-braquiária (Brachiaria decubens) | 2.5-4 | L/ha (produto comercial);validado_bula;;
30723;Glifomega 480 SL;30723.pdf;4;Capim-caiana;Panicum cayennense;4.0;4.0;L/ha;300.0;400.0;L/ha;1;;Ameixa,Banana,Cacau,Café,Cana-de-açúcar,Citros,Maçã,Milho,Nectarina,Pera,Pêssego,Soja,Trigo,Uva,Pastagem,Pinus,Eucalipto;17;Capim-caiana (Panicum cayennense) | 4 | L/ha (produto comercial);validado_bula;;
30723;Glifomega 480 SL;30723.pdf;4;Capim-canoão;Setaria poiretiana;3.5;3.5;L/ha;300.0;400.0;L/ha;1;;Ameixa,Banana,Cacau,Café,Cana-de-açúcar,Citros,Maçã,Milho,Nectarina,Pera,Pêssego,Soja,Trigo,Uva,Pastagem,Pinus,Eucalipto;17;Capim-canoão (Setaria poiretiana) | 3.5 | L/ha (produto comercial);validado_bula;;
30723;Glifomega 480 SL;30723.pdf;4;Capim-colonião;Panicum maximum;1.5;5.0;L/ha;300.0;400.0;L/ha;1;;Ameixa,Banana,Cacau,Café,Cana-de-açúcar,Citros,Maçã,Milho,Nectarina,Pera,Pêssego,Soja,Trigo,Uva,Pastagem,Pinus,Eucalipto;17;Capim-colonião (Panicum maximum) | 1.5-5 | L/ha (produto comercial);validado_bula;;
30723;Glifomega 480 SL;30723.pdf;4;Capim-da-roça;Paspalum urvillei;4.0;4.0;L/ha;300.0;400.0;L/ha;1;;Ameixa,Banana,Cacau,Café,Cana-de-açúcar,Citros,Maçã,Milho,Nectarina,Pera,Pêssego,Soja,Trigo,Uva,Pastagem,Pinus,Eucalipto;17;Capim-da-roça (Paspalum urvillei) | 4 | L/ha (produto comercial);validado_bula;;
30723;Glifomega 480 SL;30723.pdf;4;Capim-gengibre;Paspalum maritimum;3.0;4.0;L/ha;300.0;400.0;L/ha;1;;Ameixa,Banana,Cacau,Café,Cana-de-açúcar,Citros,Maçã,Milho,Nectarina,Pera,Pêssego,Soja,Trigo,Uva,Pastagem,Pinus,Eucalipto;17;Capim-gengibre (Paspalum maritimum) | 3-4 | L/ha (produto comercial);validado_bula;;
30723;Glifomega 480 SL;30723.pdf;4;Capim-gordura;Melinis minutiflora;3.0;4.0;L/ha;300.0;400.0;L/ha;1;;Ameixa,Banana,Cacau,Café,Cana-de-açúcar,Citros,Maçã,Milho,Nectarina,Pera,Pêssego,Soja,Trigo,Uva,Pastagem,Pinus,Eucalipto;17;Capim-gordura (Melinis minutiflora) | 3-4 | L/ha (produto comercial);validado_bula;;
30723;Glifomega 480 SL;30723.pdf;4;Capim-jaraguá;Hyparrhenia rufa;4.0;4.0;L/ha;300.0;400.0;L/ha;1;;Ameixa,Banana,Cacau,Café,Cana-de-açúcar,Citros,Maçã,Milho,Nectarina,Pera,Pêssego,Soja,Trigo,Uva,Pastagem,Pinus,Eucalipto;17;Capim-jaraguá (Hyparrhenia rufa) | 4 | L/ha (produto comercial);validado_bula;;
30723;Glifomega 480 SL;30723.pdf;4;Capim-kikuio;Pennisetum clandestinum;4.0;5.0;L/ha;300.0;400.0;L/ha;1;;Ameixa,Banana,Cacau,Café,Cana-de-açúcar,Citros,Maçã,Milho,Nectarina,Pera,Pêssego,Soja,Trigo,Uva,Pastagem,Pinus,Eucalipto;17;Capim-kikuio (Pennisetum clandestinum) | 4-5 | L/ha (produto comercial);validado_bula;;
30723;Glifomega 480 SL;30723.pdf;4;Capim-massambará;Sorghum halepense;4.0;4.0;L/ha;300.0;400.0;L/ha;1;;Ameixa,Banana,Cacau,Café,Cana-de-açúcar,Citros,Maçã,Milho,Nectarina,Pera,Pêssego,Soja,Trigo,Uva,Pastagem,Pinus,Eucalipto;17;Capim-massambará (Sorghum halepense) | 4 | L/ha (produto comercial);validado_bula;;
30723;Glifomega 480 SL;30723.pdf;4;Capim-membeca;Andropogon leucostachyus;4.0;4.0;L/ha;300.0;400.0;L/ha;1;;Ameixa,Banana,Cacau,Café,Cana-de-açúcar,Citros,Maçã,Milho,Nectarina,Pera,Pêssego,Soja,Trigo,Uva,Pastagem,Pinus,Eucalipto;17;Capim-membeca (Andropogon leucostachyus) | 4 | L/ha (produto comercial);validado_bula;;
30723;Glifomega 480 SL;30723.pdf;4;Capim-rabo-de-burro;Andropogon bicornis;4.0;4.0;L/ha;300.0;400.0;L/ha;1;;Ameixa,Banana,Cacau,Café,Cana-de-açúcar,Citros,Maçã,Milho,Nectarina,Pera,Pêssego,Soja,Trigo,Uva,Pastagem,Pinus,Eucalipto;17;Capim-rabo-de-burro (Andropogon bicornis) | 4 | L/ha (produto comercial);validado_bula;;
30723;Glifomega 480 SL;30723.pdf;4;Grama-batatais;Paspalum notatum;4.0;5.0;L/ha;300.0;400.0;L/ha;1;;Ameixa,Banana,Cacau,Café,Cana-de-açúcar,Citros,Maçã,Milho,Nectarina,Pera,Pêssego,Soja,Trigo,Uva,Pastagem,Pinus,Eucalipto;17;Grama-batatais (Paspalum notatum) | 4-5 | L/ha (produto comercial);validado_bula;;
30723;Glifomega 480 SL;30723.pdf;4;Grama-comprida;Paspalum dilatatum;2.0;2.0;L/ha;300.0;400.0;L/ha;1;;Ameixa,Banana,Cacau,Café,Cana-de-açúcar,Citros,Maçã,Milho,Nectarina,Pera,Pêssego,Soja,Trigo,Uva,Pastagem,Pinus,Eucalipto;17;Grama-comprida (Paspalum dilatatum) | 2 | L/ha (produto comercial);validado_bula;;
30723;Glifomega 480 SL;30723.pdf;4;Grama-missioneira ou capitinga;Axonopus compressus;4.0;4.0;L/ha;300.0;400.0;L/ha;1;;Ameixa,Banana,Cacau,Café,Cana-de-açúcar,Citros,Maçã,Milho,Nectarina,Pera,Pêssego,Soja,Trigo,Uva,Pastagem,Pinus,Eucalipto;17;Grama-missioneira ou capitinga (Axonopus compressus) | 4 | L/ha (produto comercial);validado_bula;;
30723;Glifomega 480 SL;30723.pdf;4;Grama-seda;Cynodon dactylon;4.0;5.0;L/ha;300.0;400.0;L/ha;1;;Ameixa,Banana,Cacau,Café,Cana-de-açúcar,Citros,Maçã,Milho,Nectarina,Pera,Pêssego,Soja,Trigo,Uva,Pastagem,Pinus,Eucalipto;17;Grama-seda (Cynodon dactylon) | 4-5 | L/ha (produto comercial);validado_bula;;
30723;Glifomega 480 SL;30723.pdf;4;Grama-touceira;Paspalum paniculatum;4.0;5.0;L/ha;300.0;400.0;L/ha;1;;Ameixa,Banana,Cacau,Café,Cana-de-açúcar,Citros,Maçã,Milho,Nectarina,Pera,Pêssego,Soja,Trigo,Uva,Pastagem,Pinus,Eucalipto;17;Grama-touceira (Paspalum paniculatum) | 4-5 | L/ha (produto comercial);validado_bula;;
30723;Glifomega 480 SL;30723.pdf;4;Junquinho;Cyperus ferax;1.5;3.0;L/ha;300.0;400.0;L/ha;1;;Ameixa,Banana,Cacau,Café,Cana-de-açúcar,Citros,Maçã,Milho,Nectarina,Pera,Pêssego,Soja,Trigo,Uva,Pastagem,Pinus,Eucalipto;17;Junquinho (Cyperus ferax) | 1.5-3 | L/ha (produto comercial);validado_bula;;
30723;Glifomega 480 SL;30723.pdf;4;Taboca;Guadua angustifolia;12.0;12.0;L/ha;300.0;400.0;L/ha;1;;Ameixa,Banana,Cacau,Café,Cana-de-açúcar,Citros,Maçã,Milho,Nectarina,Pera,Pêssego,Soja,Trigo,Uva,Pastagem,Pinus,Eucalipto;17;Taboca (Guadua angustifolia) | 12 | L/ha (produto comercial);validado_bula;;
30723;Glifomega 480 SL;30723.pdf;4;Tiririca;Cyperus difformis;5.0;5.0;L/ha;300.0;400.0;L/ha;1;;Ameixa,Banana,Cacau,Café,Cana-de-açúcar,Citros,Maçã,Milho,Nectarina,Pera,Pêssego,Soja,Trigo,Uva,Pastagem,Pinus,Eucalipto;17;Tiririca (Cyperus difformis) | 5 | L/ha (produto comercial);validado_bula;;
30723;Glifomega 480 SL;30723.pdf;4;Tiririca;Cyperus flavus;3.0;3.0;L/ha;300.0;400.0;L/ha;1;;Ameixa,Banana,Cacau,Café,Cana-de-açúcar,Citros,Maçã,Milho,Nectarina,Pera,Pêssego,Soja,Trigo,Uva,Pastagem,Pinus,Eucalipto;17;Tiririca (Cyperus flavus) | 3 | L/ha (produto comercial);validado_bula;;
30723;Glifomega 480 SL;30723.pdf;4;Tiririca;Cyperus rotundus;4.0;5.0;L/ha;300.0;400.0;L/ha;1;;Ameixa,Banana,Cacau,Café,Cana-de-açúcar,Citros,Maçã,Milho,Nectarina,Pera,Pêssego,Soja,Trigo,Uva,Pastagem,Pinus,Eucalipto;17;Tiririca (Cyperus rotundus) | 4-5 | L/ha (produto comercial);validado_bula;;
30723;Glifomega 480 SL;30723.pdf;5;Agriãozinho;Synedrellopsis grisebachii;5.0;5.0;L/ha;300.0;400.0;L/ha;1;;Ameixa,Banana,Cacau,Café,Cana-de-açúcar,Citros,Maçã,Milho,Nectarina,Pera,Pêssego,Soja,Trigo,Uva,Pastagem,Pinus,Eucalipto;17;Agriãozinho (Synedrellopsis grisebachii) | 5 | L/ha (produto comercial);validado_bula;;
30723;Glifomega 480 SL;30723.pdf;5;Amendoim-bravo;Euphorbia heterophylla;3.0;4.0;L/ha;300.0;400.0;L/ha;1;;Algodão,Feijão;2;Amendoim-bravo (Euphorbia heterophylla) | 3-4 | L/ha (produto comercial);validado;;
30723;Glifomega 480 SL;30723.pdf;5;Angiquinho;Aeschynomene rudis;3.0;4.0;L/ha;300.0;400.0;L/ha;1;;Algodão,Feijão;2;Angiquinho (Aeschynomene rudis) | 3-4 | L/ha (produto comercial);validado;;
30723;Glifomega 480 SL;30723.pdf;5;Apaga-fogo;Alternanthera tenella;1.0;1.0;L/ha;300.0;400.0;L/ha;1;;Ameixa,Banana,Cacau,Café,Cana-de-açúcar,Citros,Maçã,Milho,Nectarina,Pera,Pêssego,Soja,Trigo,Uva,Pastagem,Pinus,Eucalipto;17;Apaga-fogo (Alternanthera tenella) | 1 | L/ha (produto comercial);validado_bula;;
30723;Glifomega 480 SL;30723.pdf;5;Arroz vermelho, arroz daninho;Oryza sativa;3.0;4.0;L/ha;300.0;400.0;L/ha;1;;Algodão,Feijão;2;Arroz vermelho, arroz daninho (Oryza sativa) | 3-4 | L/ha (produto comercial);validado;;
30723;Glifomega 480 SL;30723.pdf;5;Capim arroz;Echinochloa crusgali;2.0;2.0;L/ha;300.0;400.0;L/ha;1;;Algodão,Feijão;2;Capim arroz (Echinochloa crusgali) | 2 | L/ha (produto comercial);validado_bula;;
30723;Glifomega 480 SL;30723.pdf;5;Capim colchão;Digitaria horizontalis;2.0;2.0;L/ha;300.0;400.0;L/ha;1;;Algodão,Feijão;2;Capim colchão (Digitaria horizontalis) | 2 | L/ha (produto comercial);validado;;
30723;Glifomega 480 SL;30723.pdf;5;Capim pé de galinha;Eleusine indica;1.0;2.0;L/ha;300.0;400.0;L/ha;1;;Algodão,Feijão;2;Capim pé de galinha (Eleusine indica) | 1-2 | L/ha (produto comercial);validado;;
30723;Glifomega 480 SL;30723.pdf;5;Capim-marmelada;Brachiaria plantaginea;1.0;1.0;L/ha;300.0;400.0;L/ha;1;;Algodão,Feijão;2;Capim-marmelada (Brachiaria plantaginea) | 1 | L/ha (produto comercial);validado;;
30723;Glifomega 480 SL;30723.pdf;5;Caruru verde;Amaranthus viridis;3.0;4.0;L/ha;300.0;400.0;L/ha;1;;Algodão,Feijão;2;Caruru verde (Amaranthus viridis) | 3-4 | L/ha (produto comercial);validado;;
30723;Glifomega 480 SL;30723.pdf;5;Corda de viola;Ipomoea grandifolia;3.0;4.0;L/ha;300.0;400.0;L/ha;1;;Algodão,Feijão;2;Corda de viola (Ipomoea grandifolia) | 3-4 | L/ha (produto comercial);validado;;
30723;Glifomega 480 SL;30723.pdf;5;Erva-lanceta;Solidago chilensis;2.0;2.0;L/ha;300.0;400.0;L/ha;1;;Ameixa,Banana,Cacau,Café,Cana-de-açúcar,Citros,Maçã,Milho,Nectarina,Pera,Pêssego,Soja,Trigo,Uva,Pastagem,Pinus,Eucalipto;17;Erva-lanceta (Solidago chilensis) | 2 | L/ha (produto comercial);validado_bula;;
30723;Glifomega 480 SL;30723.pdf;5;Falsa serralha;Emilia sonchifolia;2.0;2.0;L/ha;300.0;400.0;L/ha;1;;Algodão,Feijão;2;Falsa serralha (Emilia sonchifolia) | 2 | L/ha (produto comercial);validado;;
30723;Glifomega 480 SL;30723.pdf;5;Fedegoso-branco;Senna obtusifolia;5.0;5.0;L/ha;300.0;400.0;L/ha;1;;Ameixa,Banana,Cacau,Café,Cana-de-açúcar,Citros,Maçã,Milho,Nectarina,Pera,Pêssego,Soja,Trigo,Uva,Pastagem,Pinus,Eucalipto;17;Fedegoso-branco (Senna obtusifolia) | 5 | L/ha (produto comercial);validado_bula;;
30723;Glifomega 480 SL;30723.pdf;5;Grandiúva;Trema micrantha;4.0;4.0;L/ha;300.0;400.0;L/ha;1;;Ameixa,Banana,Cacau,Café,Cana-de-açúcar,Citros,Maçã,Milho,Nectarina,Pera,Pêssego,Soja,Trigo,Uva,Pastagem,Pinus,Eucalipto;17;Grandiúva (Trema micrantha) | 4 | L/ha (produto comercial);validado_bula;;
30723;Glifomega 480 SL;30723.pdf;5;Guanxuma;Sida cordifolia;3.0;3.0;L/ha;300.0;400.0;L/ha;1;;Ameixa,Banana,Cacau,Café,Cana-de-açúcar,Citros,Maçã,Milho,Nectarina,Pera,Pêssego,Soja,Trigo,Uva,Pastagem,Pinus,Eucalipto;17;Guanxuma (Sida cordifolia) | 3 | L/ha (produto comercial);validado_bula;;
30723;Glifomega 480 SL;30723.pdf;5;Guanxuma;Sida rhombifolia;3.0;3.0;L/ha;300.0;400.0;L/ha;1;;Ameixa,Banana,Cacau,Café,Cana-de-açúcar,Citros,Maçã,Milho,Nectarina,Pera,Pêssego,Soja,Trigo,Uva,Pastagem,Pinus,Eucalipto;17;Guanxuma (Sida rhombifolia) | 3 | L/ha (produto comercial);validado_bula;;
30723;Glifomega 480 SL;30723.pdf;5;Guanxuma-branca;Sida glaziovii;3.0;3.0;L/ha;300.0;400.0;L/ha;1;;Ameixa,Banana,Cacau,Café,Cana-de-açúcar,Citros,Maçã,Milho,Nectarina,Pera,Pêssego,Soja,Trigo,Uva,Pastagem,Pinus,Eucalipto;17;Guanxuma-branca (Sida glaziovii) | 3 | L/ha (produto comercial);validado_bula;;
30723;Glifomega 480 SL;30723.pdf;5;Língua-de-vaca;Rumex crispus;3.0;3.0;L/ha;300.0;400.0;L/ha;1;;Ameixa,Banana,Cacau,Café,Cana-de-açúcar,Citros,Maçã,Milho,Nectarina,Pera,Pêssego,Soja,Trigo,Uva,Pastagem,Pinus,Eucalipto;17;Língua-de-vaca (Rumex crispus) | 3 | L/ha (produto comercial);validado_bula;;
30723;Glifomega 480 SL;30723.pdf;5;Macela;Gnaphalium pensylvanicum;1.0;2.0;L/ha;300.0;400.0;L/ha;1;;Algodão,Feijão;2;Macela (Gnaphalium pensylvanicum) | 1-2 | L/ha (produto comercial);validado;;
30723;Glifomega 480 SL;30723.pdf;5;Maria-mole;Senecio brasiliensis;2.0;3.0;L/ha;300.0;400.0;L/ha;1;;Ameixa,Banana,Cacau,Café,Cana-de-açúcar,Citros,Maçã,Milho,Nectarina,Pera,Pêssego,Soja,Trigo,Uva,Pastagem,Pinus,Eucalipto;17;Maria-mole (Senecio brasiliensis) | 2-3 | L/ha (produto comercial);validado_bula;;
30723;Glifomega 480 SL;30723.pdf;5;Mata-pasto;Eupatorium maximilianii;1.5;1.5;L/ha;300.0;400.0;L/ha;1;;Ameixa,Banana,Cacau,Café,Cana-de-açúcar,Citros,Maçã,Milho,Nectarina,Pera,Pêssego,Soja,Trigo,Uva,Pastagem,Pinus,Eucalipto;17;Mata-pasto (Eupatorium maximilianii) | 1.5 | L/ha (produto comercial);validado_bula;;
30723;Glifomega 480 SL;30723.pdf;5;Picão branco;Galinsonga parviflora;1.0;1.0;L/ha;300.0;400.0;L/ha;1;;Algodão,Feijão;2;Picão branco (Galinsonga parviflora) | 1 | L/ha (produto comercial);validado_bula;;
30723;Glifomega 480 SL;30723.pdf;5;Picão preto;Bidens pilosa;1.0;2.0;L/ha;300.0;400.0;L/ha;1;;Algodão,Feijão;2;Picão preto (Bidens pilosa) | 1-2 | L/ha (produto comercial);validado;;
30723;Glifomega 480 SL;30723.pdf;5;Tanchagem;Plantago major;5.0;5.0;L/ha;300.0;400.0;L/ha;1;;Ameixa,Banana,Cacau,Café,Cana-de-açúcar,Citros,Maçã,Milho,Nectarina,Pera,Pêssego,Soja,Trigo,Uva,Pastagem,Pinus,Eucalipto;17;Tanchagem (Plantago major) | 5 | L/ha (produto comercial);validado_bula;;
30723;Glifomega 480 SL;30723.pdf;6;Assa-peixe;Vernonia ferruginea;4.0;4.0;L/ha;150.0;400.0;L/ha;1;;Arroz,Arroz-irrigado,Seringueira;3;Assa-peixe (Vernonia ferruginea) | 4 | L/ha (produto comercial);validado_bula;;
30723;Glifomega 480 SL;30723.pdf;6;Caeté;Thalia geniculata;4.0;4.0;L/ha;150.0;400.0;L/ha;1;;Arroz,Arroz-irrigado,Seringueira;3;Caeté (Thalia geniculata) | 4 | L/ha (produto comercial);validado_bula;;
30723;Glifomega 480 SL;30723.pdf;6;Capim-amargoso;Digitaria insularis;2.0;2.0;L/ha;150.0;400.0;L/ha;1;;Arroz,Arroz-irrigado,Seringueira;3;Capim-amargoso (Digitaria insularis) | 2 | L/ha (produto comercial);validado_bula;;
30723;Glifomega 480 SL;30723.pdf;6;Capim-carrapicho;Cenchrus echinatus;1.5;1.5;L/ha;150.0;400.0;L/ha;1;;Arroz,Arroz-irrigado,Seringueira;3;Capim-carrapicho (Cenchrus echinatus) | 1.5 | L/ha (produto comercial);validado_bula;;
30723;Glifomega 480 SL;30723.pdf;6;Capim-colchão;Digitaria horizontalis;2.0;2.0;L/ha;150.0;400.0;L/ha;1;;Arroz,Arroz-irrigado,Seringueira;3;Capim-colchão (Digitaria horizontalis) | 2 | L/ha (produto comercial);validado_bula;;
30723;Glifomega 480 SL;30723.pdf;6;Capim-favorito;Rhynchelitrum repens;2.0;2.0;L/ha;150.0;400.0;L/ha;1;;Arroz,Arroz-irrigado,Seringueira;3;Capim-favorito (Rhynchelitrum repens) | 2 | L/ha (produto comercial);validado_bula;;
30723;Glifomega 480 SL;30723.pdf;6;Capim-pé-de-galinha;Eleusine indica;2.0;2.0;L/ha;150.0;400.0;L/ha;1;;Arroz,Arroz-irrigado,Seringueira;3;Capim-pé-de-galinha (Eleusine indica) | 2 | L/ha (produto comercial);validado_bula;;
30723;Glifomega 480 SL;30723.pdf;6;Capim-rabo-de-raposa;Setaria geniculata;2.0;2.0;L/ha;150.0;400.0;L/ha;1;;Arroz,Arroz-irrigado,Seringueira;3;Capim-rabo-de-raposa (Setaria geniculata) | 2 | L/ha (produto comercial);validado_bula;;
30723;Glifomega 480 SL;30723.pdf;6;Carrapicho-de-carneiro;Acanthospermum hispidum;1.0;1.0;L/ha;150.0;400.0;L/ha;1;;Arroz,Arroz-irrigado,Seringueira;3;Carrapicho-de-carneiro (Acanthospermum hispidum) | 1 | L/ha (produto comercial);validado_bula;;
30723;Glifomega 480 SL;30723.pdf;6;Caruru;Amaranthus hybridus;1.5;1.5;L/ha;150.0;400.0;L/ha;1;;Arroz,Arroz-irrigado,Seringueira;3;Caruru (Amaranthus hybridus) | 1.5 | L/ha (produto comercial);validado_bula;;
30723;Glifomega 480 SL;30723.pdf;6;Centela;Centella asiatica;4.0;4.0;L/ha;150.0;400.0;L/ha;1;;Arroz,Arroz-irrigado,Seringueira;3;Centela (Centella asiatica) | 4 | L/ha (produto comercial);validado_bula;;
30723;Glifomega 480 SL;30723.pdf;6;Grama-seda;Cynodon dactylon;3.0;5.0;L/ha;300.0;400.0;L/ha;1;;Algodão,Feijão;2;Grama-seda (Cynodon dactylon) | 3-5 | L/ha (produto comercial);validado;;
30723;Glifomega 480 SL;30723.pdf;6;Guanxuma;Sida rhombifolia;2.0;3.0;L/ha;300.0;400.0;L/ha;1;;Algodão,Feijão;2;Guanxuma (Sida rhombifolia) | 2-3 | L/ha (produto comercial);validado;;
30723;Glifomega 480 SL;30723.pdf;6;Guanxuma-branca;Sida glaziovii;2.0;3.0;L/ha;300.0;400.0;L/ha;1;;Algodão,Feijão;2;Guanxuma-branca (Sida glaziovii) | 2-3 | L/ha (produto comercial);validado;;
30723;Glifomega 480 SL;30723.pdf;6;Losna-branca;Parthenium hysterophorus;2.0;2.0;L/ha;150.0;400.0;L/ha;1;;Arroz,Arroz-irrigado,Seringueira;3;Losna-branca (Parthenium hysterophorus) | 2 | L/ha (produto comercial);validado_bula;;
30723;Glifomega 480 SL;30723.pdf;6;Malvastro;Malvastrum coromandelianum;2.0;2.0;L/ha;150.0;400.0;L/ha;1;;Arroz,Arroz-irrigado,Seringueira;3;Malvastro (Malvastrum coromandelianum) | 2 | L/ha (produto comercial);validado_bula;;
30723;Glifomega 480 SL;30723.pdf;6;Picão-preto;Bidens pilosa;1.0;1.0;L/ha;150.0;400.0;L/ha;1;;Arroz,Arroz-irrigado,Seringueira;3;Picão-preto (Bidens pilosa) | 1 | L/ha (produto comercial);validado_bula;;
30723;Glifomega 480 SL;30723.pdf;6;Poaia-branca;Richardia brasiliensis;2.0;2.0;L/ha;150.0;400.0;L/ha;1;;Arroz,Arroz-irrigado,Seringueira;3;Poaia-branca (Richardia brasiliensis) | 2 | L/ha (produto comercial);validado_bula;;
30723;Glifomega 480 SL;30723.pdf;6;Tiririca;Cyperus rotundus;4.0;5.0;L/ha;300.0;400.0;L/ha;1;;Algodão,Feijão;2;Tiririca (Cyperus rotundus) | 4-5 | L/ha (produto comercial);validado;;
30723;Glifomega 480 SL;30723.pdf;6;Trapoeraba;Murdannia nudiflora;4.0;4.0;L/ha;150.0;400.0;L/ha;1;;Arroz,Arroz-irrigado,Seringueira;3;Trapoeraba (Murdannia nudiflora) | 4 | L/ha (produto comercial);validado_bula;;
30723;Glifomega 480 SL;30723.pdf;7;Amendoim-bravo;Euphorbia heterophylla;2.0;3.3;L/ha;;;;2;15 a 20 dias entre aplicações sequenciais;Soja geneticamente modificada;1;Amendoim-bravo (Euphorbia heterophylla) | 2-3.3 | L/ha (produto comercial);validado_bula;;
30723;Glifomega 480 SL;30723.pdf;7;Apaga-fogo;Alternanthera tenella;2.0;3.3;L/ha;;;;2;15 a 20 dias entre aplicações sequenciais;Soja geneticamente modificada;1;Apaga-fogo (Alternanthera tenella) | 2-3.3 | L/ha (produto comercial);validado_bula;;
30723;Glifomega 480 SL;30723.pdf;7;Beldroega;Portulaca oleracea;2.0;3.3;L/ha;;;;2;15 a 20 dias entre aplicações sequenciais;Soja geneticamente modificada;1;Beldroega (Portulaca oleracea) | 2-3.3 | L/ha (produto comercial);validado_bula;;
30723;Glifomega 480 SL;30723.pdf;7;Braquiarão;Brachiaria brizantha;1.6;3.3;L/ha;;;;2;15 a 20 dias entre aplicações sequenciais;Soja geneticamente modificada;1;Braquiarão (Brachiaria brizantha) | 1.6-3.3 | L/ha (produto comercial);validado_bula;;
30723;Glifomega 480 SL;30723.pdf;7;Capim-carrapicho;Cenchrus echinatus;1.6;3.3;L/ha;;;;2;15 a 20 dias entre aplicações sequenciais;Soja geneticamente modificada;1;Capim-carrapicho (Cenchrus echinatus) | 1.6-3.3 | L/ha (produto comercial);validado_bula;;
30723;Glifomega 480 SL;30723.pdf;7;Capim-colchão;Digitaria horizontalis;1.6;3.3;L/ha;;;;2;15 a 20 dias entre aplicações sequenciais;Soja geneticamente modificada;1;Capim-colchão (Digitaria horizontalis) | 1.6-3.3 | L/ha (produto comercial);validado_bula;;
30723;Glifomega 480 SL;30723.pdf;7;Capim-colonião;Panicum maximum;2.0;2.0;L/ha;150.0;400.0;L/ha;1;;Arroz,Arroz-irrigado,Seringueira;3;Capim-colonião (Panicum maximum) | 2 | L/ha (produto comercial);validado_bula;;
30723;Glifomega 480 SL;30723.pdf;7;Capim-dandá;Cyperus rotundus;4.0;4.0;L/ha;150.0;400.0;L/ha;1;;Arroz,Arroz-irrigado,Seringueira;3;Capim-dandá (Cyperus rotundus) | 4 | L/ha (produto comercial);validado_bula;;
30723;Glifomega 480 SL;30723.pdf;7;Capim-gengibre;Paspalum maritimum;2.0;2.0;L/ha;150.0;400.0;L/ha;1;;Arroz,Arroz-irrigado,Seringueira;3;Capim-gengibre (Paspalum maritimum) | 2 | L/ha (produto comercial);validado_bula;;
30723;Glifomega 480 SL;30723.pdf;7;Capim-marmelada;Brachiaria plantaginea;1.6;3.3;L/ha;;;;2;15 a 20 dias entre aplicações sequenciais;Soja geneticamente modificada;1;Capim-marmelada (Brachiaria plantaginea) | 1.6-3.3 | L/ha (produto comercial);validado_bula;;
30723;Glifomega 480 SL;30723.pdf;7;Capim-pé-de-galinha;Eleusine indica;1.6;3.3;L/ha;;;;2;15 a 20 dias entre aplicações sequenciais;Soja geneticamente modificada;1;Capim-pé-de-galinha (Eleusine indica) | 1.6-3.3 | L/ha (produto comercial);validado_bula;;
30723;Glifomega 480 SL;30723.pdf;7;Caruru-de-mancha;Amaranthus viridis;2.0;3.3;L/ha;;;;2;15 a 20 dias entre aplicações sequenciais;Soja geneticamente modificada;1;Caruru-de-mancha (Amaranthus viridis) | 2-3.3 | L/ha (produto comercial);validado_bula;;
30723;Glifomega 480 SL;30723.pdf;7;Erva-de-santa-luzia;Chamaesyce hirta;2.0;3.3;L/ha;;;;2;15 a 20 dias entre aplicações sequenciais;Soja geneticamente modificada;1;Erva-de-santa-luzia (Chamaesyce hirta) | 2-3.3 | L/ha (produto comercial);validado_bula;;
30723;Glifomega 480 SL;30723.pdf;7;Erva-quente;Spermacoce alata;4.0;4.0;L/ha;150.0;400.0;L/ha;1;;Arroz,Arroz-irrigado,Seringueira;3;Erva-quente (Spermacoce alata) | 4 | L/ha (produto comercial);validado_bula;;
30723;Glifomega 480 SL;30723.pdf;7;Grama-batatais;Paspalum notatum;4.0;4.0;L/ha;150.0;400.0;L/ha;1;;Arroz,Arroz-irrigado,Seringueira;3;Grama-batatais (Paspalum notatum) | 4 | L/ha (produto comercial);validado_bula;;
30723;Glifomega 480 SL;30723.pdf;7;Grama-bermuda;Cynodon dactylon;4.0;4.0;L/ha;150.0;400.0;L/ha;1;;Arroz,Arroz-irrigado,Seringueira;3;Grama-bermuda (Cynodon dactylon) | 4 | L/ha (produto comercial);validado_bula;;
30723;Glifomega 480 SL;30723.pdf;7;Guanxuma;Sida cordifolia;3.0;3.0;L/ha;150.0;400.0;L/ha;1;;Arroz,Arroz-irrigado,Seringueira;3;Guanxuma (Sida cordifolia) | 3 | L/ha (produto comercial);validado_bula;;
30723;Glifomega 480 SL;30723.pdf;7;Guanxuma;Sida rhombifolia;3.0;3.0;L/ha;150.0;400.0;L/ha;1;;Arroz,Arroz-irrigado,Seringueira;3;Guanxuma (Sida rhombifolia) | 3 | L/ha (produto comercial);validado_bula;;
30723;Glifomega 480 SL;30723.pdf;7;Junquinho;Cyperus ferax;3.0;3.0;L/ha;150.0;400.0;L/ha;1;;Arroz,Arroz-irrigado,Seringueira;3;Junquinho (Cyperus ferax) | 3 | L/ha (produto comercial);validado_bula;;
30723;Glifomega 480 SL;30723.pdf;7;Lanceta;Eclipta alba;2.0;2.0;L/ha;150.0;400.0;L/ha;1;;Arroz,Arroz-irrigado,Seringueira;3;Lanceta (Eclipta alba) | 2 | L/ha (produto comercial);validado_bula;;
30723;Glifomega 480 SL;30723.pdf;7;Nabiça;Raphanus raphanistrum;2.0;3.3;L/ha;;;;2;15 a 20 dias entre aplicações sequenciais;Soja geneticamente modificada;1;Nabiça (Raphanus raphanistrum) | 2-3.3 | L/ha (produto comercial);validado_bula;;
30723;Glifomega 480 SL;30723.pdf;7;Picão-branco;Galinsoga parviflora;2.0;3.3;L/ha;;;;2;15 a 20 dias entre aplicações sequenciais;Soja geneticamente modificada;1;Picão-branco (Galinsoga parviflora) | 2-3.3 | L/ha (produto comercial);validado_bula;;
30723;Glifomega 480 SL;30723.pdf;7;Poaia-branca;Richardia brasiliensis;2.0;3.3;L/ha;;;;2;15 a 20 dias entre aplicações sequenciais;Soja geneticamente modificada;1;Poaia-branca (Richardia brasiliensis) | 2-3.3 | L/ha (produto comercial);validado_bula;;
30723;Glifomega 480 SL;30723.pdf;7;Soqueira de cana-de-açúcar;Saccharum officinarum;4.0;4.0;L/ha;150.0;400.0;L/ha;1;;Arroz,Arroz-irrigado,Seringueira;3;Soqueira de cana-de-açúcar (Saccharum officinarum) | 4 | L/ha (produto comercial);validado_bula;;
30723;Glifomega 480 SL;30723.pdf;7;Trapoeraba;Commelina benghalensis;2.0;3.3;L/ha;;;;2;15 a 20 dias entre aplicações sequenciais;Soja geneticamente modificada;1;Trapoeraba (Commelina benghalensis) | 2-3.3 | L/ha (produto comercial);validado_bula;;
30723;Glifomega 480 SL;30723.pdf;8;Eliminação de soqueira - cultivar CB (equipamento CDA/BENTLEY);;3.0;3.0;L/ha;;;;1;;Cana-de-açúcar;1;CB | 3 (Equipamento CDA/BENTLEY) | Ingrediente ativo;validado_bula;;
30723;Glifomega 480 SL;30723.pdf;8;Eliminação de soqueira - cultivar CB (equipamento convencional);;4.0;4.0;L/ha;;;;1;;Cana-de-açúcar;1;CB | 4 (Equipamento convencional) | Ingrediente ativo;validado_bula;;
30723;Glifomega 480 SL;30723.pdf;8;Eliminação de soqueira - cultivar CO/CP (equipamento CDA/BENTLEY);;4.0;4.0;L/ha;;;;1;;Cana-de-açúcar;1;CO/CP | 4 (Equipamento CDA/BENTLEY) | Ingrediente ativo;validado_bula;;
30723;Glifomega 480 SL;30723.pdf;8;Eliminação de soqueira - cultivar CO/CP (equipamento convencional);;5.0;5.0;L/ha;;;;1;;Cana-de-açúcar;1;CO/CP | 5 (Equipamento convencional) | Ingrediente ativo;validado_bula;;
30723;Glifomega 480 SL;30723.pdf;8;Eliminação de soqueira - cultivar IAC (equipamento CDA/BENTLEY);;4.0;4.0;L/ha;;;;1;;Cana-de-açúcar;1;IAC | 4 (Equipamento CDA/BENTLEY) | Ingrediente ativo;validado_bula;;
30723;Glifomega 480 SL;30723.pdf;8;Eliminação de soqueira - cultivar IAC (equipamento convencional);;5.0;5.0;L/ha;;;;1;;Cana-de-açúcar;1;IAC | 5 (Equipamento convencional) | Ingrediente ativo;validado_bula;;
30723;Glifomega 480 SL;30723.pdf;8;Eliminação de soqueira - cultivar NA (equipamento CDA/BENTLEY);;4.0;4.0;L/ha;;;;1;;Cana-de-açúcar;1;NA | 4 (Equipamento CDA/BENTLEY) | Ingrediente ativo;validado_bula;;
30723;Glifomega 480 SL;30723.pdf;8;Eliminação de soqueira - cultivar NA (equipamento convencional);;5.0;5.0;L/ha;;;;1;;Cana-de-açúcar;1;NA | 5 (Equipamento convencional) | Ingrediente ativo;validado_bula;;
30723;Glifomega 480 SL;30723.pdf;8;Eliminação de soqueira - cultivar SP (equipamento CDA/BENTLEY);;3.0;3.0;L/ha;;;;1;;Cana-de-açúcar;1;SP | 3 (Equipamento CDA/BENTLEY) | Ingrediente ativo;validado_bula;;
30723;Glifomega 480 SL;30723.pdf;8;Eliminação de soqueira - cultivar SP (equipamento convencional);;5.0;5.0;L/ha;;;;1;;Cana-de-açúcar;1;SP | 5 (Equipamento convencional) | Ingrediente ativo;validado_bula;;
30723;Glifomega 480 SL;30723.pdf;9;Maturador;;0.6;0.6;L/ha;;;;1;;Cana-de-açúcar;1;Período entre aplicação e colheita/dose: ... 42 a 56 dias ... para a dose recomendada do produto de 0,6 L/ha;validado_bula;;
315;Grant;315.pdf;4;Amendoim-bravo;Euphorbia heterophyla;1.0;1.5;L/ha;200.0;400.0;L/ha;1;;Arroz;1;Arroz | Amendoim-bravo | Euphorbia heterophyla | 1 a 1,5 | 1 | Pulverização terrestre: 200 a 400;validado;;
315;Grant;315.pdf;4;Amendoim-bravo;Euphorbia heterophylla;1.0;1.5;L/ha;200.0;400.0;L/ha;1;;Cana-de-açúcar;1;Cana-de-açúcar | Amendoim-bravo | Euphorbia heterophylla | 1 a 1,5 | 1 | Pulverização terrestre: 200 a 400;validado;;
315;Grant;315.pdf;4;Amendoim-bravo;Euphorbia heterophylla;1.5;1.5;L/ha;200.0;400.0;L/ha;1;;Milho;1;Milho | Amendoim-bravo | Euphorbia heterophylla | 1,5 | 1 | Pulverização terrestre: 200 a 400;validado;;
315;Grant;315.pdf;4;Apaga-fogo;Alternanthera tenella;1.0;1.5;L/ha;200.0;400.0;L/ha;1;;Cana-de-açúcar;1;Cana-de-açúcar | Apaga-fogo | Alternanthera tenella | 1 a 1,5 | 1 | Pulverização terrestre: 200 a 400;validado_bula;;
315;Grant;315.pdf;4;Apaga-fogo;Alternanthera tenella;1.5;1.5;L/ha;200.0;400.0;L/ha;1;;Milho;1;Milho | Apaga-fogo | Alternanthera tenella | 1,5 | 1 | Pulverização terrestre: 200 a 400;validado;;
315;Grant;315.pdf;4;Corriola;Ipomea grandifolia;1.0;1.5;L/ha;200.0;400.0;L/ha;1;;Cana-de-açúcar;1;Cana-de-açúcar | Corriola | Ipomea grandifolia | 1 a 1,5 | 1 | Pulverização terrestre: 200 a 400;validado_bula;;
315;Grant;315.pdf;4;Corriola;Ipomoea grandifolia;1.5;1.5;L/ha;200.0;400.0;L/ha;1;;Milho;1;Milho | Corriola | Ipomoea grandifolia | 1,5 | 1 | Pulverização terrestre: 200 a 400;validado;;
315;Grant;315.pdf;4;Fura-capa;Bidens pilosa;1.0;1.5;L/ha;200.0;400.0;L/ha;1;;Arroz;1;Arroz | Fura-capa | Bidens pilosa | 1 a 1,5 | 1 | Pulverização terrestre: 200 a 400;validado;;
315;Grant;315.pdf;4;Fura-capa;Bidens pilosa;1.5;1.5;L/ha;200.0;400.0;L/ha;1;;Milho;1;Milho | Fura-capa | Bidens pilosa | 1,5 | 1 | Pulverização terrestre: 200 a 400;validado;;
315;Grant;315.pdf;4;Guanxuma;Sida rhombifolia;1.0;1.5;L/ha;200.0;400.0;L/ha;1;;Cana-de-açúcar;1;Cana-de-açúcar | Guanxuma | Sida rhombifolia | 1 a 1,5 | 1 | Pulverização terrestre: 200 a 400;validado;;
315;Grant;315.pdf;4;Trapoeraba;Commelina benghalensis;1.0;1.5;L/ha;200.0;400.0;L/ha;1;;Cana-de-açúcar;1;Cana-de-açúcar | Trapoeraba | Commelina benghalensis | 1 a 1,5 | 1 | Pulverização terrestre: 200 a 400;validado;;
315;Grant;315.pdf;5;Amendoim-bravo;Euphorbia heterophylla;1.0;1.5;L/ha;200.0;400.0;L/ha;1;;Soja;1;Soja (plantio direto) | Amendoim-bravo | Euphorbia heterophylla | 1 a 1,5 | 1 | Pulverização Terrestre: 200 a 400;validado;;
315;Grant;315.pdf;5;Amendoim-bravo;Euphorbia heterophylla;1.5;1.5;L/ha;200.0;400.0;L/ha;1;;Milho;1;Milho (plantio direto) | Amendoim-bravo | Euphorbia heterophylla | 1,5 | 1 | Pulverização Terrestre: 200 a 400;validado;;
315;Grant;315.pdf;5;Apaga-fogo;Alternanthera tenella;1.5;1.5;L/ha;200.0;400.0;L/ha;1;;Milho;1;Milho (plantio direto) | Apaga-fogo | Alternanthera tenella | 1,5 | 1 | Pulverização Terrestre: 200 a 400;validado;;
315;Grant;315.pdf;5;Corriola;Ipomoea grandifolia;1.5;1.5;L/ha;200.0;400.0;L/ha;1;;Milho;1;Milho (plantio direto) | Corriola | Ipomoea grandifolia | 1,5 | 1 | Pulverização Terrestre: 200 a 400;validado;;
315;Grant;315.pdf;5;Fura-capa;Bidens pilosa;1.0;1.5;L/ha;200.0;400.0;L/ha;1;;Café,Soja;2;Soja (plantio direto) | Fura-capa | Bidens pilosa | 1 a 1,5 | 1 | Pulverização Terrestre: 200 a 400;validado;;
315;Grant;315.pdf;5;Fura-capa;Bidens pilosa;1.5;1.5;L/ha;200.0;400.0;L/ha;1;;Milho;1;Milho (plantio direto) | Fura-capa | Bidens pilosa | 1,5 | 1 | Pulverização Terrestre: 200 a 400;validado;;
315;Grant;315.pdf;5;Guanxuma;Sida rhombifolia;1.0;3.0;L/ha;200.0;400.0;L/ha;1;;Café;1;Café | Guanxuma | Sida rhombifolia | 1 a 3 | 1 | Pulverização terrestre: 200 a 400;validado_bula;;
315;Grant;315.pdf;5;Malva-branca;Sida cordifolia;1.0;3.0;L/ha;200.0;400.0;L/ha;1;;Café;1;Café | Malva-branca | Sida cordifolia | 1 a 3 | 1 | Pulverização terrestre: 200 a 400;validado_bula;;
315;Grant;315.pdf;5;Trapoeraba;Commelina benghalensis;1.0;1.5;L/ha;200.0;400.0;L/ha;1;;Café,Soja;2;Soja (plantio direto) | Trapoeraba | Commelina benghalensis | 1 a 1,5 | 1 | Pulverização Terrestre: 200 a 400;validado;;
315;Grant;315.pdf;6;Amendoim-bravo;Euphorbia heterophylla;1.0;1.5;L/ha;200.0;400.0;L/ha;1;;Trigo;1;Trigo | Amendoim-bravo | Euphorbia heterophylla | 1 a 1,5 | 1 | Pulverização Terrestre: 200 a 400;validado;;
315;Grant;315.pdf;6;Fedegoso;Senna obtusifolia;1.0;3.0;L/ha;200.0;400.0;L/ha;1;;Pastagens;1;Pastagens | Fedegoso | Senna obtusifolia | 1 a 3 | 1 | Pulverização Terrestre: 200 a 400;validado;;
315;Grant;315.pdf;6;Fura-capa;Bidens pilosa;1.0;1.5;L/ha;200.0;400.0;L/ha;1;;Trigo;1;Trigo | Fura-capa | Bidens pilosa | 1 a 1,5 | 1 | Pulverização Terrestre: 200 a 400;validado;;
315;Grant;315.pdf;6;Guanxuma;Sida rhombifolia;1.0;3.0;L/ha;200.0;400.0;L/ha;1;;Pastagens;1;Pastagens | Guanxuma | Sida rhombifolia | 1 a 3 | 1 | Pulverização Terrestre: 200 a 400;validado;;
315;Grant;315.pdf;6;Malva-branca;Sida cordifolia;1.0;3.0;L/ha;200.0;400.0;L/ha;1;;Pastagens;1;Pastagens | Malva-branca | Sida cordifolia | 1 a 3 | 1 | Pulverização Terrestre: 200 a 400;validado;;
315;Grant;315.pdf;6;Nabo;Raphanus raphanistrum;1.0;1.5;L/ha;200.0;400.0;L/ha;1;;Trigo;1;Trigo | Nabo | Raphanus raphanistrum | 1 a 1,5 | 1 | Pulverização Terrestre: 200 a 400;validado;;
315;Grant;315.pdf;6;Picão-branco;Galinsoga parviflora;1.0;1.5;L/ha;200.0;400.0;L/ha;1;;Trigo;1;Trigo | Picão-branco | Galinsoga parviflora | 1 a 1,5 | 1 | Pulverização Terrestre: 200 a 400;validado;;
318;Glifosato Alta 480 SL;318.pdf;3;Arroz;Oryza sativa;3.0;5.0;L/ha;80.0;400.0;L/ha;1;;Ameixa,Arroz,Banana,Cacau,Café,Cana-de-açúcar,Citros,Eucalipto,Maçã,Milho,Nectarina,Pera,Pêssego,Pastagem,Pinus,Soja,Uva,Trigo;18;Arroz (Oryza sativa) | 3-5 | L/ha (produto comercial);validado_bula;;
318;Glifosato Alta 480 SL;318.pdf;3;Aveia;Avena sativa;1.0;1.0;L/ha;80.0;400.0;L/ha;1;;Ameixa,Arroz,Banana,Cacau,Café,Cana-de-açúcar,Citros,Eucalipto,Maçã,Milho,Nectarina,Pera,Pêssego,Pastagem,Pinus,Soja,Uva,Trigo;18;Aveia (Avena sativa) | 1 | L/ha (produto comercial);validado_bula;;
318;Glifosato Alta 480 SL;318.pdf;3;Azevém;Lolium multiflorum;2.0;3.0;L/ha;80.0;400.0;L/ha;1;;Ameixa,Arroz,Banana,Cacau,Café,Cana-de-açúcar,Citros,Eucalipto,Maçã,Milho,Nectarina,Pera,Pêssego,Pastagem,Pinus,Soja,Uva,Trigo;18;Azevém (Lolium multiflorum) | 2-3 | L/ha (produto comercial);validado_bula;;
318;Glifosato Alta 480 SL;318.pdf;3;Capim-Arroz;Echinochloa crusgalli;4.0;4.0;L/ha;80.0;400.0;L/ha;1;;Ameixa,Arroz,Banana,Cacau,Café,Cana-de-açúcar,Citros,Eucalipto,Maçã,Milho,Nectarina,Pera,Pêssego,Pastagem,Pinus,Soja,Uva,Trigo;18;Capim-Arroz (Echinochloa crusgalli) | 4 | L/ha (produto comercial);validado_bula;;
318;Glifosato Alta 480 SL;318.pdf;3;Capim-carrapicho;Cenchrus echinatus;1.5;1.5;L/ha;80.0;400.0;L/ha;1;;Ameixa,Arroz,Banana,Cacau,Café,Cana-de-açúcar,Citros,Eucalipto,Maçã,Milho,Nectarina,Pera,Pêssego,Pastagem,Pinus,Soja,Uva,Trigo;18;Capim-carrapicho (Cenchrus echinatus) | 1.5 | L/ha (produto comercial);validado_bula;;
318;Glifosato Alta 480 SL;318.pdf;3;Capim-colchão;Digitaria horizontalis;1.5;2.0;L/ha;80.0;400.0;L/ha;1;;Ameixa,Arroz,Banana,Cacau,Café,Cana-de-açúcar,Citros,Eucalipto,Maçã,Milho,Nectarina,Pera,Pêssego,Pastagem,Pinus,Soja,Uva,Trigo;18;Capim-colchão (Digitaria horizontalis) | 1.5-2 | L/ha (produto comercial);validado_bula;;
318;Glifosato Alta 480 SL;318.pdf;3;Capim-favorito;Rhynchelitrum repens;1.5;2.0;L/ha;80.0;400.0;L/ha;1;;Ameixa,Arroz,Banana,Cacau,Café,Cana-de-açúcar,Citros,Eucalipto,Maçã,Milho,Nectarina,Pera,Pêssego,Pastagem,Pinus,Soja,Uva,Trigo;18;Capim-favorito (Rhynchelitrum repens) | 1.5-2 | L/ha (produto comercial);validado_bula;;
318;Glifosato Alta 480 SL;318.pdf;3;Capim-marmelada;Brachiaria plantaginea;0.5;1.0;L/ha;80.0;400.0;L/ha;1;;Ameixa,Arroz,Banana,Cacau,Café,Cana-de-açúcar,Citros,Eucalipto,Maçã,Milho,Nectarina,Pera,Pêssego,Pastagem,Pinus,Soja,Uva,Trigo;18;Capim-marmelada (Brachiaria plantaginea) | 0.5-1 | L/ha (produto comercial);validado_bula;;
318;Glifosato Alta 480 SL;318.pdf;3;Capim-pé-de-galinha;Eleusine indica;2.0;2.0;L/ha;80.0;400.0;L/ha;1;;Ameixa,Arroz,Banana,Cacau,Café,Cana-de-açúcar,Citros,Eucalipto,Maçã,Milho,Nectarina,Pera,Pêssego,Pastagem,Pinus,Soja,Uva,Trigo;18;Capim-pé-de-galinha (Eleusine indica) | 2 | L/ha (produto comercial);validado_bula;;
318;Glifosato Alta 480 SL;318.pdf;3;Capim-rabo-de-raposa;Setaria geniculata;1.0;2.0;L/ha;80.0;400.0;L/ha;1;;Ameixa,Arroz,Banana,Cacau,Café,Cana-de-açúcar,Citros,Eucalipto,Maçã,Milho,Nectarina,Pera,Pêssego,Pastagem,Pinus,Soja,Uva,Trigo;18;Capim-rabo-de-raposa (Setaria geniculata) | 1-2 | L/ha (produto comercial);validado_bula;;
318;Glifosato Alta 480 SL;318.pdf;3;Cevadilha;Bromus catharticus;1.0;1.0;L/ha;80.0;400.0;L/ha;1;;Ameixa,Arroz,Banana,Cacau,Café,Cana-de-açúcar,Citros,Eucalipto,Maçã,Milho,Nectarina,Pera,Pêssego,Pastagem,Pinus,Soja,Uva,Trigo;18;Cevadilha (Bromus catharticus) | 1 | L/ha (produto comercial);validado_bula;;
318;Glifosato Alta 480 SL;318.pdf;3;Cominho ou falso cominho;Fimbristylis miliacea;5.0;5.0;L/ha;80.0;400.0;L/ha;1;;Ameixa,Arroz,Banana,Cacau,Café,Cana-de-açúcar,Citros,Eucalipto,Maçã,Milho,Nectarina,Pera,Pêssego,Pastagem,Pinus,Soja,Uva,Trigo;18;Cominho ou falso cominho (Fimbristylis miliacea) | 5 | L/ha (produto comercial);validado_bula;;
318;Glifosato Alta 480 SL;318.pdf;4;Alfafa;Medicago sativa;3.5;3.5;L/ha;80.0;400.0;L/ha;1;;Ameixa,Arroz,Banana,Cacau,Café,Cana-de-açúcar,Citros,Eucalipto,Maçã,Milho,Nectarina,Pera,Pêssego,Pastagem,Pinus,Soja,Uva,Trigo;18;Alfafa (Medicago sativa) | 3.5 | L/ha (produto comercial);validado_bula;;
318;Glifosato Alta 480 SL;318.pdf;4;Amendoim-bravo;Euphorbia heterophylla;3.0;4.0;L/ha;80.0;400.0;L/ha;1;;Ameixa,Arroz,Banana,Cacau,Café,Cana-de-açúcar,Citros,Eucalipto,Maçã,Milho,Nectarina,Pera,Pêssego,Pastagem,Pinus,Soja,Uva,Trigo;18;Amendoim-bravo (Euphorbia heterophylla) | 3-4 | L/ha (produto comercial);validado_bula;;
318;Glifosato Alta 480 SL;318.pdf;4;Angiquinho;Aeschynomene rudis;2.0;2.0;L/ha;80.0;400.0;L/ha;1;;Ameixa,Arroz,Banana,Cacau,Café,Cana-de-açúcar,Citros,Eucalipto,Maçã,Milho,Nectarina,Pera,Pêssego,Pastagem,Pinus,Soja,Uva,Trigo;18;Angiquinho (Aeschynomene rudis) | 2 | L/ha (produto comercial);validado_bula;;
318;Glifosato Alta 480 SL;318.pdf;4;Anileira;Indigofera hirsuta;4.0;4.0;L/ha;80.0;400.0;L/ha;1;;Ameixa,Arroz,Banana,Cacau,Café,Cana-de-açúcar,Citros,Eucalipto,Maçã,Milho,Nectarina,Pera,Pêssego,Pastagem,Pinus,Soja,Uva,Trigo;18;Anileira (Indigofera hirsuta) | 4 | L/ha (produto comercial);validado_bula;;
318;Glifosato Alta 480 SL;318.pdf;4;Barbasco;Pterocaulon virgatum;4.5;5.0;L/ha;80.0;400.0;L/ha;1;;Ameixa,Arroz,Banana,Cacau,Café,Cana-de-açúcar,Citros,Eucalipto,Maçã,Milho,Nectarina,Pera,Pêssego,Pastagem,Pinus,Soja,Uva,Trigo;18;Barbasco (Pterocaulon virgatum) | 4.5-5 | L/ha (produto comercial);validado_bula;;
318;Glifosato Alta 480 SL;318.pdf;4;Beldroega;Portulaca oleracea;2.0;2.0;L/ha;80.0;400.0;L/ha;1;;Ameixa,Arroz,Banana,Cacau,Café,Cana-de-açúcar,Citros,Eucalipto,Maçã,Milho,Nectarina,Pera,Pêssego,Pastagem,Pinus,Soja,Uva,Trigo;18;Beldroega (Portulaca oleracea) | 2 | L/ha (produto comercial);validado_bula;;
318;Glifosato Alta 480 SL;318.pdf;4;Boca-de-leão-selvagem;Antirrhinum orontium;2.0;2.0;L/ha;80.0;400.0;L/ha;1;;Ameixa,Arroz,Banana,Cacau,Café,Cana-de-açúcar,Citros,Eucalipto,Maçã,Milho,Nectarina,Pera,Pêssego,Pastagem,Pinus,Soja,Uva,Trigo;18;Boca-de-leão-selvagem (Antirrhinum orontium) | 2 | L/ha (produto comercial);validado_bula;;
318;Glifosato Alta 480 SL;318.pdf;4;Buva;Conyza bonariensis;2.0;2.0;L/ha;80.0;400.0;L/ha;1;;Ameixa,Arroz,Banana,Cacau,Café,Cana-de-açúcar,Citros,Eucalipto,Maçã,Milho,Nectarina,Pera,Pêssego,Pastagem,Pinus,Soja,Uva,Trigo;18;Buva (Conyza bonariensis) | 2 | L/ha (produto comercial);validado_bula;;
318;Glifosato Alta 480 SL;318.pdf;4;Carrapicho-de-carneiro;Acanthospermum hispidum;1.5;1.5;L/ha;80.0;400.0;L/ha;1;;Ameixa,Arroz,Banana,Cacau,Café,Cana-de-açúcar,Citros,Eucalipto,Maçã,Milho,Nectarina,Pera,Pêssego,Pastagem,Pinus,Soja,Uva,Trigo;18;Carrapicho-de-carneiro (Acanthospermum hispidum) | 1.5 | L/ha (produto comercial);validado_bula;;
318;Glifosato Alta 480 SL;318.pdf;4;Carrapicho-rasteiro;Acanthospermum australe;1.5;1.5;L/ha;80.0;400.0;L/ha;1;;Ameixa,Arroz,Banana,Cacau,Café,Cana-de-açúcar,Citros,Eucalipto,Maçã,Milho,Nectarina,Pera,Pêssego,Pastagem,Pinus,Soja,Uva,Trigo;18;Carrapicho-rasteiro (Acanthospermum australe) | 1.5 | L/ha (produto comercial);validado_bula;;
318;Glifosato Alta 480 SL;318.pdf;4;Caruru;Amaranthus viridis;2.0;2.0;L/ha;80.0;400.0;L/ha;1;;Ameixa,Arroz,Banana,Cacau,Café,Cana-de-açúcar,Citros,Eucalipto,Maçã,Milho,Nectarina,Pera,Pêssego,Pastagem,Pinus,Soja,Uva,Trigo;18;Caruru (Amaranthus viridis) | 2 | L/ha (produto comercial);validado_bula;;
318;Glifosato Alta 480 SL;318.pdf;4;Caruru-roxo;Amaranthus hybridus;2.0;2.0;L/ha;80.0;400.0;L/ha;1;;Ameixa,Arroz,Banana,Cacau,Café,Cana-de-açúcar,Citros,Eucalipto,Maçã,Milho,Nectarina,Pera,Pêssego,Pastagem,Pinus,Soja,Uva,Trigo;18;Caruru-roxo (Amaranthus hybridus) | 2 | L/ha (produto comercial);validado_bula;;
318;Glifosato Alta 480 SL;318.pdf;4;Corda-de-viola;Ipomoea aristolochiaefolia;3.0;4.0;L/ha;80.0;400.0;L/ha;1;;Ameixa,Arroz,Banana,Cacau,Café,Cana-de-açúcar,Citros,Eucalipto,Maçã,Milho,Nectarina,Pera,Pêssego,Pastagem,Pinus,Soja,Uva,Trigo;18;Corda-de-viola (Ipomoea aristolochiaefolia) | 3-4 | L/ha (produto comercial);validado_bula;;
318;Glifosato Alta 480 SL;318.pdf;4;Corda-de-viola;Ipomoea quamoclit;4.0;4.0;L/ha;80.0;400.0;L/ha;1;;Ameixa,Arroz,Banana,Cacau,Café,Cana-de-açúcar,Citros,Eucalipto,Maçã,Milho,Nectarina,Pera,Pêssego,Pastagem,Pinus,Soja,Uva,Trigo;18;Corda-de-viola (Ipomoea quamoclit) | 4 | L/ha (produto comercial);validado_bula;;
318;Glifosato Alta 480 SL;318.pdf;4;Cordão-de-frade;Leonotis nepetifolia;2.0;2.0;L/ha;80.0;400.0;L/ha;1;;Ameixa,Arroz,Banana,Cacau,Café,Cana-de-açúcar,Citros,Eucalipto,Maçã,Milho,Nectarina,Pera,Pêssego,Pastagem,Pinus,Soja,Uva,Trigo;18;Cordão-de-frade (Leonotis nepetifolia) | 2 | L/ha (produto comercial);validado_bula;;
318;Glifosato Alta 480 SL;318.pdf;4;Erva-quente;Spermacoce alata;5.0;6.0;L/ha;80.0;400.0;L/ha;1;;Ameixa,Arroz,Banana,Cacau,Café,Cana-de-açúcar,Citros,Eucalipto,Maçã,Milho,Nectarina,Pera,Pêssego,Pastagem,Pinus,Soja,Uva,Trigo;18;Erva-quente (Spermacoce alata) | 5-6 | L/ha (produto comercial);validado_bula;;
318;Glifosato Alta 480 SL;318.pdf;4;Ervilhaca;Vicia sativa;5.0;5.0;L/ha;80.0;400.0;L/ha;1;;Ameixa,Arroz,Banana,Cacau,Café,Cana-de-açúcar,Citros,Eucalipto,Maçã,Milho,Nectarina,Pera,Pêssego,Pastagem,Pinus,Soja,Uva,Trigo;18;Ervilhaca (Vicia sativa) | 5 | L/ha (produto comercial);validado_bula;;
318;Glifosato Alta 480 SL;318.pdf;4;Espérgula;Spergula arvensis;4.0;4.0;L/ha;80.0;400.0;L/ha;1;;Ameixa,Arroz,Banana,Cacau,Café,Cana-de-açúcar,Citros,Eucalipto,Maçã,Milho,Nectarina,Pera,Pêssego,Pastagem,Pinus,Soja,Uva,Trigo;18;Espérgula (Spergula arvensis) | 4 | L/ha (produto comercial);validado_bula;;
318;Glifosato Alta 480 SL;318.pdf;4;Falsa-serralha;Emilia sonchifolia;2.0;2.0;L/ha;80.0;400.0;L/ha;1;;Ameixa,Arroz,Banana,Cacau,Café,Cana-de-açúcar,Citros,Eucalipto,Maçã,Milho,Nectarina,Pera,Pêssego,Pastagem,Pinus,Soja,Uva,Trigo;18;Falsa-serralha (Emilia sonchifolia) | 2 | L/ha (produto comercial);validado_bula;;
318;Glifosato Alta 480 SL;318.pdf;4;Guanxuma;Malvastrum coromandelianum;1.0;2.0;L/ha;80.0;400.0;L/ha;1;;Ameixa,Arroz,Banana,Cacau,Café,Cana-de-açúcar,Citros,Eucalipto,Maçã,Milho,Nectarina,Pera,Pêssego,Pastagem,Pinus,Soja,Uva,Trigo;18;Guanxuma (Malvastrum coromandelianum) | 1-2 | L/ha (produto comercial);validado_bula;;
318;Glifosato Alta 480 SL;318.pdf;4;Maria-gorda;Talinum paniculatum;2.0;3.0;L/ha;80.0;400.0;L/ha;1;;Ameixa,Arroz,Banana,Cacau,Café,Cana-de-açúcar,Citros,Eucalipto,Maçã,Milho,Nectarina,Pera,Pêssego,Pastagem,Pinus,Soja,Uva,Trigo;18;Maria-gorda (Talinum paniculatum) | 2-3 | L/ha (produto comercial);validado_bula;;
318;Glifosato Alta 480 SL;318.pdf;4;Maria-pretinha;Solanum americanum;2.0;2.0;L/ha;80.0;400.0;L/ha;1;;Ameixa,Arroz,Banana,Cacau,Café,Cana-de-açúcar,Citros,Eucalipto,Maçã,Milho,Nectarina,Pera,Pêssego,Pastagem,Pinus,Soja,Uva,Trigo;18;Maria-pretinha (Solanum americanum) | 2 | L/ha (produto comercial);validado_bula;;
318;Glifosato Alta 480 SL;318.pdf;4;Mentrasto;Ageratum conyzoides;2.0;2.0;L/ha;80.0;400.0;L/ha;1;;Ameixa,Arroz,Banana,Cacau,Café,Cana-de-açúcar,Citros,Eucalipto,Maçã,Milho,Nectarina,Pera,Pêssego,Pastagem,Pinus,Soja,Uva,Trigo;18;Mentrasto (Ageratum conyzoides) | 2 | L/ha (produto comercial);validado_bula;;
318;Glifosato Alta 480 SL;318.pdf;4;Nabiça;Raphanus raphanistrum;2.0;2.0;L/ha;80.0;400.0;L/ha;1;;Ameixa,Arroz,Banana,Cacau,Café,Cana-de-açúcar,Citros,Eucalipto,Maçã,Milho,Nectarina,Pera,Pêssego,Pastagem,Pinus,Soja,Uva,Trigo;18;Nabiça (Raphanus raphanistrum) | 2 | L/ha (produto comercial);validado_bula;;
318;Glifosato Alta 480 SL;318.pdf;4;Picão-branco ou Fazendeiro;Galinsoga parviflora;1.0;1.0;L/ha;80.0;400.0;L/ha;1;;Ameixa,Arroz,Banana,Cacau,Café,Cana-de-açúcar,Citros,Eucalipto,Maçã,Milho,Nectarina,Pera,Pêssego,Pastagem,Pinus,Soja,Uva,Trigo;18;Picão-branco ou Fazendeiro (Galinsoga parviflora) | 1 | L/ha (produto comercial);validado_bula;;
318;Glifosato Alta 480 SL;318.pdf;4;Picão-preto;Bidens pilosa;1.0;1.5;L/ha;80.0;400.0;L/ha;1;;Ameixa,Arroz,Banana,Cacau,Café,Cana-de-açúcar,Citros,Eucalipto,Maçã,Milho,Nectarina,Pera,Pêssego,Pastagem,Pinus,Soja,Uva,Trigo;18;Picão-preto (Bidens pilosa) | 1-1.5 | L/ha (produto comercial);validado_bula;;
318;Glifosato Alta 480 SL;318.pdf;4;Poaia-branca;Richardia brasiliensis;4.0;4.0;L/ha;80.0;400.0;L/ha;1;;Ameixa,Arroz,Banana,Cacau,Café,Cana-de-açúcar,Citros,Eucalipto,Maçã,Milho,Nectarina,Pera,Pêssego,Pastagem,Pinus,Soja,Uva,Trigo;18;Poaia-branca (Richardia brasiliensis) | 4 | L/ha (produto comercial);validado_bula;;
318;Glifosato Alta 480 SL;318.pdf;4;Quebra-pedra;Phyllantus tenellus;2.0;2.0;L/ha;80.0;400.0;L/ha;1;;Ameixa,Arroz,Banana,Cacau,Café,Cana-de-açúcar,Citros,Eucalipto,Maçã,Milho,Nectarina,Pera,Pêssego,Pastagem,Pinus,Soja,Uva,Trigo;18;Quebra-pedra (Phyllantus tenellus) | 2 | L/ha (produto comercial);validado_bula;;
318;Glifosato Alta 480 SL;318.pdf;4;Serralha;Sonchus oleraceus;2.0;2.0;L/ha;80.0;400.0;L/ha;1;;Ameixa,Arroz,Banana,Cacau,Café,Cana-de-açúcar,Citros,Eucalipto,Maçã,Milho,Nectarina,Pera,Pêssego,Pastagem,Pinus,Soja,Uva,Trigo;18;Serralha (Sonchus oleraceus) | 2 | L/ha (produto comercial);validado_bula;;
318;Glifosato Alta 480 SL;318.pdf;4;Trevo;Trifolium repens;4.0;4.0;L/ha;80.0;400.0;L/ha;1;;Ameixa,Arroz,Banana,Cacau,Café,Cana-de-açúcar,Citros,Eucalipto,Maçã,Milho,Nectarina,Pera,Pêssego,Pastagem,Pinus,Soja,Uva,Trigo;18;Trevo (Trifolium repens) | 4 | L/ha (produto comercial);validado_bula;;
318;Glifosato Alta 480 SL;318.pdf;5;Cana-de-açúcar (roughing);Saccharum officinarum;6.0;6.0;L/ha;80.0;400.0;L/ha;1;;Ameixa,Arroz,Banana,Cacau,Café,Cana-de-açúcar,Citros,Eucalipto,Maçã,Milho,Nectarina,Pera,Pêssego,Pastagem,Pinus,Soja,Uva,Trigo;18;Cana-de-açúcar (roughing) (Saccharum officinarum) | 6 | L/ha (produto comercial);validado_bula;;
318;Glifosato Alta 480 SL;318.pdf;5;Capim-amargoso;Digitaria insularis;1.5;4.0;L/ha;80.0;400.0;L/ha;1;;Ameixa,Arroz,Banana,Cacau,Café,Cana-de-açúcar,Citros,Eucalipto,Maçã,Milho,Nectarina,Pera,Pêssego,Pastagem,Pinus,Soja,Uva,Trigo;18;Capim-amargoso (Digitaria insularis) | 1.5-4 | L/ha (produto comercial);validado_bula;;
318;Glifosato Alta 480 SL;318.pdf;5;Capim-azedo;Paspalum conjugatum;1.0;1.0;L/ha;80.0;400.0;L/ha;1;;Ameixa,Arroz,Banana,Cacau,Café,Cana-de-açúcar,Citros,Eucalipto,Maçã,Milho,Nectarina,Pera,Pêssego,Pastagem,Pinus,Soja,Uva,Trigo;18;Capim-azedo (Paspalum conjugatum) | 1 | L/ha (produto comercial);validado_bula;;
318;Glifosato Alta 480 SL;318.pdf;5;Capim-braquiária;Brachiaria decumbens;2.5;4.0;L/ha;80.0;400.0;L/ha;1;;Ameixa,Arroz,Banana,Cacau,Café,Cana-de-açúcar,Citros,Eucalipto,Maçã,Milho,Nectarina,Pera,Pêssego,Pastagem,Pinus,Soja,Uva,Trigo;18;Capim-braquiária (Brachiaria decumbens) | 2.5-4 | L/ha (produto comercial);validado_bula;;
318;Glifosato Alta 480 SL;318.pdf;5;Capim-caiana;Panicum cayennense;4.0;4.0;L/ha;80.0;400.0;L/ha;1;;Ameixa,Arroz,Banana,Cacau,Café,Cana-de-açúcar,Citros,Eucalipto,Maçã,Milho,Nectarina,Pera,Pêssego,Pastagem,Pinus,Soja,Uva,Trigo;18;Capim-caiana (Panicum cayennense) | 4 | L/ha (produto comercial);validado_bula;;
318;Glifosato Alta 480 SL;318.pdf;5;Capim-canoão;Setaria poiretiana;3.5;3.5;L/ha;80.0;400.0;L/ha;1;;Ameixa,Arroz,Banana,Cacau,Café,Cana-de-açúcar,Citros,Eucalipto,Maçã,Milho,Nectarina,Pera,Pêssego,Pastagem,Pinus,Soja,Uva,Trigo;18;Capim-canoão (Setaria poiretiana) | 3.5 | L/ha (produto comercial);validado_bula;;
318;Glifosato Alta 480 SL;318.pdf;5;Capim-colonião;Panicum maximum;1.5;5.0;L/ha;80.0;400.0;L/ha;1;;Ameixa,Arroz,Banana,Cacau,Café,Cana-de-açúcar,Citros,Eucalipto,Maçã,Milho,Nectarina,Pera,Pêssego,Pastagem,Pinus,Soja,Uva,Trigo;18;Capim-colonião (Panicum maximum) | 1.5-5 | L/ha (produto comercial);validado_bula;;
318;Glifosato Alta 480 SL;318.pdf;5;Capim-da-roça;Paspalum urvillei;4.0;4.0;L/ha;80.0;400.0;L/ha;1;;Ameixa,Arroz,Banana,Cacau,Café,Cana-de-açúcar,Citros,Eucalipto,Maçã,Milho,Nectarina,Pera,Pêssego,Pastagem,Pinus,Soja,Uva,Trigo;18;Capim-da-roça (Paspalum urvillei) | 4 | L/ha (produto comercial);validado_bula;;
318;Glifosato Alta 480 SL;318.pdf;5;Capim-gengibre;Paspalum maritimum;3.0;4.0;L/ha;80.0;400.0;L/ha;1;;Ameixa,Arroz,Banana,Cacau,Café,Cana-de-açúcar,Citros,Eucalipto,Maçã,Milho,Nectarina,Pera,Pêssego,Pastagem,Pinus,Soja,Uva,Trigo;18;Capim-gengibre (Paspalum maritimum) | 3-4 | L/ha (produto comercial);validado_bula;;
318;Glifosato Alta 480 SL;318.pdf;5;Capim-gordura;Melinis minutiflora;3.0;4.0;L/ha;80.0;400.0;L/ha;1;;Ameixa,Arroz,Banana,Cacau,Café,Cana-de-açúcar,Citros,Eucalipto,Maçã,Milho,Nectarina,Pera,Pêssego,Pastagem,Pinus,Soja,Uva,Trigo;18;Capim-gordura (Melinis minutiflora) | 3-4 | L/ha (produto comercial);validado_bula;;
318;Glifosato Alta 480 SL;318.pdf;5;Capim-jaraguá;Hyparrhenia rufa;4.0;4.0;L/ha;80.0;400.0;L/ha;1;;Ameixa,Arroz,Banana,Cacau,Café,Cana-de-açúcar,Citros,Eucalipto,Maçã,Milho,Nectarina,Pera,Pêssego,Pastagem,Pinus,Soja,Uva,Trigo;18;Capim-jaraguá (Hyparrhenia rufa) | 4 | L/ha (produto comercial);validado_bula;;
318;Glifosato Alta 480 SL;318.pdf;5;Capim-kikuio;Pennisetum clandestinum;4.0;5.0;L/ha;80.0;400.0;L/ha;1;;Ameixa,Arroz,Banana,Cacau,Café,Cana-de-açúcar,Citros,Eucalipto,Maçã,Milho,Nectarina,Pera,Pêssego,Pastagem,Pinus,Soja,Uva,Trigo;18;Capim-kikuio (Pennisetum clandestinum) | 4-5 | L/ha (produto comercial);validado_bula;;
318;Glifosato Alta 480 SL;318.pdf;5;Capim-massambará;Sorghum halepense;4.0;4.0;L/ha;80.0;400.0;L/ha;1;;Ameixa,Arroz,Banana,Cacau,Café,Cana-de-açúcar,Citros,Eucalipto,Maçã,Milho,Nectarina,Pera,Pêssego,Pastagem,Pinus,Soja,Uva,Trigo;18;Capim-massambará (Sorghum halepense) | 4 | L/ha (produto comercial);validado_bula;;
318;Glifosato Alta 480 SL;318.pdf;5;Capim-membeca;Andropogon leucostachyus;4.0;4.0;L/ha;80.0;400.0;L/ha;1;;Ameixa,Arroz,Banana,Cacau,Café,Cana-de-açúcar,Citros,Eucalipto,Maçã,Milho,Nectarina,Pera,Pêssego,Pastagem,Pinus,Soja,Uva,Trigo;18;Capim-membeca (Andropogon leucostachyus) | 4 | L/ha (produto comercial);validado_bula;;
318;Glifosato Alta 480 SL;318.pdf;5;Capim-rabo-de-burro;Andropogon bicornis;4.0;4.0;L/ha;80.0;400.0;L/ha;1;;Ameixa,Arroz,Banana,Cacau,Café,Cana-de-açúcar,Citros,Eucalipto,Maçã,Milho,Nectarina,Pera,Pêssego,Pastagem,Pinus,Soja,Uva,Trigo;18;Capim-rabo-de-burro (Andropogon bicornis) | 4 | L/ha (produto comercial);validado_bula;;
318;Glifosato Alta 480 SL;318.pdf;5;Grama-batatais;Paspalum notatum;4.0;5.0;L/ha;80.0;400.0;L/ha;1;;Ameixa,Arroz,Banana,Cacau,Café,Cana-de-açúcar,Citros,Eucalipto,Maçã,Milho,Nectarina,Pera,Pêssego,Pastagem,Pinus,Soja,Uva,Trigo;18;Grama-batatais (Paspalum notatum) | 4-5 | L/ha (produto comercial);validado_bula;;
318;Glifosato Alta 480 SL;318.pdf;5;Grama-comprida;Paspalum dilatatum;2.0;2.0;L/ha;80.0;400.0;L/ha;1;;Ameixa,Arroz,Banana,Cacau,Café,Cana-de-açúcar,Citros,Eucalipto,Maçã,Milho,Nectarina,Pera,Pêssego,Pastagem,Pinus,Soja,Uva,Trigo;18;Grama-comprida (Paspalum dilatatum) | 2 | L/ha (produto comercial);validado_bula;;
318;Glifosato Alta 480 SL;318.pdf;5;Grama-missioneira ou capitinga;Axonopus compressus;5.0;5.0;L/ha;80.0;400.0;L/ha;1;;Ameixa,Arroz,Banana,Cacau,Café,Cana-de-açúcar,Citros,Eucalipto,Maçã,Milho,Nectarina,Pera,Pêssego,Pastagem,Pinus,Soja,Uva,Trigo;18;Grama-missioneira ou capitinga (Axonopus compressus) | 5 | L/ha (produto comercial);validado_bula;;
318;Glifosato Alta 480 SL;318.pdf;5;Grama-seda;Cynodon dactylon;4.0;5.0;L/ha;80.0;400.0;L/ha;1;;Ameixa,Arroz,Banana,Cacau,Café,Cana-de-açúcar,Citros,Eucalipto,Maçã,Milho,Nectarina,Pera,Pêssego,Pastagem,Pinus,Soja,Uva,Trigo;18;Grama-seda (Cynodon dactylon) | 4-5 | L/ha (produto comercial);validado_bula;;
318;Glifosato Alta 480 SL;318.pdf;5;Grama-touceira;Paspalum paniculatum;4.0;5.0;L/ha;80.0;400.0;L/ha;1;;Ameixa,Arroz,Banana,Cacau,Café,Cana-de-açúcar,Citros,Eucalipto,Maçã,Milho,Nectarina,Pera,Pêssego,Pastagem,Pinus,Soja,Uva,Trigo;18;Grama-touceira (Paspalum paniculatum) | 4-5 | L/ha (produto comercial);validado_bula;;
318;Glifosato Alta 480 SL;318.pdf;5;Junquinho;Cyperus ferax;1.5;3.0;L/ha;80.0;400.0;L/ha;1;;Ameixa,Arroz,Banana,Cacau,Café,Cana-de-açúcar,Citros,Eucalipto,Maçã,Milho,Nectarina,Pera,Pêssego,Pastagem,Pinus,Soja,Uva,Trigo;18;Junquinho (Cyperus ferax) | 1.5-3 | L/ha (produto comercial);validado_bula;;
318;Glifosato Alta 480 SL;318.pdf;5;Taboca;Guadua angustifolia;12.0;12.0;L/ha;80.0;400.0;L/ha;1;;Ameixa,Arroz,Banana,Cacau,Café,Cana-de-açúcar,Citros,Eucalipto,Maçã,Milho,Nectarina,Pera,Pêssego,Pastagem,Pinus,Soja,Uva,Trigo;18;Taboca (Guadua angustifolia) | 12 | L/ha (produto comercial);validado_bula;;
318;Glifosato Alta 480 SL;318.pdf;5;Tiririca;Cyperus difformis;5.0;5.0;L/ha;80.0;400.0;L/ha;1;;Ameixa,Arroz,Banana,Cacau,Café,Cana-de-açúcar,Citros,Eucalipto,Maçã,Milho,Nectarina,Pera,Pêssego,Pastagem,Pinus,Soja,Uva,Trigo;18;Tiririca (Cyperus difformis) | 5 | L/ha (produto comercial);validado_bula;;
318;Glifosato Alta 480 SL;318.pdf;5;Tiririca;Cyperus flavus;3.0;3.0;L/ha;80.0;400.0;L/ha;1;;Ameixa,Arroz,Banana,Cacau,Café,Cana-de-açúcar,Citros,Eucalipto,Maçã,Milho,Nectarina,Pera,Pêssego,Pastagem,Pinus,Soja,Uva,Trigo;18;Tiririca (Cyperus flavus) | 3 | L/ha (produto comercial);validado_bula;;
318;Glifosato Alta 480 SL;318.pdf;5;Tiririca;Cyperus rotundus;4.0;5.0;L/ha;80.0;400.0;L/ha;1;;Ameixa,Arroz,Banana,Cacau,Café,Cana-de-açúcar,Citros,Eucalipto,Maçã,Milho,Nectarina,Pera,Pêssego,Pastagem,Pinus,Soja,Uva,Trigo;18;Tiririca (Cyperus rotundus) | 4-5 | L/ha (produto comercial);validado_bula;;
318;Glifosato Alta 480 SL;318.pdf;6;Agriãozinho;Synedrellopsis grisebachii;5.0;5.0;L/ha;80.0;400.0;L/ha;1;;Ameixa,Arroz,Banana,Cacau,Café,Cana-de-açúcar,Citros,Eucalipto,Maçã,Milho,Nectarina,Pera,Pêssego,Pastagem,Pinus,Soja,Uva,Trigo;18;Agriãozinho (Synedrellopsis grisebachii) | 5 | L/ha (produto comercial);validado_bula;;
318;Glifosato Alta 480 SL;318.pdf;6;Apaga-fogo;Alternanthera tenella;1.0;1.0;L/ha;80.0;400.0;L/ha;1;;Ameixa,Arroz,Banana,Cacau,Café,Cana-de-açúcar,Citros,Eucalipto,Maçã,Milho,Nectarina,Pera,Pêssego,Pastagem,Pinus,Soja,Uva,Trigo;18;Apaga-fogo (Alternanthera tenella) | 1 | L/ha (produto comercial);validado_bula;;
318;Glifosato Alta 480 SL;318.pdf;6;Erva-lanceta;Solidago chilensis;2.0;2.0;L/ha;80.0;400.0;L/ha;1;;Ameixa,Arroz,Banana,Cacau,Café,Cana-de-açúcar,Citros,Eucalipto,Maçã,Milho,Nectarina,Pera,Pêssego,Pastagem,Pinus,Soja,Uva,Trigo;18;Erva-lanceta (Solidago chilensis) | 2 | L/ha (produto comercial);validado_bula;;
318;Glifosato Alta 480 SL;318.pdf;6;Fedegoso-branco;Sena obtusifolia;5.0;5.0;L/ha;80.0;400.0;L/ha;1;;Ameixa,Arroz,Banana,Cacau,Café,Cana-de-açúcar,Citros,Eucalipto,Maçã,Milho,Nectarina,Pera,Pêssego,Pastagem,Pinus,Soja,Uva,Trigo;18;Fedegoso-branco (Sena obtusifolia) | 5 | L/ha (produto comercial);validado_bula;;
318;Glifosato Alta 480 SL;318.pdf;6;Grandiúva;Trema micranta;4.0;4.0;L/ha;80.0;400.0;L/ha;1;;Ameixa,Arroz,Banana,Cacau,Café,Cana-de-açúcar,Citros,Eucalipto,Maçã,Milho,Nectarina,Pera,Pêssego,Pastagem,Pinus,Soja,Uva,Trigo;18;Grandiúva (Trema micranta) | 4 | L/ha (produto comercial);validado_bula;;
318;Glifosato Alta 480 SL;318.pdf;6;Guanxuma;Sida cordifolia;3.0;3.0;L/ha;80.0;400.0;L/ha;1;;Ameixa,Arroz,Banana,Cacau,Café,Cana-de-açúcar,Citros,Eucalipto,Maçã,Milho,Nectarina,Pera,Pêssego,Pastagem,Pinus,Soja,Uva,Trigo;18;Guanxuma (Sida cordifolia) | 3 | L/ha (produto comercial);validado_bula;;
318;Glifosato Alta 480 SL;318.pdf;6;Guanxuma;Sida rhombifolia;3.0;3.0;L/ha;80.0;400.0;L/ha;1;;Ameixa,Arroz,Banana,Cacau,Café,Cana-de-açúcar,Citros,Eucalipto,Maçã,Milho,Nectarina,Pera,Pêssego,Pastagem,Pinus,Soja,Uva,Trigo;18;Guanxuma (Sida rhombifolia) | 3 | L/ha (produto comercial);validado_bula;;
318;Glifosato Alta 480 SL;318.pdf;6;Guanxuma-branca;Sida glaziovii;3.0;3.0;L/ha;80.0;400.0;L/ha;1;;Ameixa,Arroz,Banana,Cacau,Café,Cana-de-açúcar,Citros,Eucalipto,Maçã,Milho,Nectarina,Pera,Pêssego,Pastagem,Pinus,Soja,Uva,Trigo;18;Guanxuma-branca (Sida glaziovii) | 3 | L/ha (produto comercial);validado_bula;;
318;Glifosato Alta 480 SL;318.pdf;6;Língua-de-vaca;Rumex crispus;3.0;3.0;L/ha;80.0;400.0;L/ha;1;;Ameixa,Arroz,Banana,Cacau,Café,Cana-de-açúcar,Citros,Eucalipto,Maçã,Milho,Nectarina,Pera,Pêssego,Pastagem,Pinus,Soja,Uva,Trigo;18;Língua-de-vaca (Rumex crispus) | 3 | L/ha (produto comercial);validado_bula;;
318;Glifosato Alta 480 SL;318.pdf;6;Maria-mole;Senecio brasiliensis;2.0;3.0;L/ha;80.0;400.0;L/ha;1;;Ameixa,Arroz,Banana,Cacau,Café,Cana-de-açúcar,Citros,Eucalipto,Maçã,Milho,Nectarina,Pera,Pêssego,Pastagem,Pinus,Soja,Uva,Trigo;18;Maria-mole (Senecio brasiliensis) | 2-3 | L/ha (produto comercial);validado_bula;;
318;Glifosato Alta 480 SL;318.pdf;6;Mata-pasto;Eupatorium maximilianii;1.5;1.5;L/ha;80.0;400.0;L/ha;1;;Ameixa,Arroz,Banana,Cacau,Café,Cana-de-açúcar,Citros,Eucalipto,Maçã,Milho,Nectarina,Pera,Pêssego,Pastagem,Pinus,Soja,Uva,Trigo;18;Mata-pasto (Eupatorium maximilianii) | 1.5 | L/ha (produto comercial);validado_bula;;
318;Glifosato Alta 480 SL;318.pdf;6;Tanchagem;Plantago major;5.0;5.0;L/ha;80.0;400.0;L/ha;1;;Ameixa,Arroz,Banana,Cacau,Café,Cana-de-açúcar,Citros,Eucalipto,Maçã,Milho,Nectarina,Pera,Pêssego,Pastagem,Pinus,Soja,Uva,Trigo;18;Tanchagem (Plantago major) | 5 | L/ha (produto comercial);validado_bula;;
318;Glifosato Alta 480 SL;318.pdf;7;Eliminação de soqueira - cultivar CB (equipamento convencional);;4.0;4.0;L/ha;80.0;400.0;L/ha;1;;Cana-de-açúcar;1;CB | 4 EQ.CONV. | Aplicação terrestre: 80-400;validado_bula;;
318;Glifosato Alta 480 SL;318.pdf;7;Eliminação de soqueira - cultivar CO/CP (equipamento convencional);;5.0;5.0;L/ha;80.0;400.0;L/ha;1;;Cana-de-açúcar;1;CO/CP | 5 EQ.CONV. | Aplicação terrestre: 80-400;validado_bula;;
318;Glifosato Alta 480 SL;318.pdf;7;Eliminação de soqueira - cultivar IAC (equipamento convencional);;5.0;5.0;L/ha;80.0;400.0;L/ha;1;;Cana-de-açúcar;1;IAC | 5 EQ.CONV. | Aplicação terrestre: 80-400;validado_bula;;
318;Glifosato Alta 480 SL;318.pdf;7;Eliminação de soqueira - cultivar NA (equipamento convencional);;5.0;5.0;L/ha;80.0;400.0;L/ha;1;;Cana-de-açúcar;1;NA | 5 EQ.CONV. | Aplicação terrestre: 80-400;validado_bula;;
318;Glifosato Alta 480 SL;318.pdf;7;Eliminação de soqueira - cultivar SP (equipamento convencional);;5.0;5.0;L/ha;80.0;400.0;L/ha;1;;Cana-de-açúcar;1;SP | 5 EQ.CONV. | Aplicação terrestre: 80-400;validado_bula;;
318;Glifosato Alta 480 SL;318.pdf;8;Eliminação de soqueira - cultivar CB (equipamento CDA/BENTLEY);;3.0;3.0;L/ha;40.0;50.0;L/ha;1;;Cana-de-açúcar;1;CB | 3 EQ.CDA/BENTLEY | Aplicação aérea: 40-50;validado_bula;;
318;Glifosato Alta 480 SL;318.pdf;8;Eliminação de soqueira - cultivar CO/CP (equipamento CDA/BENTLEY);;4.0;4.0;L/ha;40.0;50.0;L/ha;1;;Cana-de-açúcar;1;CO/CP | 4 EQ.CDA/BENTLEY | Aplicação aérea: 40-50;validado_bula;;
318;Glifosato Alta 480 SL;318.pdf;8;Eliminação de soqueira - cultivar IAC (equipamento CDA/BENTLEY);;4.0;4.0;L/ha;40.0;50.0;L/ha;1;;Cana-de-açúcar;1;IAC | 4 EQ.CDA/BENTLEY | Aplicação aérea: 40-50;validado_bula;;
318;Glifosato Alta 480 SL;318.pdf;8;Eliminação de soqueira - cultivar NA (equipamento CDA/BENTLEY);;4.0;4.0;L/ha;40.0;50.0;L/ha;1;;Cana-de-açúcar;1;NA | 4 EQ.CDA/BENTLEY | Aplicação aérea: 40-50;validado_bula;;
318;Glifosato Alta 480 SL;318.pdf;8;Eliminação de soqueira - cultivar SP (equipamento CDA/BENTLEY);;3.0;3.0;L/ha;40.0;50.0;L/ha;1;;Cana-de-açúcar;1;SP | 3 EQ.CDA/BENTLEY | Aplicação aérea: 40-50;validado_bula;;
318;Glifosato Alta 480 SL;318.pdf;8;Maturador;;0.6;0.6;L/ha;30.0;40.0;L/ha;1;;Cana-de-açúcar;1;Cana-de-açúcar (Saccharum officinarum) | 0,6 | 1 (uma) aplicação aérea | 30-40 (Aplicação aérea);validado_bula;;
3214;Fipronil Alta 250 FS;3214.pdf;4;Bicheira-da-raiz;Oryzophagus oryzae;120.0;150.0;mL/100kg sementes;;;;1;;Arroz;1;Arroz | Bicheira-da-raiz (Oryzophagus oryzae) | 120-150;validado;;
3214;Fipronil Alta 250 FS;3214.pdf;4;Coró;Phyllophaga cuyabana;40.0;50.0;mL/100kg sementes;;;;1;;Milho;1;Milho | Phyllophaga Coró (Phyllophaga cuyabana ) | 40-50;validado;;
3214;Fipronil Alta 250 FS;3214.pdf;4;Coró;Phyllophaga cuyabana;100.0;100.0;mL/100kg sementes;;;;1;;Soja;1;Soja | Coró (Phyllophaga cuyabana ) | 100 (coró e torrãozinho);validado;;
3214;Fipronil Alta 250 FS;3214.pdf;4;Cupim;Cornitermes cumulans;40.0;60.0;mL/ha;;;;1;;Pastagens;1;Pastagens | Cupim (Cornitermes cumulans ) | 40-60 mL/ha;validado;;
3214;Fipronil Alta 250 FS;3214.pdf;4;Lagarta-elasmo;Elasmopalpus lignosellus;150.0;200.0;mL/100kg sementes;;;;1;;Algodão;1;Algodão | Lagarta-elasmo (Elasmopalpus lignosellus) | 150-200 | 1;validado;;
3214;Fipronil Alta 250 FS;3214.pdf;4;Lagarta-elasmo;Elasmopalpus lignosellus;200.0;200.0;mL/100kg sementes;;;;1;;Soja;1;Soja | Lagarta-elasmo (Elasmopalpus lignosellus ) | 200 (mesma linha da Vaquinha verde-amarela);validado;;
3214;Fipronil Alta 250 FS;3214.pdf;4;Piolho-de-cobra;Porcellio laevis;80.0;80.0;mL/100kg sementes;;;;1;;Soja;1;Soja | Piolho-de-cobra (Porcellio laevis ) | 80;validado;;
3214;Fipronil Alta 250 FS;3214.pdf;4;Pão-de-galinha;Diloboderus abderus;100.0;150.0;mL/100kg sementes;;;;1;;Trigo;1;Trigo | Pão-de-galinha (Diloboderus abderus) | 100-150;validado;;
3214;Fipronil Alta 250 FS;3214.pdf;4;Torrãozinho;Aracantus mourei;100.0;100.0;mL/100kg sementes;;;;1;;Soja;1;Soja | Torrãozinho (Aracantus mourei) | 100 (coró e torrãozinho);validado;;
3214;Fipronil Alta 250 FS;3214.pdf;4;Vaquinha verde-amarela;Diabrotica speciosa;200.0;200.0;mL/100kg sementes;;;;1;;Feijão,Soja;2;Soja | Vaquinha verde- amarela (Diabrotica speciosa) | 200;validado;;
34623;Diquate 200 SL Dezhou I;34623.pdf;2;;;1.0;2.0;L/ha;;;;1;;Soja;1;Soja 1 a 2 200 a 400 Aplicar quando a soja estiver fisiologicamente madura.;manual_review;;
34623;Diquate 200 SL Dezhou I;34623.pdf;2;;;1.5;2.0;L/ha;;;;1;;Feijão;1;Feijão 1,5 a 2 300 a 400 Aplicar quando o feijão estiver fisiologicamente maduro.;manual_review;;
34623;Diquate 200 SL Dezhou I;34623.pdf;2;;;1.5;2.5;L/ha;;;;1;;Batata;1;Batata 1,5 a 2,5 300 a 500 Aplicar no mínimo 7 dias antes da colheita.;manual_review;;
34623;Diquate 200 SL Dezhou I;34623.pdf;3;;;1.5;2.0;L/ha;;;;2;;Feijão;1;Feijão | 1,5 a 2,0 | 300 a 400 | Aplicação antes do plantio, nas fases iniciais de crescimento...;manual_review;;
34623;Diquate 200 SL Dezhou I;34623.pdf;3;;;1.5;2.5;L/ha;;;;1;;Café,Citros;2;Citros entrelinhas. [dose compartilhada com a linha de Café: 1,5 a 2,5 L/ha / 300 a 500 g];manual_review;;
4114;Metribuzim 480 SC Agroimport;4114.pdf;3;;;0.75;1.0;L/ha;200.0;400.0;L/ha;1;;Soja;1;SOJA | 0,75 – 1,0 | Pré-emergência | 200 – 400;manual_review;;
4114;Metribuzim 480 SC Agroimport;4114.pdf;3;;;0.75;1.5;L/ha;200.0;400.0;L/ha;1;;Batata;1;BATATA | 0,75 – 1,5 | Pré-emergência | 200 – 400;manual_review;;
4114;Metribuzim 480 SC Agroimport;4114.pdf;3;;;1.0;1.0;L/ha;200.0;400.0;L/ha;1;;Tomate;1;TOMATE | 1,0 | Pré/Pós-emergência | 200 – 400;manual_review;;
4114;Metribuzim 480 SC Agroimport;4114.pdf;3;;;3.0;4.0;L/ha;200.0;400.0;L/ha;1;;Cana-de-açúcar;1;CANA-DE-AÇÚCAR | 3,0 – 4,0 | Pré-emergência | 200 – 400;manual_review;;
4210;Tacora 250 EW;4210.pdf;4;Ferrugem;Uromyces appendiculatus;;;;200.0;300.0;L/ha;3;15 dias;Feijão;1;Ferrugem (Uromyces appendiculatus) |  |  | (dose não informada na tabela);manual_review;;
4210;Tacora 250 EW;4210.pdf;4;Ferrugem-da-folha;Puccinia triticina;0.48;0.6;L/ha;200.0;300.0;L/ha;2;15 dias após a 1ª aplicação;Trigo;1;TRIGO | Ferrugem-da-folha (Puccinia triticina) | 0,48 – 0,6 | - | 200 – 300;validado;;
4210;Tacora 250 EW;4210.pdf;4;Mancha-angular;Phaeoisariopsis griseola;0.6;0.8;L/ha;200.0;300.0;L/ha;3;15 dias;Feijão;1;FEIJÃO | Mancha-angular (Phaeoisariopsis griseola) | 0,6 – 0,8 | - | 200 – 300;validado;;
4210;Tacora 250 EW;4210.pdf;4;Mancha-de-alternaria;Alternaria alternata;0.8;0.8;L/ha;200.0;300.0;L/ha;3;15 dias;Feijão;1;Mancha-de-alternaria (Alternaria alternata) | 0,8 | -;validado;;
4210;Tacora 250 EW;4210.pdf;4;Mancha-de-alternaria;Alternaria solani;80.0;80.0;mL/100L;600.0;1000.0;L/ha;4;14 dias;Tomate;1;TOMATE | Mancha-de-alternatia (Alternaria solani) | - | 80 | 600 – 1.000;validado;;
4210;Tacora 250 EW;4210.pdf;4;Mancha-púrpura;Alternaria porri;0.7;0.8;L/ha;600.0;600.0;L/ha;4;15 dias;Cebola;1;CEBOLA | Mancha-púrpura (Alternaria porri) | 0,7 – 0,8 | - | 600(1);validado;;
4210;Tacora 250 EW;4210.pdf;4;Oídio;Microsphaera diffusa;0.4;0.4;L/ha;;;;2;;Soja;1;SOJA | Oídio (Microsphaera diffusa) | 0,4 | -;validado;;
4210;Tacora 250 EW;4210.pdf;4;Oídio;Sphaerotheca fuliginea;100.0;100.0;mL/100L;1000.0;1000.0;L/ha;4;12 a 15 dias;Abóbora;1;ABÓBORA | Oídio (Sphaerotheca fuliginea) | - | 100 | 1.000;validado;;
4210;Tacora 250 EW;4210.pdf;4;Septoriose;Septoria lycopersici;0.8;0.8;L/ha;600.0;1000.0;L/ha;4;14 dias;Tomate;1;Septoriose (Septoria lycopersici) | 0,8 | 80;validado;;
4210;Tacora 250 EW;4210.pdf;5;Brusone;Pyricularia grisea;0.6;0.6;L/ha;200.0;300.0;L/ha;2;10 a 12 dias;Trigo;1;Brusone (Pyricularia grisea) | 0,6 | -;validado;;
4210;Tacora 250 EW;4210.pdf;5;Ferrugem-do-colmo;Puccinia graminis;0.48;0.48;L/ha;200.0;300.0;L/ha;2;15 dias após a 1ª aplicação;Trigo;1;Ferrugem-do-colmo (Puccinia graminis) | 0,48 | -;validado;;
4210;Tacora 250 EW;4210.pdf;5;Giberela;Fusarium graminearum;0.6;0.6;L/ha;200.0;300.0;L/ha;2;;Trigo;1;Giberela (Fusarium graminearum) | 0,6 | -;validado;;
4210;Tacora 250 EW;4210.pdf;5;Helmintosporiose;Bipolaris sorokiniana;0.6;0.6;L/ha;200.0;300.0;L/ha;2;15 dias após a 1ª aplicação;Trigo;1;Helmintosporiose (Bipolaris sorokiniana) | 0,6 | -;validado;;
4210;Tacora 250 EW;4210.pdf;5;Mancha-amarela;Drechslera tritici-repentis;0.6;0.6;L/ha;200.0;300.0;L/ha;2;15 dias após a 1ª aplicação;Trigo;1;Mancha-amarela (Drechslera tritici-repentis) | 0,6 | -;validado;;
4210;Tacora 250 EW;4210.pdf;5;Mancha-das-glumas;Stagonospora nodorum;0.6;0.6;L/ha;200.0;300.0;L/ha;2;15 dias após a 1ª aplicação;Trigo;1;Mancha-das-glumas (Stagonospora nodorum) | 0,6 | -;validado;;
4210;Tacora 250 EW;4210.pdf;5;Oídio;Blumeria graminis f. sp. tritici;0.48;0.48;L/ha;200.0;300.0;L/ha;2;;Trigo;1;Oídio (Blumeria graminis f. sp. tritici) | 0,48 | -;validado;;
4210;Tacora 250 EW;4210.pdf;5;Septoriose;Septoria tritici;0.6;0.6;L/ha;200.0;300.0;L/ha;2;15 dias após a 1ª aplicação;Trigo;1;Septoriose (Septoria tritici) | 0,6 | -;validado;;
5102;Ethylbloc;5102.pdf;2;;Dendranthema grandiflora;0.5;1.0;g/m3;;;;1;;Crisântemo;1;Crisântemo | Dendranthema grandiflora | 0,5 a 1,0;manual_review;;
5102;Ethylbloc;5102.pdf;2;;Dendranthema grandiflora;1.0;1.5;g/m3;;;;1;;Crisântemo;1;Crisântemo | Dendranthema grandiflora | 1,0 a 1,5;manual_review;;
5102;Ethylbloc;5102.pdf;2;;Dianthus caryophyllus;0.5;0.5;g/m3;;;;1;;Cravo;1;Cravo | Dianthus caryophyllus | 0,5;manual_review;;
5102;Ethylbloc;5102.pdf;2;;Gerbera jamesonii;1.5;1.5;g/m3;;;;1;;Gérbera;1;Gérbera | Gerbera jamesonii | 1,5;manual_review;;
5102;Ethylbloc;5102.pdf;2;;Gypsophila paniculata;0.5;1.5;g/m3;;;;1;;Gipsófila;1;Gipsófila | Gypsophila paniculata | 0,5 a 1,5;manual_review;;
5102;Ethylbloc;5102.pdf;2;;Lilium pumilum;0.5;0.5;g/m3;;;;1;;Lírio;1;Lírio | Lilium pumilum | 0,5;manual_review;;
5102;Ethylbloc;5102.pdf;2;;Lilium speciosum;1.0;1.0;g/m3;;;;1;;Lírio;1;Lírio | Lilium speciosum | 1,0;manual_review;;
5102;Ethylbloc;5102.pdf;2;;Rhododendron X sinsii;1.0;1.5;g/m3;;;;1;;Azaléia;1;Azaléia | Rhododendron X sinsii | 1,0 a 1,5;manual_review;;
5102;Ethylbloc;5102.pdf;2;;Rosa sp.;0.5;1.5;g/m3;;;;1;;Rosa;1;Rosa | Rosa sp. | 0,5 a 1,5;manual_review;;
5102;Ethylbloc;5102.pdf;3;;Sainpaulia ionantha;0.5;1.0;g/m3;;;;1;;Violeta;1;Violeta | Sainpaulia ionantha | 0,5 a 1,0;manual_review;;
6214;Imazacure 500 EC;6214.pdf;2;Antracnose;Colletotrichum musae;200.0;200.0;mL/100L;;;;1;;Banana;1;Utilizar a dose de 200 mL para cada 100 L de água (imersão dos frutos).;validado;;
6214;Imazacure 500 EC;6214.pdf;2;Antracnose;Colletotrichum orbiculare;200.0;200.0;mL/100L;;;;1;;Melão;1;Utilizar a dose de 200 mL para cada 100 L de água (imersão dos frutos).;validado;;
6214;Imazacure 500 EC;6214.pdf;2;Bolor-verde;Penicillum digitatum;200.0;200.0;mL/100L;;;;1;;Citros;1;Utilizar a dose de 200 mL para cada 100 L de água (imersão dos frutos).;validado;;
7815;Armigen;7815.pdf;3;Lagarta Helicoverpa;Helicoverpa armigera;50.0;200.0;mL/ha;;;;;;Todas as culturas em que haja ocorrência do alvo biológico indicado;1;Lagarta Helicoverpa | Helicoverpa armigera | Produto Comercial 50 a 200 mL | Ingrediente Ativo 20,2 a 80,8 g.i.a.;validado_bula;;
798;Redshield 750;798.pdf;3;Antracnose;Colletotrichum circinans;120.0;120.0;g/100L;500.0;1000.0;L/ha;4;3 a 7 dias;Alho;1;Alho | Antracnose (Colletotrichum circinans) | 120 g/100L;validado;;
798;Redshield 750;798.pdf;3;Antracnose;Colletotrichum gloeosporioides;160.0;160.0;g/100L;500.0;1000.0;L/ha;4;10 a 15 dias;Abacate;1;Abacate | Antracnose (Colletotrichum gloeosporioides) | 160 g/100L;validado;;
798;Redshield 750;798.pdf;3;Antracnose;Colletotrichum orbiculare;0.9;1.8;kg/ha;500.0;1000.0;L/ha;5;7 a 10 dias;Abóbora;1;Abóbora | Antracnose (Colletotrichum orbiculare) | 0.9-1.8 kg/ha;validado;;
798;Redshield 750;798.pdf;3;Cercosporiose;Pseudocercospora purpurea;160.0;160.0;g/100L;500.0;1000.0;L/ha;4;10 a 15 dias;Abacate;1;Abacate | Cercosporiose (Pseudocercospora purpurea) | 160 g/100L;validado;;
798;Redshield 750;798.pdf;3;Ferrugem;Puccinia allii;0.9;1.8;kg/ha;500.0;1000.0;L/ha;4;3 a 7 dias;Alho;1;Alho | Ferrugem (Puccinia allii) | 0.9-1.8 kg/ha;validado;;
798;Redshield 750;798.pdf;3;Mancha-angular;Xanthomonas axonopodis pv. malvacearum;150.0;150.0;g/100L;500.0;1000.0;L/ha;4;20 a 30 dias (intervalo menor em condições climáticas favoráveis à doença);Algodão;1;Algodão | Mancha-angular (Xanthomonas axonopodis pv. malvacearum) | 150 g/100L;validado;;
798;Redshield 750;798.pdf;3;Mancha-púrpura;Alternaria porri;0.9;1.8;kg/ha;500.0;1000.0;L/ha;4;3 a 7 dias;Alho;1;Alho | Mancha-púrpura (Alternaria porri) | 0.9-1.8 kg/ha;validado;;
798;Redshield 750;798.pdf;3;Míldio;Peronospora destructor;0.9;1.8;kg/ha;500.0;1000.0;L/ha;4;3 a 7 dias;Alho;1;Alho | Míldio (Peronospora destructor) | 0.9-1.8 kg/ha;validado;;
798;Redshield 750;798.pdf;3;Podridão-de-frutos;Dothiorella gregaria;160.0;160.0;g/100L;500.0;1000.0;L/ha;4;10 a 15 dias;Abacate;1;Abacate | Podridão-de-frutos (Dothiorella gregaria) | 160 g/100L;validado;;
798;Redshield 750;798.pdf;3;Queima-do-aipo;Cercospora apii;150.0;150.0;g/100L;500.0;1000.0;L/ha;4;5 a 7 dias ou conforme a necessidade;Aipo;1;Aipo | Queima-do-aipo (Cercospora apii) | 150 g/100L;validado;;
798;Redshield 750;798.pdf;3;Ramulose;Colletotrichum gossypii var. cephalosporioides;150.0;150.0;g/100L;500.0;1000.0;L/ha;4;20 a 30 dias (intervalo menor em condições climáticas favoráveis à doença);Algodão;1;Algodão | Ramulose (Colletotrichum gossypii var. cephalosporioides) | 150 g/100L;validado;;
798;Redshield 750;798.pdf;3;Verrugose;Sphaceloma perseae;160.0;160.0;g/100L;500.0;1000.0;L/ha;4;10 a 15 dias;Abacate;1;Abacate | Verrugose (Sphaceloma perseae) | 160 g/100L;validado;;
798;Redshield 750;798.pdf;4;Antracnose;Colletotrichum gloeosporioides;0.9;1.8;kg/ha;500.0;1000.0;L/ha;4;5 a 10 dias;Berinjela;1;Berinjela | Antracnose (Colletotrichum gloeosporioides) | 0.9-1.8 kg/ha;validado;;
798;Redshield 750;798.pdf;4;Antracnose;Colletotrichum gloeosporioides;1.3;2.0;kg/ha;500.0;1000.0;L/ha;5;;Café;1;Café | Antracnose (Colletotrichum gloeosporioides) | 1.3-2.0 kg/ha;validado;;
798;Redshield 750;798.pdf;4;Cercosporiose ou Mancha de Olho Pardo;Cercospora coffeicola;1.2;2.0;kg/ha;500.0;1000.0;L/ha;5;;Café;1;Café | Cercosporiose ou Mancha de Olho Pardo (Cercospora coffeicola) | 1.2-2.0 kg/ha;validado;;
798;Redshield 750;798.pdf;4;Ferrugem;Hemileia vastatrix;1.2;2.0;kg/ha;500.0;1000.0;L/ha;5;;Café;1;Café | Ferrugem (Hemileia vastatrix) | 1.2-2.0 kg/ha;validado;;
798;Redshield 750;798.pdf;4;Mal-de-Sigatoka;Mycosphaerella musicola;120.0;120.0;g/100L;500.0;1000.0;L/ha;4;7 dias;Banana;1;Banana | Mal-de-Sigatoka (Mycosphaerella musicola) | 120 g/100L;validado;;
798;Redshield 750;798.pdf;4;Mancha-aureolada;Pseudomonas syringae pv garcae;1.8;3.0;kg/ha;500.0;1000.0;L/ha;5;;Café;1;Café | Mancha-aureolada (Pseudomonas syringae pv garcae) | 1.8-3.0 kg/ha;validado;;
798;Redshield 750;798.pdf;4;Mancha-bacteriana;Xanthomonas vesicatoria;0.9;1.8;kg/ha;500.0;1000.0;L/ha;4;5 a 10 dias;Berinjela;1;Berinjela | Mancha-bacteriana (Xanthomonas vesicatoria) | 0.9-1.8 kg/ha;validado;;
798;Redshield 750;798.pdf;4;Mancha-castanha;Cercospora arachidicola;0.7;1.3;kg/ha;500.0;1000.0;L/ha;4;10 a 15 dias;Amendoim;1;Amendoim | Mancha-castanha (Cercospora arachidicola) | 0.7-1.3 kg/ha;validado;;
798;Redshield 750;798.pdf;4;Mancha-de-cercospora;Cercospora beticola;120.0;120.0;g/100L;500.0;1000.0;L/ha;4;7 dias ou conforme necessidade;Beterraba;1;Beterraba | Mancha-de-cercospora (Cercospora beticola) | 120 g/100L;validado;;
798;Redshield 750;798.pdf;4;Mancha-preta;Pseudocercospora personata;0.7;1.3;kg/ha;500.0;1000.0;L/ha;4;10 a 15 dias;Amendoim;1;Amendoim | Mancha-preta (Pseudocercospora personata) | 0.7-1.3 kg/ha;validado;;
798;Redshield 750;798.pdf;4;Pinta-preta;Alternaria solani;0.9;1.8;kg/ha;500.0;1000.0;L/ha;6;7 dias ou conforme necessidade;Batata;1;Batata | Pinta-preta (Alternaria solani) | 0.9-1.8 kg/ha;validado;;
798;Redshield 750;798.pdf;4;Pinta-preta-grande;Alternaria solani;120.0;120.0;g/100L;500.0;1000.0;L/ha;4;5 a 10 dias;Berinjela;1;Berinjela | Pinta-preta-grande (Alternaria solani) | 120 g/100L;validado;;
798;Redshield 750;798.pdf;4;Podridão-mole;Erwinia carotovora subsp. carotovora;0.9;1.8;kg/ha;500.0;1000.0;L/ha;6;7 dias ou conforme necessidade;Batata;1;Batata | Podridão-mole (Erwinia carotovora subsp. carotovora) | 0.9-1.8 kg/ha;validado;;
798;Redshield 750;798.pdf;4;Podridão-parda;Phytophthora palmivora;2.1;3.7;kg/ha;500.0;1000.0;L/ha;5;;Cacau;1;Cacau | Podridão-parda (Phytophthora palmivora) | 2.1-3.7 kg/ha;validado;;
798;Redshield 750;798.pdf;4;Queima;Diaporthe vexans;120.0;120.0;g/100L;500.0;1000.0;L/ha;4;5 a 10 dias;Berinjela;1;Berinjela | Queima (Diaporthe vexans) | 120 g/100L;validado;;
798;Redshield 750;798.pdf;4;Requeima;Phytophthora infestans;0.9;1.8;kg/ha;500.0;1000.0;L/ha;6;7 dias ou conforme necessidade;Batata;1;Batata | Requeima (Phytophthora infestans) | 0.9-1.8 kg/ha;validado;;
798;Redshield 750;798.pdf;4;Rubelose;Erythricium salmonicolor;2.1;3.7;kg/ha;500.0;1000.0;L/ha;5;;Cacau;1;Cacau | Rubelose (Erythricium salmonicolor) | 2.1-3.7 kg/ha;validado;;
798;Redshield 750;798.pdf;4;Seca-dos-ponteiros;Phoma costaricensis;1.8;3.0;kg/ha;500.0;1000.0;L/ha;5;;Café;1;Café | Seca-dos-ponteiros (Phoma costaricensis) | 1.8-3.0 kg/ha;validado;;
798;Redshield 750;798.pdf;4;Tombamento;Phytophthora capsici;0.9;1.8;kg/ha;500.0;1000.0;L/ha;4;5 a 10 dias;Berinjela;1;Berinjela | Tombamento (Phytophthora capsici) | 0.9-1.8 kg/ha;validado;;
798;Redshield 750;798.pdf;4;Vassoura-de-bruxa;Crinipellis perniciosa;2.1;3.7;kg/ha;500.0;1000.0;L/ha;5;;Cacau;1;Cacau | Vassoura-de-bruxa (Crinipellis perniciosa) | 2.1-3.7 kg/ha;validado;;
798;Redshield 750;798.pdf;4;Verrugose;Sphaceloma arachidis;0.7;1.3;kg/ha;500.0;1000.0;L/ha;4;10 a 15 dias;Amendoim;1;Amendoim | Verrugose (Sphaceloma arachidis) | 0.7-1.3 kg/ha;validado;;
798;Redshield 750;798.pdf;5;Antracnose;Colletotrichum gloeosporioides;100.0;100.0;g/100L;1000.0;2000.0;L/ha;4;;Citros;1;Citros | Antracnose (Colletotrichum gloeosporioides) | 100 g/100L;validado;;
798;Redshield 750;798.pdf;5;Antracnose-da-cebola-branca;Colletotrichum circinans;120.0;120.0;g/100L;500.0;1000.0;L/ha;7;7 dias ou conforme a necessidade;Cebola;1;Cebola | Antracnose-da-cebola-branca (Colletotrichum circinans) | 120 g/100L;validado;;
798;Redshield 750;798.pdf;5;Cancro cítrico;Xanthomonas axonopodis pv. citri;45.0;65.0;g/100L;2000.0;2000.0;L/ha;6;21 dias;Citros;1;Citros | Cancro cítrico (Xanthomonas axonopodis pv. citri) | 45-65 g/100L;validado;;
798;Redshield 750;798.pdf;5;Ferrugem;Puccinia allii;120.0;120.0;g/100L;500.0;1000.0;L/ha;7;7 dias ou conforme a necessidade;Cebola;1;Cebola | Ferrugem (Puccinia allii) | 120 g/100L;validado;;
798;Redshield 750;798.pdf;5;Gomose;Phytophthora citrophthora;100.0;100.0;g/100L;1000.0;2000.0;L/ha;4;;Citros;1;Citros | Gomose (Phytophthora citrophthora) | 100 g/100L;validado;;
798;Redshield 750;798.pdf;5;Mancha-de-Alternaria;Alternaria dauci;0.9;1.8;kg/ha;500.0;1000.0;L/ha;4;7 dias ou conforme a necessidade;Cenoura;1;Cenoura | Mancha-de-Alternaria (Alternaria dauci) | 0.9-1.8 kg/ha;validado;;
798;Redshield 750;798.pdf;5;Mancha-de-Cercosporiose;Cercospora carotae;150.0;150.0;g/100L;500.0;1000.0;L/ha;4;7 dias ou conforme a necessidade;Cenoura;1;Cenoura | Mancha-de-Cercosporiose (Cercospora carotae) | 150 g/100L;validado;;
798;Redshield 750;798.pdf;5;Mancha-preta;Phyllosticta citricarpa;110.0;140.0;g/100L;1000.0;2000.0;L/ha;4;;Citros;1;Citros | Mancha-preta (Phyllosticta citricarpa) | 110-140 g/100L;validado;;
798;Redshield 750;798.pdf;5;Mancha-púrpura;Alternaria porri;0.9;1.8;kg/ha;500.0;1000.0;L/ha;7;7 dias ou conforme a necessidade;Cebola;1;Cebola | Mancha-púrpura (Alternaria porri) | 0.9-1.8 kg/ha;validado;;
798;Redshield 750;798.pdf;5;Melanose;Diaporthe citri;100.0;100.0;g/100L;1000.0;2000.0;L/ha;4;;Citros;1;Citros | Melanose (Diaporthe citri) | 100 g/100L;validado;;
798;Redshield 750;798.pdf;5;Míldio;Peronospora destructor;120.0;120.0;g/100L;500.0;1000.0;L/ha;7;7 dias ou conforme a necessidade;Cebola;1;Cebola | Míldio (Peronospora destructor) | 120 g/100L;validado;;
798;Redshield 750;798.pdf;5;Podridão-negra;Alternaria citri;100.0;100.0;g/100L;1000.0;2000.0;L/ha;4;;Citros;1;Citros | Podridão-negra (Alternaria citri) | 100 g/100L;validado;;
798;Redshield 750;798.pdf;5;Rubelose;Corticium salmonicolor;100.0;100.0;g/100L;1000.0;2000.0;L/ha;4;;Citros;1;Citros | Rubelose (Corticium salmonicolor) | 100 g/100L;validado;;
798;Redshield 750;798.pdf;5;Verrugose;Elsinoe fawcetti;100.0;100.0;g/100L;1000.0;2000.0;L/ha;4;;Citros;1;Citros | Verrugose (Elsinoe fawcetti) | 100 g/100L;validado;;
798;Redshield 750;798.pdf;5;Verrugose-da-laranja-doce;Elsinoe australis;100.0;100.0;g/100L;1000.0;2000.0;L/ha;4;;Citros;1;Citros | Verrugose-da-laranja-doce (Elsinoe australis) | 100 g/100L;validado;;
798;Redshield 750;798.pdf;6;Antracnose;Colletotrichum gloeosporioides;120.0;120.0;g/100L;500.0;1000.0;L/ha;4;5 a 10 dias (intervalo menor em condições climáticas favoráveis);Jiló;1;Jiló | Antracnose (Colletotrichum gloeosporioides) | 120 g/100L;validado;;
798;Redshield 750;798.pdf;6;Antracnose;Colletotrichum gloeosporioides;160.0;160.0;g/100L;500.0;1000.0;L/ha;4;7 a 14 dias no período de setembro/dezembro;Goiaba;1;Goiaba | Antracnose (Colletotrichum gloeosporioides) | 160 g/100L;validado;;
798;Redshield 750;798.pdf;6;Antracnose;Colletotrichum lindemuthianum;140.0;140.0;g/100L;500.0;1000.0;L/ha;5;7 a 14 dias;Feijão,Feijão-vagem;2;Feijão-vagem | Antracnose (Colletotrichum lindemuthianum) | 140 g/100L;validado_bula;;
798;Redshield 750;798.pdf;6;Antracnose;Colletotrichum lindemuthianum;160.0;160.0;g/100L;500.0;1000.0;L/ha;4;10 a 15 dias ou conforme a necessidade;Figo;1;Figo | Antracnose (Colletotrichum lindemuthianum) | 160 g/100L;validado;;
798;Redshield 750;798.pdf;6;Crestamento-bacteriano-comum;Xanthomonas axonopodis pv. phaseoli;0.6;1.8;kg/ha;500.0;1000.0;L/ha;5;7 a 14 dias;Feijão,Feijão-vagem;2;Feijão-vagem | Crestamento-bacteriano-comum (Xanthomonas axonopodis pv. phaseoli) | 0.6-1.8 kg/ha;validado_bula;;
798;Redshield 750;798.pdf;6;Ferrugem;Cerotelium fici;160.0;160.0;g/100L;500.0;1000.0;L/ha;4;10 a 15 dias ou conforme a necessidade;Figo;1;Figo | Ferrugem (Cerotelium fici) | 160 g/100L;validado;;
798;Redshield 750;798.pdf;6;Ferrugem;Uromyces appendiculatus;140.0;140.0;g/100L;500.0;1000.0;L/ha;5;7 a 14 dias;Feijão,Feijão-vagem;2;Feijão-vagem | Ferrugem (Uromyces appendiculatus) | 140 g/100L;validado_bula;;
798;Redshield 750;798.pdf;6;Ferrugem-da-goiabeira;Puccinia psidii;160.0;160.0;g/100L;500.0;1000.0;L/ha;4;7 a 14 dias no período de setembro/dezembro;Goiaba;1;Goiaba | Ferrugem-da-goiabeira (Puccinia psidii) | 160 g/100L;validado;;
798;Redshield 750;798.pdf;6;Ferrugem-do-craveiro;Uromyces dianthi;140.0;140.0;g/100L;500.0;1000.0;L/ha;4;3 a 7 dias ou conforme a necessidade;Cravo;1;Cravo | Ferrugem-do-craveiro (Uromyces dianthi) | 140 g/100L;validado;;
798;Redshield 750;798.pdf;6;Mancha-angular;Phaeoisariopsis griseola;140.0;140.0;g/100L;500.0;1000.0;L/ha;5;7 a 14 dias;Feijão,Feijão-vagem;2;Feijão-vagem | Mancha-angular (Phaeoisariopsis griseola) | 140 g/100L;validado_bula;;
798;Redshield 750;798.pdf;6;Mancha-angular;Phyllosticta sycophila;160.0;160.0;g/100L;500.0;1000.0;L/ha;4;10 a 15 dias ou conforme a necessidade;Figo;1;Figo | Mancha-angular (Phyllosticta sycophila) | 160 g/100L;validado;;
798;Redshield 750;798.pdf;6;Mancha-da-folha-e-cálice;Cladosporium echinulatum;140.0;140.0;g/100L;500.0;1000.0;L/ha;4;3 a 7 dias ou conforme a necessidade;Cravo;1;Cravo | Mancha-da-folha-e-cálice (Cladosporium echinulatum) | 140 g/100L;validado;;
798;Redshield 750;798.pdf;6;Mancha-de-Alternaria;Alternaria tenuissima;0.7;1.3;kg/ha;500.0;1000.0;L/ha;4;7 a 14 dias ou conforme necessidade;Fumo;1;Fumo | Mancha-de-Alternaria (Alternaria tenuissima) | 0.7-1.3 kg/ha;validado;;
798;Redshield 750;798.pdf;6;Mancha-de-Phyllosticta;Phyllosticta guajavae;160.0;160.0;g/100L;500.0;1000.0;L/ha;4;7 a 14 dias no período de setembro/dezembro;Goiaba;1;Goiaba | Mancha-de-Phyllosticta (Phyllosticta guajavae) | 160 g/100L;validado;;
798;Redshield 750;798.pdf;6;Pinta-preta;Alternaria dianthi;140.0;140.0;g/100L;500.0;1000.0;L/ha;4;3 a 7 dias ou conforme a necessidade;Cravo;1;Cravo | Pinta-preta (Alternaria dianthi) | 140 g/100L;validado;;
798;Redshield 750;798.pdf;6;Podridão-do-fruto;Phytophthora nicotianae var. nicotianae;160.0;160.0;g/100L;500.0;1000.0;L/ha;4;10 a 15 dias ou conforme a necessidade;Figo;1;Figo | Podridão-do-fruto (Phytophthora nicotianae var. nicotianae) | 160 g/100L;validado;;
798;Redshield 750;798.pdf;6;Queima-das-folhas;Phyllosticta phaseolina;0.6;1.8;kg/ha;500.0;1000.0;L/ha;5;7 a 14 dias;Feijão,Feijão-vagem;2;Feijão-vagem | Queima-das-folhas (Phyllosticta phaseolina) | 0.6-1.8 kg/ha;validado_bula;;
798;Redshield 750;798.pdf;7;Antracnose;Colletotrichum gloeosporioides;0.9;1.8;kg/ha;500.0;1000.0;L/ha;4;10 a 15 dias;Maracujá;1;Maracujá | Antracnose (Colletotrichum gloeosporioides) | 0.9-1.8 kg/ha;validado;;
798;Redshield 750;798.pdf;7;Antracnose;Colletotrichum gloeosporioides;150.0;150.0;g/100L;500.0;1000.0;L/ha;4;7 a 10 dias (intervalo menor em condições climáticas favoráveis);Marmelo;1;Marmelo | Antracnose (Colletotrichum gloeosporioides) | 150 g/100L;validado;;
798;Redshield 750;798.pdf;7;Antracnose;Colletotrichum gloeosporioides;160.0;160.0;g/100L;500.0;1000.0;L/ha;6;7 a 14 dias;Mamão,Manga;2;Manga | Antracnose (Colletotrichum gloeosporioides) | 160 g/100L;validado;;
798;Redshield 750;798.pdf;7;Antracnose;Colletotrichum orbiculare;0.9;1.8;kg/ha;500.0;1000.0;L/ha;5;7 a 10 dias;Melancia;1;Melancia | Antracnose (Colletotrichum orbiculare) | 0.9-1.8 kg/ha;validado;;
798;Redshield 750;798.pdf;7;Entomosporiose;Entomosporium mespili;120.0;120.0;g/100L;500.0;1000.0;L/ha;4;7 a 10 dias (intervalo menor em condições climáticas favoráveis);Marmelo;1;Marmelo | Entomosporiose (Entomosporium mespili) | 120 g/100L;validado;;
798;Redshield 750;798.pdf;7;Entomosporiose;Entomosporium mespili;160.0;160.0;g/100L;500.0;1000.0;L/ha;4;7 a 10 dias;Maçã;1;Maçã | Entomosporiose (Entomosporium mespili) | 160 g/100L;validado;;
798;Redshield 750;798.pdf;7;Mancha-angular;Xanthomonas campestris pv mangiferaeindicae;0.9;1.8;kg/ha;500.0;1000.0;L/ha;8;7 a 14 dias;Manga;1;Manga | Mancha-angular (Xanthomonas campestris pv mangiferaeindicae) | 0.9-1.8 kg/ha;validado;;
798;Redshield 750;798.pdf;7;Mancha-aquosa;Acidovorax avenae subsp. citrulli;100.0;100.0;g/100L;500.0;1000.0;L/ha;5;7 a 10 dias;Melancia;1;Melancia | Mancha-aquosa (Acidovorax avenae subsp. citrulli) | 100 g/100L;validado;;
798;Redshield 750;798.pdf;7;Mancha-foliar-da-gala;Colletotrichum gloeosporioides;160.0;160.0;g/100L;500.0;1000.0;L/ha;4;7 a 10 dias;Maçã;1;Maçã | Mancha-foliar-da-gala (Colletotrichum gloeosporioides) | 160 g/100L;validado;;
798;Redshield 750;798.pdf;7;Míldio;Pseudoperonospora cubensis;100.0;100.0;g/100L;500.0;1000.0;L/ha;5;7 a 10 dias;Melancia;1;Melancia | Míldio (Pseudoperonospora cubensis) | 100 g/100L;validado;;
798;Redshield 750;798.pdf;7;Podridão-parda;Monilinia fructicola;160.0;160.0;g/100L;500.0;1000.0;L/ha;4;7 a 10 dias;Maçã;1;Maçã | Podridão-parda (Monilinia fructicola) | 160 g/100L;validado;;
798;Redshield 750;798.pdf;7;Sarna;Asperisporium caricae;160.0;160.0;g/100L;500.0;1000.0;L/ha;6;7 a 14 dias;Mamão;1;Mamão | Sarna (Asperisporium caricae) | 160 g/100L;validado;;
798;Redshield 750;798.pdf;7;Sarna;Cladosporium cucumerinum;0.9;1.8;kg/ha;500.0;1000.0;L/ha;5;7 a 10 dias;Melancia;1;Melancia | Sarna (Cladosporium cucumerinum) | 0.9-1.8 kg/ha;validado;;
798;Redshield 750;798.pdf;7;Sarna-da-macieira;Venturia inaequalis;160.0;160.0;g/100L;500.0;1000.0;L/ha;4;7 a 10 dias;Maçã;1;Maçã | Sarna-da-macieira (Venturia inaequalis) | 160 g/100L;validado;;
798;Redshield 750;798.pdf;7;Verrugose;Cladosporium herbarum;0.9;1.8;kg/ha;500.0;1000.0;L/ha;4;10 a 15 dias;Maracujá;1;Maracujá | Verrugose (Cladosporium herbarum) | 0.9-1.8 kg/ha;validado;;
798;Redshield 750;798.pdf;7;Verrugose-da-mangueira;Elsinoe mangiferae;160.0;160.0;g/100L;500.0;1000.0;L/ha;8;7 a 14 dias;Manga;1;Manga | Verrugose-da-mangueira (Elsinoe mangiferae) | 160 g/100L;validado;;
798;Redshield 750;798.pdf;8;Antracnose;Colletotrichum orbiculare;0.9;1.8;kg/ha;500.0;1000.0;L/ha;5;7 dias;Pepino;1;Pepino | Antracnose (Colletotrichum orbiculare) | 0.9-1.8 kg/ha;validado;;
798;Redshield 750;798.pdf;8;Antracnose;Colletotrichum orbiculare;120.0;120.0;g/100L;500.0;1000.0;L/ha;5;7 a 10 dias;Melão;1;Melão | Antracnose (Colletotrichum orbiculare) | 120 g/100L;validado;;
798;Redshield 750;798.pdf;8;Crespeira;Taphrina deformans;140.0;140.0;g/100L;500.0;1000.0;L/ha;4;7 a 10 dias;Nêspera;1;Nêspera | Crespeira (Taphrina deformans) | 140 g/100L;validado;;
798;Redshield 750;798.pdf;8;Crespeira;Taphrina deformans;160.0;160.0;g/100L;500.0;1000.0;L/ha;4;7 a 10 dias;Pêssego;1;Pêssego | Crespeira (Taphrina deformans) | 160 g/100L;validado;;
798;Redshield 750;798.pdf;8;Entomosporiose;Entomosporium mespili;160.0;160.0;g/100L;500.0;1000.0;L/ha;4;7 a 10 dias;Pera;1;Pera | Entomosporiose (Entomosporium mespili) | 160 g/100L;validado;;
798;Redshield 750;798.pdf;8;Mancha-angular;Pseudomonas syringae pv. lachrymans;120.0;120.0;g/100L;500.0;1000.0;L/ha;5;7 dias;Pepino;1;Pepino | Mancha-angular (Pseudomonas syringae pv. lachrymans) | 120 g/100L;validado;;
798;Redshield 750;798.pdf;8;Mancha-aquosa;Acidovorax avenae subsp. citrulli;100.0;100.0;g/100L;500.0;1000.0;L/ha;5;7 a 10 dias;Melão;1;Melão | Mancha-aquosa (Acidovorax avenae subsp. citrulli) | 100 g/100L;validado;;
798;Redshield 750;798.pdf;8;Míldio;Pseudoperonospora cubensis;0.9;1.8;kg/ha;500.0;1000.0;L/ha;5;7 a 10 dias;Melão,Pepino;2;Pepino | Míldio (Pseudoperonospora cubensis) | 0.9-1.8 kg/ha;validado;;
798;Redshield 750;798.pdf;8;Podridão-amarga;Colletotrichum gloeosporioides;160.0;160.0;g/100L;500.0;1000.0;L/ha;4;7 a 10 dias;Pera;1;Pera | Podridão-amarga (Colletotrichum gloeosporioides) | 160 g/100L;validado;;
798;Redshield 750;798.pdf;8;Podridão-negra;Botryosphaeria obtusa;160.0;160.0;g/100L;500.0;1000.0;L/ha;4;7 a 10 dias;Pera;1;Pera | Podridão-negra (Botryosphaeria obtusa) | 160 g/100L;validado_bula;;
798;Redshield 750;798.pdf;8;Podridão-parda;Monilinia fructicola;160.0;160.0;g/100L;500.0;1000.0;L/ha;4;7 a 10 dias;Pera,Pêssego;2;Pêssego | Podridão-parda (Monilinia fructicola) | 160 g/100L;validado;;
798;Redshield 750;798.pdf;8;Requeima;Entomosporium mespili;140.0;140.0;g/100L;500.0;1000.0;L/ha;4;7 a 10 dias;Nêspera;1;Nêspera | Requeima (Entomosporium mespili) | 140 g/100L;validado;;
798;Redshield 750;798.pdf;8;Sarna;Cladosporium cucumerinum;120.0;120.0;g/100L;500.0;1000.0;L/ha;5;7 dias;Pepino;1;Pepino | Sarna (Cladosporium cucumerinum) | 120 g/100L;validado;;
798;Redshield 750;798.pdf;8;Sarna-da-macieira;Venturia inaequalis;160.0;160.0;g/100L;500.0;1000.0;L/ha;4;7 a 10 dias;Pera;1;Pera | Sarna-da-macieira (Venturia inaequalis) | 160 g/100L;validado;;
798;Redshield 750;798.pdf;8;Sarna-do-pessegueiro;Cladosporium carpophilum;160.0;160.0;g/100L;500.0;1000.0;L/ha;4;7 a 10 dias;Pêssego;1;Pêssego | Sarna-do-pessegueiro (Cladosporium carpophilum) | 160 g/100L;validado;;
798;Redshield 750;798.pdf;9;Antracnose;Colletotrichum gloeosporioides;0.9;1.8;kg/ha;500.0;1000.0;L/ha;4;7 a 10 dias (dose maior sob condições favoráveis);Pimenta,Pimentão;2;Pimentão | Antracnose (Colletotrichum gloeosporioides) | 0.9-1.8 kg/ha;validado;;
798;Redshield 750;798.pdf;9;Antracnose;Colletotrichum gloeosporioides;160.0;160.0;g/100L;500.0;1000.0;L/ha;6;7 a 15 dias (intervalo menor em condições climáticas favoráveis);Tomate;1;Tomate | Antracnose (Colletotrichum gloeosporioides) | 160 g/100L;validado;;
798;Redshield 750;798.pdf;9;Cercosporiose;Cercospora abelmoschi;0.9;1.8;kg/ha;500.0;1000.0;L/ha;4;15 dias;Quiabo;1;Quiabo | Cercosporiose (Cercospora abelmoschi) | 0.9-1.8 kg/ha;validado;;
798;Redshield 750;798.pdf;9;Crestamento-bacteriano;Pseudomonas savastanoi pv. Glycinea;250.0;700.0;g/ha;500.0;1000.0;L/ha;2;;Soja;1;Soja | Crestamento-bacteriano (Pseudomonas savastanoi pv. Glycinea) | 250-700 g/ha;validado;;
798;Redshield 750;798.pdf;9;Crestamento-foliar;Cercospora kikuchii;250.0;700.0;g/ha;500.0;1000.0;L/ha;2;;Soja;1;Soja | Crestamento-foliar (Cercospora kikuchii) | 250-700 g/ha;validado;;
798;Redshield 750;798.pdf;9;Ferrugem-asiática;Phakopsora pachyrhizi;400.0;700.0;g/ha;150.0;150.0;L/ha;4;14 dias;Soja;1;Soja | Ferrugem-asiática (Phakopsora pachyrhizi) | 400-700 g/ha;validado;;
798;Redshield 750;798.pdf;9;Ferrugem-da-roseira;Phragmidium mucronatum;140.0;140.0;g/100L;500.0;1000.0;L/ha;4;3 a 7 dias (intervalo menor em condições climáticas favoráveis);Rosa;1;Rosa | Ferrugem-da-roseira (Phragmidium mucronatum) | 140 g/100L;validado;;
798;Redshield 750;798.pdf;9;Mal-das-folhas;Microcyclus ulei;0.7;1.3;kg/ha;500.0;1000.0;L/ha;4;7 a 14 dias;Seringueira;1;Seringueira | Mal-das-folhas (Microcyclus ulei) | 0.7-1.3 kg/ha;validado;;
798;Redshield 750;798.pdf;9;Mancha-bacteriana;Xanthomona vesicatoria;0.9;1.8;kg/ha;500.0;1000.0;L/ha;4;7 a 10 dias (dose maior sob condições favoráveis);Pimenta,Pimentão;2;Pimentão | Mancha-bacteriana (Xanthomona vesicatoria) | 0.9-1.8 kg/ha;validado;;
798;Redshield 750;798.pdf;9;Mancha-bacteriana;Xanthomona vesicatoria;160.0;160.0;g/100L;500.0;1000.0;L/ha;6;7 a 15 dias (intervalo menor em condições climáticas favoráveis);Tomate;1;Tomate | Mancha-bacteriana (Xanthomona vesicatoria) | 160 g/100L;validado;;
798;Redshield 750;798.pdf;9;Mancha-das-folhas;Diplocarpon rosae;140.0;140.0;g/100L;500.0;1000.0;L/ha;4;3 a 7 dias (intervalo menor em condições climáticas favoráveis);Rosa;1;Rosa | Mancha-das-folhas (Diplocarpon rosae) | 140 g/100L;validado;;
798;Redshield 750;798.pdf;9;Mancha-de-Alternaria;Alternaria solani;120.0;120.0;g/100L;500.0;1000.0;L/ha;4;7 a 10 dias (dose maior sob condições favoráveis);Pimenta,Pimentão;2;Pimentão | Mancha-de-Alternaria (Alternaria solani) | 120 g/100L;validado;;
798;Redshield 750;798.pdf;9;Mancha-de-Clasdoporium;Fulvia fulva;160.0;160.0;g/100L;500.0;1000.0;L/ha;6;7 a 15 dias (intervalo menor em condições climáticas favoráveis);Tomate;1;Tomate | Mancha-de-Clasdoporium (Fulvia fulva) | 160 g/100L;validado;;
798;Redshield 750;798.pdf;9;Mancha-de-Stemphylium;Stemphylium solani;160.0;160.0;g/100L;500.0;1000.0;L/ha;6;7 a 15 dias (intervalo menor em condições climáticas favoráveis);Tomate;1;Tomate | Mancha-de-Stemphylium (Stemphylium solani) | 160 g/100L;validado;;
798;Redshield 750;798.pdf;9;Mancha-olho-de-perdiz;Clavibacter michiganensis subsp. michiganensis;160.0;160.0;g/100L;500.0;1000.0;L/ha;6;7 a 15 dias (intervalo menor em condições climáticas favoráveis);Tomate;1;Tomate | Mancha-olho-de-perdiz (Clavibacter michiganensis subsp. michiganensis) | 160 g/100L;validado;;
798;Redshield 750;798.pdf;9;Pinta Preta ou Mancha-de-Alternaria;Alternaria solani;1.5;1.5;kg/ha;500.0;1000.0;L/ha;6;7 a 15 dias (intervalo menor em condições climáticas favoráveis);Tomate;1;Tomate | Pinta Preta ou Mancha-de-Alternaria (Alternaria solani) | 1.5 kg/ha;validado;;
798;Redshield 750;798.pdf;9;Podridão-mole;Erwinia carotovora subsp. carotovora;160.0;160.0;g/100L;500.0;1000.0;L/ha;6;7 a 15 dias (intervalo menor em condições climáticas favoráveis);Tomate;1;Tomate | Podridão-mole (Erwinia carotovora subsp. carotovora) | 160 g/100L;validado_bula;;
798;Redshield 750;798.pdf;9;Requeima;Phytophthora capsici;0.9;1.8;kg/ha;500.0;1000.0;L/ha;4;5 a 7 dias (dose maior sob condições favoráveis);Pimentão;1;Pimentão | Requeima (Phytophthora capsici) | 0.9-1.8 kg/ha;validado;;
798;Redshield 750;798.pdf;9;Requeima;Phytophthora infestans;1.5;1.5;kg/ha;500.0;1000.0;L/ha;6;7 a 15 dias (intervalo menor em condições climáticas favoráveis);Tomate;1;Tomate | Requeima (Phytophthora infestans) | 1.5 kg/ha;validado;;
798;Redshield 750;798.pdf;9;Septoriose;Septoria lycopersici;160.0;160.0;g/100L;500.0;1000.0;L/ha;6;7 a 15 dias (intervalo menor em condições climáticas favoráveis);Tomate;1;Tomate | Septoriose (Septoria lycopersici) | 160 g/100L;validado;;
798;Redshield 750;798.pdf;10;Antracnose;Elsinoe ampelina;0.9;1.8;kg/ha;500.0;1000.0;L/ha;7;7 a 10 dias;Uva;1;Uva | Antracnose (Elsinoe ampelina) | 0.9-1.8 kg/ha;validado;;
798;Redshield 750;798.pdf;10;Cercospora ou Mancha-das-folhas;Pseudocercospora vitis;120.0;120.0;g/100L;500.0;1000.0;L/ha;7;7 a 10 dias;Uva;1;Uva | Cercospora ou Mancha-das-folhas (Pseudocercospora vitis) | 120 g/100L;validado_bula;;
798;Redshield 750;798.pdf;10;Podridão-amarga;Greeneria uvicola;120.0;120.0;g/100L;500.0;1000.0;L/ha;7;7 a 10 dias;Uva;1;Uva | Podridão-amarga (Greeneria uvicola) | 120 g/100L;validado;;
798;Redshield 750;798.pdf;10;Podridão-da-uva-madura;Colletotrichum gloeosporioides;130.0;130.0;g/100L;500.0;1000.0;L/ha;7;7 a 10 dias;Uva;1;Uva | Podridão-da-uva-madura (Colletotrichum gloeosporioides) | 130 g/100L;validado;;
821;Herbimax 806 SL;821.pdf;3;Amendoim-bravo, Leiteira;Euphorbia heterophylla;1.0;1.5;L/ha;150.0;300.0;L/ha;1;;Arroz,Cana-de-açúcar;2;Amendoim-bravo, Leiteira (Euphorbia heterophylla) | [dose herdada: 1-1,5 L/ha];validado;;
821;Herbimax 806 SL;821.pdf;3;Angiquinho, Corticeirinha, Pinheirinho, Maricazinho;Aeschynomene denticulata;0.3;0.3;L/ha;150.0;300.0;L/ha;1;;Arroz-irrigado;1;Arroz-irrigado | Angiquinho, Corticeirinha, Pinheirinho, Maricazinho | Aeschynomene denticulata | 150 - 300 L/ha | 0,3 L/ha PC | 201 g IA/ha;validado_bula;;
821;Herbimax 806 SL;821.pdf;3;Angiquinho, Maricazinho, Paquinha, Pinheirinho;Aeschynomene rudis;0.3;0.3;L/ha;150.0;300.0;L/ha;1;;Arroz-irrigado;1;Angiquinho, Maricazinho, Paquinha, Pinheirinho (Aeschynomene rudis) | [dose herdada: 0,3 L/ha];validado_bula;;
821;Herbimax 806 SL;821.pdf;3;Beldroega;Portulaca oleracea;1.0;1.5;L/ha;150.0;300.0;L/ha;;;Cana-de-açúcar;1;Beldroega (Portulaca oleracea) | [dose herdada: 1-1,5 L/ha];validado;;
821;Herbimax 806 SL;821.pdf;3;Caruru-de-mancha;Amaranthus viridis;1.0;1.5;L/ha;150.0;300.0;L/ha;;;Cana-de-açúcar;1;Caruru-de-mancha (Amaranthus viridis) | [dose herdada: 1-1,5 L/ha];validado;;
821;Herbimax 806 SL;821.pdf;3;Caruru-de-mancha, Caruru-verde, Bredo, Caruru;Amaranthus viridis;0.5;1.5;L/ha;150.0;300.0;L/ha;1;;Café;1;Caruru-de-mancha, Caruru-verde, Bredo, Caruru (Amaranthus viridis) | 0,5 - 1,5 L/ha PC | 335-1.005 g IA/ha;validado;;
821;Herbimax 806 SL;821.pdf;3;Corda-de-viola, Campainha, Corriola;Ipomoea aristolochiaefolia;0.3;0.3;L/ha;150.0;300.0;L/ha;1;;Arroz-irrigado;1;Corda-de-viola, Campainha, Corriola (Ipomoea aristolochiaefolia) | [dose herdada: 0,3 L/ha];validado_bula;;
821;Herbimax 806 SL;821.pdf;3;Corda-de-viola, Corriola;Ipomoea purpurea;1.0;1.5;L/ha;150.0;300.0;L/ha;;;Cana-de-açúcar;1;Corda-de-viola, Corriola (Ipomoea purpurea) | [dose herdada: 1-1,5 L/ha];validado_bula;;
821;Herbimax 806 SL;821.pdf;3;Falsa-serralha;Emilia sonchifolia;1.5;1.5;L/ha;150.0;300.0;L/ha;;;Cana-de-açúcar;1;Falsa-serralha (Emilia sonchifolia) | 1,5 L/ha PC | 1.005 g IA/ha;validado;;
821;Herbimax 806 SL;821.pdf;3;Guanxuma, Mata-pasto;Sida rhombifolia;1.0;1.5;L/ha;150.0;300.0;L/ha;1;;Arroz,Cana-de-açúcar;2;Guanxuma, Mata-pasto (Sida rhombifolia) | [dose herdada: 1-1,5 L/ha];validado;;
821;Herbimax 806 SL;821.pdf;3;Guanxuma, Mata-pasto, Relógio;Sida rhombifolia;1.0;1.5;L/ha;150.0;300.0;L/ha;1;;Café;1;Guanxuma, Mata-pasto, Relógio (Sida rhombifolia) | 1 - 1,5 L/ha PC;validado;;
821;Herbimax 806 SL;821.pdf;3;Picão-preto;Bidens pilosa;1.0;1.5;L/ha;150.0;300.0;L/ha;1;;Arroz,Café,Cana-de-açúcar;3;Cana-de-açúcar | Picão-preto | Bidens pilosa | 150 - 300 L/ha | 1 - 1,5 L/ha PC;validado;;
821;Herbimax 806 SL;821.pdf;3;Poaia-branca, Poaia, Poaia-do-campo;Richardia brasiliensis;1.5;3.5;L/ha;150.0;300.0;L/ha;1;;Café;1;Poaia-branca, Poaia, Poaia-do-campo (Richardia brasiliensis) | 1,5 - 3,5 L/ha PC | 1.005-2.345 g IA/ha;validado;;
821;Herbimax 806 SL;821.pdf;3;Trapoeraba;Commelina benghalensis;1.0;1.5;L/ha;150.0;300.0;L/ha;1;;Arroz,Cana-de-açúcar;2;Trapoeraba (Commelina benghalensis) | [dose herdada: 1-1,5 L/ha];validado;;
821;Herbimax 806 SL;821.pdf;3;Trapoeraba, Mata-brasil, Marianinha;Commelina benghalensis;1.0;1.5;L/ha;150.0;300.0;L/ha;1;;Café;1;Trapoeraba, Mata-brasil, Marianinha (Commelina benghalensis) | [dose herdada: 1-1,5 L/ha];validado;;
821;Herbimax 806 SL;821.pdf;4;Amendoim-bravo, Leiteira;Euphorbia heterophylla;0.5;1.5;L/ha;150.0;300.0;L/ha;1;;Milho;2;Amendoim-bravo, Leiteira (Euphorbia heterophylla) | [dose herdada: 0,5-1,5 L/ha];validado;;
821;Herbimax 806 SL;821.pdf;4;Amendoim-bravo, Leiteira;Euphorbia heterophylla;1.0;1.5;L/ha;150.0;300.0;L/ha;1;;Soja,Trigo;2;Trigo | Amendoim-bravo, Leiteira | Euphorbia heterophylla | 200 L/ha | 1 - 1,5 L/ha PC;validado;;
821;Herbimax 806 SL;821.pdf;4;Apaga-fogo;Alternanthera tenella;0.5;1.5;L/ha;150.0;300.0;L/ha;1;;Milho;2;Apaga-fogo (Alternanthera tenella) | [dose herdada: 0,5-1,5 L/ha];validado;;
821;Herbimax 806 SL;821.pdf;4;Beldroega;Portulaca oleracea;3.5;3.5;L/ha;150.0;300.0;L/ha;;;Cana-de-açúcar;1;Beldroega (Portulaca oleracea) | [dose herdada: 3,5 L/ha];validado;;
821;Herbimax 806 SL;821.pdf;4;Beldroega, Bredo-de-porco, Verdolaga, Ora-pro-nobis;Portulaca oleracea;1.0;2.0;L/ha;200.0;400.0;L/ha;1;;Pastagem;1;Beldroega, Bredo-de-porco, Verdolaga, Ora-pro-nobis (Portulaca oleracea) | [dose herdada: 1-2 L/ha];validado_bula;;
821;Herbimax 806 SL;821.pdf;4;Caruru-de-mancha;Amaranthus viridis;3.5;3.5;L/ha;150.0;300.0;L/ha;;;Cana-de-açúcar;1;Caruru-de-mancha (Amaranthus viridis) | [dose herdada: 3,5 L/ha];validado;;
821;Herbimax 806 SL;821.pdf;4;Caruru-rasteiro, Caruru;Amaranthus deflexus;0.5;1.5;L/ha;150.0;300.0;L/ha;1;;Milho;1;Caruru-rasteiro, Caruru (Amaranthus deflexus) | [dose herdada: 0,5-1,5 L/ha];validado;;
821;Herbimax 806 SL;821.pdf;4;Caruru-rasteiro, Caruru, Bredo, Bredo-rasteiro;Amaranthus deflexus;1.0;2.0;L/ha;200.0;400.0;L/ha;1;;Pastagem;1;Caruru-rasteiro, Caruru, Bredo, Bredo-rasteiro (Amaranthus deflexus) | [dose herdada: 1-2 L/ha];validado_bula;;
821;Herbimax 806 SL;821.pdf;4;Corda-de-viola, Corriola;Ipomoea grandifolia;0.5;1.5;L/ha;150.0;300.0;L/ha;1;;Milho;2;Corda-de-viola, Corriola (Ipomoea grandifolia) | [dose herdada: 0,5-1,5 L/ha];validado;;
821;Herbimax 806 SL;821.pdf;4;Corda-de-viola, Corriola;Ipomoea purpurea;1.0;1.5;L/ha;150.0;300.0;L/ha;1;;Soja;1;Corda-de-viola, Corriola (Ipomoea purpurea) | [dose herdada: 1-1,5 L/ha];validado;;
821;Herbimax 806 SL;821.pdf;4;Falsa-serralha;Emilia sonchifolia;3.5;3.5;L/ha;150.0;300.0;L/ha;;;Cana-de-açúcar;1;Falsa-serralha (Emilia sonchifolia) | [dose herdada: 3,5 L/ha];validado;;
821;Herbimax 806 SL;821.pdf;4;Guanxuma, Malva-veludo, Malva;Sida cordifolia;1.0;2.0;L/ha;200.0;400.0;L/ha;1;;Pastagem;1;Guanxuma, Malva-veludo, Malva (Sida cordifolia) | [dose herdada: 1-2 L/ha];validado_bula;;
821;Herbimax 806 SL;821.pdf;4;Guanxuma, Mata-pasto;Sida rhombifolia;0.5;1.5;L/ha;150.0;300.0;L/ha;1;;Milho;1;Guanxuma, Mata-pasto (Sida rhombifolia) | [dose herdada: 0,5-1,5 L/ha];validado;;
821;Herbimax 806 SL;821.pdf;4;Guanxuma, Mata-pasto;Sida rhombifolia;1.0;1.5;L/ha;150.0;300.0;L/ha;1;;Soja;1;Soja (plantio direto) | Guanxuma, Mata-pasto | Sida rhombifolia | 150 - 300 L/ha | 1 - 1,5 L/ha PC;validado;;
821;Herbimax 806 SL;821.pdf;4;Guanxuma, Mata-pasto;Sida rhombifolia;1.0;2.0;L/ha;200.0;400.0;L/ha;1;;Pastagem;1;Pastagem | Guanxuma, Mata-pasto | Sida rhombifolia | 200 - 400 L/ha | 1 - 2 L/ha PC;validado_bula;;
821;Herbimax 806 SL;821.pdf;4;Nabo-bravo, Nabiça, Nabo, Rabanete-de-cavalo;Raphanus raphanistrum;1.0;1.5;L/ha;200.0;200.0;L/ha;1;;Trigo;1;Nabo-bravo, Nabiça, Nabo, Rabanete-de-cavalo (Raphanus raphanistrum) | [dose herdada: 1-1,5 L/ha];validado;;
821;Herbimax 806 SL;821.pdf;4;Picão-branco, Fazendeiro;Galinsoga parviflora;3.5;3.5;L/ha;150.0;300.0;L/ha;;;Cana-de-açúcar;1;Picão-branco, Fazendeiro (Galinsoga parviflora) | [dose herdada: 3,5 L/ha];validado;;
821;Herbimax 806 SL;821.pdf;4;Picão-branco, Fazendeiro, Botão-de-ouro;Galinsoga parviflora;1.0;1.5;L/ha;200.0;200.0;L/ha;1;;Trigo;1;Picão-branco, Fazendeiro, Botão-de-ouro (Galinsoga parviflora) | [dose herdada: 1-1,5 L/ha];validado;;
821;Herbimax 806 SL;821.pdf;4;Picão-preto;Bidens pilosa;0.5;1.5;L/ha;150.0;300.0;L/ha;1;;Milho;2;Milho | Picão-preto | Bidens pilosa | 150 - 300 L/ha | 0,5 - 1,5 L/ha PC;validado;;
821;Herbimax 806 SL;821.pdf;4;Picão-preto;Bidens pilosa;1.0;1.5;L/ha;150.0;300.0;L/ha;1;;Soja,Trigo;2;Picão-preto (Bidens pilosa) | [dose herdada: 1-1,5 L/ha];validado;;
821;Herbimax 806 SL;821.pdf;4;Picão-preto;Bidens pilosa;3.5;3.5;L/ha;150.0;300.0;L/ha;;;Cana-de-açúcar;1;Picão-preto (Bidens pilosa) | 3,5 L/ha PC | 2.345 g IA/ha;validado;;
821;Herbimax 806 SL;821.pdf;4;Poaia-branca, Poaia;Richardia brasiliensis;3.5;3.5;L/ha;150.0;300.0;L/ha;;;Cana-de-açúcar;1;Poaia-branca, Poaia (Richardia brasiliensis) | [dose herdada: 3,5 L/ha];validado;;
821;Herbimax 806 SL;821.pdf;4;Trapoeraba;Commelina benghalensis;0.5;1.5;L/ha;150.0;300.0;L/ha;1;;Milho;1;Trapoeraba (Commelina benghalensis) | [dose herdada: 0,5-1,5 L/ha];validado;;
821;Herbimax 806 SL;821.pdf;4;Trapoeraba;Commelina benghalensis;1.0;1.5;L/ha;150.0;300.0;L/ha;1;;Milho,Soja;2;Trapoeraba (Commelina benghalensis) | [dose herdada: 1-1,5 L/ha];validado;;
8514;"Gliforte; Effex; Glister SP; Glifozap; Gliboa Forte";8514.pdf;3;Angiquinho;Aeschynomene rudis;1.0;1.0;kg/ha;;;;1;;Café,Citros,Uva,Pinus,Eucalipto,Algodão,Arroz,Cana-de-açúcar,Milho,Pastagens,Soja,Trigo;12;Angiquinho | Aeschynomene rudis | Até 15 cm | 1.0-1.0 | Pré-Florescimento | 1.5-1.5;validado_bula;;
8514;"Gliforte; Effex; Glister SP; Glifozap; Gliboa Forte";8514.pdf;3;Angiquinho;Aeschynomene rudis;1.5;1.5;kg/ha;;;;1;;Café,Citros,Uva,Pinus,Eucalipto,Algodão,Arroz,Cana-de-açúcar,Milho,Pastagens,Soja,Trigo;12;Angiquinho | Aeschynomene rudis | Até 15 cm | 1.0-1.0 | Pré-Florescimento | 1.5-1.5;validado_bula;;
8514;"Gliforte; Effex; Glister SP; Glifozap; Gliboa Forte";8514.pdf;3;Apaga-fogo;Alternanthera tenella;0.5;0.75;kg/ha;;;;1;;Café,Citros,Uva,Pinus,Eucalipto,Algodão,Arroz,Cana-de-açúcar,Milho,Pastagens,Soja,Trigo;12;Apaga-fogo | Alternanthera tenella | Até 15 cm | 0.5-0.75 | Pré-Florescimento | 1.0-1.5;validado_bula;;
8514;"Gliforte; Effex; Glister SP; Glifozap; Gliboa Forte";8514.pdf;3;Apaga-fogo;Alternanthera tenella;1.0;1.5;kg/ha;;;;1;;Café,Citros,Uva,Pinus,Eucalipto,Algodão,Arroz,Cana-de-açúcar,Milho,Pastagens,Soja,Trigo;12;Apaga-fogo | Alternanthera tenella | Até 15 cm | 0.5-0.75 | Pré-Florescimento | 1.0-1.5;validado_bula;;
8514;"Gliforte; Effex; Glister SP; Glifozap; Gliboa Forte";8514.pdf;3;Arroz-vermelho;Oryza sativa;1.0;1.0;kg/ha;;;;1;;Café,Citros,Uva,Pinus,Eucalipto,Algodão,Arroz,Cana-de-açúcar,Milho,Pastagens,Soja,Trigo;12;Arroz-vermelho | Oryza sativa | Até 3 perfilhos | 1.0-1.0 | Pré-Florescimento | 3.0-3.0;validado_bula;;
8514;"Gliforte; Effex; Glister SP; Glifozap; Gliboa Forte";8514.pdf;3;Arroz-vermelho;Oryza sativa;3.0;3.0;kg/ha;;;;1;;Café,Citros,Uva,Pinus,Eucalipto,Algodão,Arroz,Cana-de-açúcar,Milho,Pastagens,Soja,Trigo;12;Arroz-vermelho | Oryza sativa | Até 3 perfilhos | 1.0-1.0 | Pré-Florescimento | 3.0-3.0;validado_bula;;
8514;"Gliforte; Effex; Glister SP; Glifozap; Gliboa Forte";8514.pdf;3;Aveia;Avena sativa;0.5;0.75;kg/ha;;;;1;;Café,Citros,Uva,Pinus,Eucalipto,Algodão,Arroz,Cana-de-açúcar,Milho,Pastagens,Soja,Trigo;12;Aveia | Avena sativa | Até 25 cm | 0.5-0.75 | Pré-Florescimento | 0.75-1.5;validado_bula;;
8514;"Gliforte; Effex; Glister SP; Glifozap; Gliboa Forte";8514.pdf;3;Aveia;Avena sativa;0.75;1.5;kg/ha;;;;1;;Café,Citros,Uva,Pinus,Eucalipto,Algodão,Arroz,Cana-de-açúcar,Milho,Pastagens,Soja,Trigo;12;Aveia | Avena sativa | Até 25 cm | 0.5-0.75 | Pré-Florescimento | 0.75-1.5;validado_bula;;
8514;"Gliforte; Effex; Glister SP; Glifozap; Gliboa Forte";8514.pdf;3;Beldroega;Portulaca oleracea;0.75;0.75;kg/ha;;;;1;;Café,Citros,Uva,Pinus,Eucalipto,Algodão,Arroz,Cana-de-açúcar,Milho,Pastagens,Soja,Trigo;12;Beldroega | Portulaca oleracea | Até 15 cm | 0.75-0.75 | Pré-Florescimento | 1.5-1.5;validado_bula;;
8514;"Gliforte; Effex; Glister SP; Glifozap; Gliboa Forte";8514.pdf;3;Beldroega;Portulaca oleracea;1.5;1.5;kg/ha;;;;1;;Café,Citros,Uva,Pinus,Eucalipto,Algodão,Arroz,Cana-de-açúcar,Milho,Pastagens,Soja,Trigo;12;Beldroega | Portulaca oleracea | Até 15 cm | 0.75-0.75 | Pré-Florescimento | 1.5-1.5;validado_bula;;
8514;"Gliforte; Effex; Glister SP; Glifozap; Gliboa Forte";8514.pdf;3;Braquiária-brizanta;Brachiaria brizantha;0.75;1.0;kg/ha;;;;1;;Café,Citros,Uva,Pinus,Eucalipto,Algodão,Arroz,Cana-de-açúcar,Milho,Pastagens,Soja,Trigo;12;Braquiária-brizanta | Brachiaria brizantha | Até 3 perfilhos | 0.75-1.0 | Até 6 perfilhos | 1.5-2.0;validado_bula;;
8514;"Gliforte; Effex; Glister SP; Glifozap; Gliboa Forte";8514.pdf;3;Braquiária-brizanta;Brachiaria brizantha;1.5;2.0;kg/ha;;;;1;;Café,Citros,Uva,Pinus,Eucalipto,Algodão,Arroz,Cana-de-açúcar,Milho,Pastagens,Soja,Trigo;12;Braquiária-brizanta | Brachiaria brizantha | Até 3 perfilhos | 0.75-1.0 | Até 6 perfilhos | 1.5-2.0;validado_bula;;
8514;"Gliforte; Effex; Glister SP; Glifozap; Gliboa Forte";8514.pdf;3;Braquiária-decumbens;Brachiaria decumbens;1.5;1.5;kg/ha;;;;1;;Café,Citros,Uva,Pinus,Eucalipto,Algodão,Arroz,Cana-de-açúcar,Milho,Pastagens,Soja,Trigo;12;Braquiária-decumbens | Brachiaria decumbens | Até 5 perfilhos | 1.5-1.5 | Pré-Florescimento | 2.5-3.0;validado_bula;;
8514;"Gliforte; Effex; Glister SP; Glifozap; Gliboa Forte";8514.pdf;3;Braquiária-decumbens;Brachiaria decumbens;2.5;3.0;kg/ha;;;;1;;Café,Citros,Uva,Pinus,Eucalipto,Algodão,Arroz,Cana-de-açúcar,Milho,Pastagens,Soja,Trigo;12;Braquiária-decumbens | Brachiaria decumbens | Até 5 perfilhos | 1.5-1.5 | Pré-Florescimento | 2.5-3.0;validado_bula;;
8514;"Gliforte; Effex; Glister SP; Glifozap; Gliboa Forte";8514.pdf;3;Capim-amargoso;Digitaria insularis;1.5;2.0;kg/ha;;;;1;;Café,Citros,Uva,Pinus,Eucalipto,Algodão,Arroz,Cana-de-açúcar,Milho,Pastagens,Soja,Trigo;12;Capim-amargoso | Digitaria insularis | Até 5 perfilhos | 1.5-2.0 | Pré-Florescimento | 3.0-3.0;validado_bula;;
8514;"Gliforte; Effex; Glister SP; Glifozap; Gliboa Forte";8514.pdf;3;Capim-amargoso;Digitaria insularis;3.0;3.0;kg/ha;;;;1;;Café,Citros,Uva,Pinus,Eucalipto,Algodão,Arroz,Cana-de-açúcar,Milho,Pastagens,Soja,Trigo;12;Capim-amargoso | Digitaria insularis | Até 5 perfilhos | 1.5-2.0 | Pré-Florescimento | 3.0-3.0;validado_bula;;
8514;"Gliforte; Effex; Glister SP; Glifozap; Gliboa Forte";8514.pdf;3;Capim-arroz;Echinochloa crusgalli;1.0;1.0;kg/ha;;;;1;;Café,Citros,Uva,Pinus,Eucalipto,Algodão,Arroz,Cana-de-açúcar,Milho,Pastagens,Soja,Trigo;12;Capim-arroz | Echinochloa crusgalli | Até 3 perfilhos | 1.0-1.0 | Pré-Florescimento | 3.0-3.0;validado_bula;;
8514;"Gliforte; Effex; Glister SP; Glifozap; Gliboa Forte";8514.pdf;3;Capim-arroz;Echinochloa crusgalli;3.0;3.0;kg/ha;;;;1;;Café,Citros,Uva,Pinus,Eucalipto,Algodão,Arroz,Cana-de-açúcar,Milho,Pastagens,Soja,Trigo;12;Capim-arroz | Echinochloa crusgalli | Até 3 perfilhos | 1.0-1.0 | Pré-Florescimento | 3.0-3.0;validado_bula;;
8514;"Gliforte; Effex; Glister SP; Glifozap; Gliboa Forte";8514.pdf;3;Capim-carrapicho;Cenchrus echinatus;0.5;0.75;kg/ha;;;;1;;Café,Citros,Uva,Pinus,Eucalipto,Algodão,Arroz,Cana-de-açúcar,Milho,Pastagens,Soja,Trigo;12;Capim-carrapicho | Cenchrus echinatus | Até 5 perfilhos | 0.5-0.75 | Pré-Florescimento | 0.75-1.0;validado_bula;;
8514;"Gliforte; Effex; Glister SP; Glifozap; Gliboa Forte";8514.pdf;3;Capim-carrapicho;Cenchrus echinatus;0.75;1.0;kg/ha;;;;1;;Café,Citros,Uva,Pinus,Eucalipto,Algodão,Arroz,Cana-de-açúcar,Milho,Pastagens,Soja,Trigo;12;Capim-carrapicho | Cenchrus echinatus | Até 5 perfilhos | 0.5-0.75 | Pré-Florescimento | 0.75-1.0;validado_bula;;
8514;"Gliforte; Effex; Glister SP; Glifozap; Gliboa Forte";8514.pdf;3;Capim-colchão;Digitaria horizontalis;0.5;0.75;kg/ha;;;;1;;Café,Citros,Uva,Pinus,Eucalipto,Algodão,Arroz,Cana-de-açúcar,Milho,Pastagens,Soja,Trigo;12;Capim-colchão | Digitaria horizontalis | Até 3 perfilhos | 0.5-0.75 | Pré-Florescimento | 1.0-1.5;validado_bula;;
8514;"Gliforte; Effex; Glister SP; Glifozap; Gliboa Forte";8514.pdf;3;Capim-colchão;Digitaria horizontalis;1.0;1.5;kg/ha;;;;1;;Café,Citros,Uva,Pinus,Eucalipto,Algodão,Arroz,Cana-de-açúcar,Milho,Pastagens,Soja,Trigo;12;Capim-colchão | Digitaria horizontalis | Até 3 perfilhos | 0.5-0.75 | Pré-Florescimento | 1.0-1.5;validado_bula;;
8514;"Gliforte; Effex; Glister SP; Glifozap; Gliboa Forte";8514.pdf;3;Capim-colonião;Panicum maximum;2.0;2.0;kg/ha;;;;1;;Café,Citros,Uva,Pinus,Eucalipto,Algodão,Arroz,Cana-de-açúcar,Milho,Pastagens,Soja,Trigo;12;Capim-colonião | Panicum maximum | Até 5 perfilhos | 2.0-2.0 | Pré-Florescimento | 2.5-3.0;validado_bula;;
8514;"Gliforte; Effex; Glister SP; Glifozap; Gliboa Forte";8514.pdf;3;Capim-colonião;Panicum maximum;2.5;3.0;kg/ha;;;;1;;Café,Citros,Uva,Pinus,Eucalipto,Algodão,Arroz,Cana-de-açúcar,Milho,Pastagens,Soja,Trigo;12;Capim-colonião | Panicum maximum | Até 5 perfilhos | 2.0-2.0 | Pré-Florescimento | 2.5-3.0;validado_bula;;
8514;"Gliforte; Effex; Glister SP; Glifozap; Gliboa Forte";8514.pdf;3;Capim-favorito;Rhynchelitrum repens;1.0;1.0;kg/ha;;;;1;;Café,Citros,Uva,Pinus,Eucalipto,Algodão,Arroz,Cana-de-açúcar,Milho,Pastagens,Soja,Trigo;12;Capim-favorito | Rhynchelitrum repens | Até 3 perfilhos | 1.0-1.0 | Pré-Florescimento | 1.5-1.5;validado_bula;;
8514;"Gliforte; Effex; Glister SP; Glifozap; Gliboa Forte";8514.pdf;3;Capim-favorito;Rhynchelitrum repens;1.5;1.5;kg/ha;;;;1;;Café,Citros,Uva,Pinus,Eucalipto,Algodão,Arroz,Cana-de-açúcar,Milho,Pastagens,Soja,Trigo;12;Capim-favorito | Rhynchelitrum repens | Até 3 perfilhos | 1.0-1.0 | Pré-Florescimento | 1.5-1.5;validado_bula;;
8514;"Gliforte; Effex; Glister SP; Glifozap; Gliboa Forte";8514.pdf;3;Capim-marmelada;Brachiaria plantaginea;0.5;0.75;kg/ha;;;;1;;Café,Citros,Uva,Pinus,Eucalipto,Algodão,Arroz,Cana-de-açúcar,Milho,Pastagens,Soja,Trigo;12;Capim-marmelada | Brachiaria plantaginea | Até 5 perfilhos | 0.5-0.75 | Pré-Florescimento | 0.75-1.0;validado_bula;;
8514;"Gliforte; Effex; Glister SP; Glifozap; Gliboa Forte";8514.pdf;3;Capim-marmelada;Brachiaria plantaginea;0.75;1.0;kg/ha;;;;1;;Café,Citros,Uva,Pinus,Eucalipto,Algodão,Arroz,Cana-de-açúcar,Milho,Pastagens,Soja,Trigo;12;Capim-marmelada | Brachiaria plantaginea | Até 5 perfilhos | 0.5-0.75 | Pré-Florescimento | 0.75-1.0;validado_bula;;
8514;"Gliforte; Effex; Glister SP; Glifozap; Gliboa Forte";8514.pdf;3;Capim-pé-de-galinha;Eleusine indica;0.75;0.75;kg/ha;;;;1;;Café,Citros,Uva,Pinus,Eucalipto,Algodão,Arroz,Cana-de-açúcar,Milho,Pastagens,Soja,Trigo;12;Capim-pé-de-galinha | Eleusine indica | Até 3 perfilhos | 0.75-0.75 | Pré-Florescimento | 1.5-1.5;validado_bula;;
8514;"Gliforte; Effex; Glister SP; Glifozap; Gliboa Forte";8514.pdf;3;Capim-pé-de-galinha;Eleusine indica;1.5;1.5;kg/ha;;;;1;;Café,Citros,Uva,Pinus,Eucalipto,Algodão,Arroz,Cana-de-açúcar,Milho,Pastagens,Soja,Trigo;12;Capim-pé-de-galinha | Eleusine indica | Até 3 perfilhos | 0.75-0.75 | Pré-Florescimento | 1.5-1.5;validado_bula;;
8514;"Gliforte; Effex; Glister SP; Glifozap; Gliboa Forte";8514.pdf;3;Carrapicho-de-carneiro;Acanthospermum hispidum;0.5;0.5;kg/ha;;;;1;;Café,Citros,Uva,Pinus,Eucalipto,Algodão,Arroz,Cana-de-açúcar,Milho,Pastagens,Soja,Trigo;12;Carrapicho-de-carneiro | Acanthospermum hispidum | Até 15 cm | 0.5-0.5 | Pré-Florescimento | 1.0-1.0;validado_bula;;
8514;"Gliforte; Effex; Glister SP; Glifozap; Gliboa Forte";8514.pdf;3;Carrapicho-de-carneiro;Acanthospermum hispidum;1.0;1.0;kg/ha;;;;1;;Café,Citros,Uva,Pinus,Eucalipto,Algodão,Arroz,Cana-de-açúcar,Milho,Pastagens,Soja,Trigo;12;Carrapicho-de-carneiro | Acanthospermum hispidum | Até 15 cm | 0.5-0.5 | Pré-Florescimento | 1.0-1.0;validado_bula;;
8514;"Gliforte; Effex; Glister SP; Glifozap; Gliboa Forte";8514.pdf;3;Carrapicho-rasteiro;Acanthospermum australe;0.75;0.75;kg/ha;;;;1;;Café,Citros,Uva,Pinus,Eucalipto,Algodão,Arroz,Cana-de-açúcar,Milho,Pastagens,Soja,Trigo;12;Carrapicho-rasteiro | Acanthospermum australe | Até 15 cm | 0.75-0.75 | Pré-Florescimento | 1.0-1.0;validado_bula;;
8514;"Gliforte; Effex; Glister SP; Glifozap; Gliboa Forte";8514.pdf;3;Carrapicho-rasteiro;Acanthospermum australe;1.0;1.0;kg/ha;;;;1;;Café,Citros,Uva,Pinus,Eucalipto,Algodão,Arroz,Cana-de-açúcar,Milho,Pastagens,Soja,Trigo;12;Carrapicho-rasteiro | Acanthospermum australe | Até 15 cm | 0.75-0.75 | Pré-Florescimento | 1.0-1.0;validado_bula;;
8514;"Gliforte; Effex; Glister SP; Glifozap; Gliboa Forte";8514.pdf;3;Caruru-de-mancha;Amaranthus viridis;0.75;1.0;kg/ha;;;;1;;Café,Citros,Uva,Pinus,Eucalipto,Algodão,Arroz,Cana-de-açúcar,Milho,Pastagens,Soja,Trigo;12;Caruru-de-mancha | Amaranthus viridis | Até 15 cm | 0.75-1.0 | Pré-Florescimento | 1.5-1.5;validado_bula;;
8514;"Gliforte; Effex; Glister SP; Glifozap; Gliboa Forte";8514.pdf;3;Caruru-de-mancha;Amaranthus viridis;1.5;1.5;kg/ha;;;;1;;Café,Citros,Uva,Pinus,Eucalipto,Algodão,Arroz,Cana-de-açúcar,Milho,Pastagens,Soja,Trigo;12;Caruru-de-mancha | Amaranthus viridis | Até 15 cm | 0.75-1.0 | Pré-Florescimento | 1.5-1.5;validado_bula;;
8514;"Gliforte; Effex; Glister SP; Glifozap; Gliboa Forte";8514.pdf;3;Falsa-serralha;Emilia sonchifolia;0.75;0.75;kg/ha;;;;1;;Café,Citros,Uva,Pinus,Eucalipto,Algodão,Arroz,Cana-de-açúcar,Milho,Pastagens,Soja,Trigo;12;Falsa-serralha | Emilia sonchifolia | Até 15 cm | 0.75-0.75 | Pré-Florescimento | 1.0-1.5;validado_bula;;
8514;"Gliforte; Effex; Glister SP; Glifozap; Gliboa Forte";8514.pdf;3;Falsa-serralha;Emilia sonchifolia;1.0;1.5;kg/ha;;;;1;;Café,Citros,Uva,Pinus,Eucalipto,Algodão,Arroz,Cana-de-açúcar,Milho,Pastagens,Soja,Trigo;12;Falsa-serralha | Emilia sonchifolia | Até 15 cm | 0.75-0.75 | Pré-Florescimento | 1.0-1.5;validado_bula;;
8514;"Gliforte; Effex; Glister SP; Glifozap; Gliboa Forte";8514.pdf;3;Falso-massambará;Sorghum arundinaceum;0.75;0.75;kg/ha;;;;1;;Café,Citros,Uva,Pinus,Eucalipto,Algodão,Arroz,Cana-de-açúcar,Milho,Pastagens,Soja,Trigo;12;Falso-massambará | Sorghum arundinaceum | Até 5 perfilhos | 0.75-0.75 | Pré-Florescimento | 1.5-2.0;validado_bula;;
8514;"Gliforte; Effex; Glister SP; Glifozap; Gliboa Forte";8514.pdf;3;Falso-massambará;Sorghum arundinaceum;1.5;2.0;kg/ha;;;;1;;Café,Citros,Uva,Pinus,Eucalipto,Algodão,Arroz,Cana-de-açúcar,Milho,Pastagens,Soja,Trigo;12;Falso-massambará | Sorghum arundinaceum | Até 5 perfilhos | 0.75-0.75 | Pré-Florescimento | 1.5-2.0;validado_bula;;
8514;"Gliforte; Effex; Glister SP; Glifozap; Gliboa Forte";8514.pdf;3;Fazendeiro;Galinsoga parviflora;0.5;0.5;kg/ha;;;;1;;Café,Citros,Uva,Pinus,Eucalipto,Algodão,Arroz,Cana-de-açúcar,Milho,Pastagens,Soja,Trigo;12;Fazendeiro | Galinsoga parviflora | Até 15 cm | 0.5-0.5 | Pré-Florescimento | 0.75-0.75;validado_bula;;
8514;"Gliforte; Effex; Glister SP; Glifozap; Gliboa Forte";8514.pdf;3;Fazendeiro;Galinsoga parviflora;0.75;0.75;kg/ha;;;;1;;Café,Citros,Uva,Pinus,Eucalipto,Algodão,Arroz,Cana-de-açúcar,Milho,Pastagens,Soja,Trigo;12;Fazendeiro | Galinsoga parviflora | Até 15 cm | 0.5-0.5 | Pré-Florescimento | 0.75-0.75;validado_bula;;
8514;"Gliforte; Effex; Glister SP; Glifozap; Gliboa Forte";8514.pdf;3;Fedegoso-branco;Senna obtusifolia;1.5;1.5;kg/ha;;;;1;;Café,Citros,Uva,Pinus,Eucalipto,Algodão,Arroz,Cana-de-açúcar,Milho,Pastagens,Soja,Trigo;12;Fedegoso-branco | Senna obtusifolia | Até 15 cm | 1.5-1.5 | Pré-Florescimento | 3.0-3.0;validado_bula;;
8514;"Gliforte; Effex; Glister SP; Glifozap; Gliboa Forte";8514.pdf;3;Fedegoso-branco;Senna obtusifolia;3.0;3.0;kg/ha;;;;1;;Café,Citros,Uva,Pinus,Eucalipto,Algodão,Arroz,Cana-de-açúcar,Milho,Pastagens,Soja,Trigo;12;Fedegoso-branco | Senna obtusifolia | Até 15 cm | 1.5-1.5 | Pré-Florescimento | 3.0-3.0;validado_bula;;
8514;"Gliforte; Effex; Glister SP; Glifozap; Gliboa Forte";8514.pdf;3;Grama-batatais;Paspalum notatum;3.0;3.0;kg/ha;;;;1;;Café,Citros,Uva,Pinus,Eucalipto,Algodão,Arroz,Cana-de-açúcar,Milho,Pastagens,Soja,Trigo;12;Grama-batatais | Paspalum notatum | * | Pré-Florescimento | 3.0-3.0;validado_bula;;
8514;"Gliforte; Effex; Glister SP; Glifozap; Gliboa Forte";8514.pdf;3;Grama-seda;Cynodon dactylon;3.0;3.0;kg/ha;;;;1;;Café,Citros,Uva,Pinus,Eucalipto,Algodão,Arroz,Cana-de-açúcar,Milho,Pastagens,Soja,Trigo;12;Grama-seda | Cynodon dactylon | * | Pré-Florescimento | 3.0-3.0;validado_bula;;
8514;"Gliforte; Effex; Glister SP; Glifozap; Gliboa Forte";8514.pdf;3;Guanxuma;Malvastrum coromandelianum;0.5;0.75;kg/ha;;;;1;;Café,Citros,Uva,Pinus,Eucalipto,Algodão,Arroz,Cana-de-açúcar,Milho,Pastagens,Soja,Trigo;12;Guanxuma | Malvastrum coromandelianum | Até 15 cm | 0.5-0.75 | Pré-Florescimento | 1.0-1.5;validado_bula;;
8514;"Gliforte; Effex; Glister SP; Glifozap; Gliboa Forte";8514.pdf;3;Guanxuma;Malvastrum coromandelianum;1.0;1.5;kg/ha;;;;1;;Café,Citros,Uva,Pinus,Eucalipto,Algodão,Arroz,Cana-de-açúcar,Milho,Pastagens,Soja,Trigo;12;Guanxuma | Malvastrum coromandelianum | Até 15 cm | 0.5-0.75 | Pré-Florescimento | 1.0-1.5;validado_bula;;
8514;"Gliforte; Effex; Glister SP; Glifozap; Gliboa Forte";8514.pdf;3;Guanxuma;Sida rhombifolia;1.0;1.0;kg/ha;;;;1;;Café,Citros,Uva,Pinus,Eucalipto,Algodão,Arroz,Cana-de-açúcar,Milho,Pastagens,Soja,Trigo;12;Guanxuma | Sida rhombifolia | Até 15 cm | 1.0-1.0 | Pré-Florescimento | 1.5-2.5;validado_bula;;
8514;"Gliforte; Effex; Glister SP; Glifozap; Gliboa Forte";8514.pdf;3;Guanxuma;Sida rhombifolia;1.5;2.5;kg/ha;;;;1;;Café,Citros,Uva,Pinus,Eucalipto,Algodão,Arroz,Cana-de-açúcar,Milho,Pastagens,Soja,Trigo;12;Guanxuma | Sida rhombifolia | Até 15 cm | 1.0-1.0 | Pré-Florescimento | 1.5-2.5;validado_bula;;
8514;"Gliforte; Effex; Glister SP; Glifozap; Gliboa Forte";8514.pdf;3;Leiteiro;Euphorbia heterophylla;1.0;1.5;kg/ha;;;;1;;Café,Citros,Uva,Pinus,Eucalipto,Algodão,Arroz,Cana-de-açúcar,Milho,Pastagens,Soja,Trigo;12;Leiteiro | Euphorbia heterophylla | Até 15 cm | 1.0-1.5 | Pré-Florescimento | 2.0-3.0;validado_bula;;
8514;"Gliforte; Effex; Glister SP; Glifozap; Gliboa Forte";8514.pdf;3;Leiteiro;Euphorbia heterophylla;2.0;3.0;kg/ha;;;;1;;Café,Citros,Uva,Pinus,Eucalipto,Algodão,Arroz,Cana-de-açúcar,Milho,Pastagens,Soja,Trigo;12;Leiteiro | Euphorbia heterophylla | Até 15 cm | 1.0-1.5 | Pré-Florescimento | 2.0-3.0;validado_bula;;
8514;"Gliforte; Effex; Glister SP; Glifozap; Gliboa Forte";8514.pdf;3;Malva;Sida cordifolia;1.0;1.0;kg/ha;;;;1;;Café,Citros,Uva,Pinus,Eucalipto,Algodão,Arroz,Cana-de-açúcar,Milho,Pastagens,Soja,Trigo;12;Malva | Sida cordifolia | Até 15 cm | 1.0-1.0 | Pré-Florescimento | 2.0-2.5;validado_bula;;
8514;"Gliforte; Effex; Glister SP; Glifozap; Gliboa Forte";8514.pdf;3;Malva;Sida cordifolia;2.0;2.5;kg/ha;;;;1;;Café,Citros,Uva,Pinus,Eucalipto,Algodão,Arroz,Cana-de-açúcar,Milho,Pastagens,Soja,Trigo;12;Malva | Sida cordifolia | Até 15 cm | 1.0-1.0 | Pré-Florescimento | 2.0-2.5;validado_bula;;
8514;"Gliforte; Effex; Glister SP; Glifozap; Gliboa Forte";8514.pdf;3;Maria-pretinha;Solanum americanum;1.0;1.0;kg/ha;;;;1;;Café,Citros,Uva,Pinus,Eucalipto,Algodão,Arroz,Cana-de-açúcar,Milho,Pastagens,Soja,Trigo;12;Maria-pretinha | Solanum americanum | Até 15 cm | 1.0-1.0 | Pré-Florescimento | 1.5-1.5;validado_bula;;
8514;"Gliforte; Effex; Glister SP; Glifozap; Gliboa Forte";8514.pdf;3;Maria-pretinha;Solanum americanum;1.5;1.5;kg/ha;;;;1;;Café,Citros,Uva,Pinus,Eucalipto,Algodão,Arroz,Cana-de-açúcar,Milho,Pastagens,Soja,Trigo;12;Maria-pretinha | Solanum americanum | Até 15 cm | 1.0-1.0 | Pré-Florescimento | 1.5-1.5;validado_bula;;
8514;"Gliforte; Effex; Glister SP; Glifozap; Gliboa Forte";8514.pdf;3;Mentrasto;Ageratum conyzoides;0.75;0.75;kg/ha;;;;1;;Café,Citros,Uva,Pinus,Eucalipto,Algodão,Arroz,Cana-de-açúcar,Milho,Pastagens,Soja,Trigo;12;Mentrasto | Ageratum conyzoides | Até 15 cm | 0.75-0.75 | Pré-Florescimento | 1.5-1.5;validado_bula;;
8514;"Gliforte; Effex; Glister SP; Glifozap; Gliboa Forte";8514.pdf;3;Mentrasto;Ageratum conyzoides;1.5;1.5;kg/ha;;;;1;;Café,Citros,Uva,Pinus,Eucalipto,Algodão,Arroz,Cana-de-açúcar,Milho,Pastagens,Soja,Trigo;12;Mentrasto | Ageratum conyzoides | Até 15 cm | 0.75-0.75 | Pré-Florescimento | 1.5-1.5;validado_bula;;
8514;"Gliforte; Effex; Glister SP; Glifozap; Gliboa Forte";8514.pdf;3;Nabo;Raphanus raphanistrum;0.5;0.75;kg/ha;;;;1;;Café,Citros,Uva,Pinus,Eucalipto,Algodão,Arroz,Cana-de-açúcar,Milho,Pastagens,Soja,Trigo;12;Nabo | Raphanus raphanistrum | Até 15 cm | 0.5-0.75 | Pré-Florescimento | 1.5-1.5;validado_bula;;
8514;"Gliforte; Effex; Glister SP; Glifozap; Gliboa Forte";8514.pdf;3;Nabo;Raphanus raphanistrum;1.5;1.5;kg/ha;;;;1;;Café,Citros,Uva,Pinus,Eucalipto,Algodão,Arroz,Cana-de-açúcar,Milho,Pastagens,Soja,Trigo;12;Nabo | Raphanus raphanistrum | Até 15 cm | 0.5-0.75 | Pré-Florescimento | 1.5-1.5;validado_bula;;
8514;"Gliforte; Effex; Glister SP; Glifozap; Gliboa Forte";8514.pdf;3;Picão-preto;Bidens pilosa;0.5;0.5;kg/ha;;;;1;;Café,Citros,Uva,Pinus,Eucalipto,Algodão,Arroz,Cana-de-açúcar,Milho,Pastagens,Soja,Trigo;12;Picão-preto | Bidens pilosa | Até 15 cm | 0.5-0.5 | Pré-Florescimento | 0.75-1.0;validado_bula;;
8514;"Gliforte; Effex; Glister SP; Glifozap; Gliboa Forte";8514.pdf;3;Picão-preto;Bidens pilosa;0.75;1.0;kg/ha;;;;1;;Café,Citros,Uva,Pinus,Eucalipto,Algodão,Arroz,Cana-de-açúcar,Milho,Pastagens,Soja,Trigo;12;Picão-preto | Bidens pilosa | Até 15 cm | 0.5-0.5 | Pré-Florescimento | 0.75-1.0;validado_bula;;
8514;"Gliforte; Effex; Glister SP; Glifozap; Gliboa Forte";8514.pdf;3;Serralha;Sonchus oleraceus;1.0;1.0;kg/ha;;;;1;;Café,Citros,Uva,Pinus,Eucalipto,Algodão,Arroz,Cana-de-açúcar,Milho,Pastagens,Soja,Trigo;12;Serralha | Sonchus oleraceus | Até 15 cm | 1.0-1.0 | Pré-Florescimento | 1.5-1.5;validado_bula;;
8514;"Gliforte; Effex; Glister SP; Glifozap; Gliboa Forte";8514.pdf;3;Serralha;Sonchus oleraceus;1.5;1.5;kg/ha;;;;1;;Café,Citros,Uva,Pinus,Eucalipto,Algodão,Arroz,Cana-de-açúcar,Milho,Pastagens,Soja,Trigo;12;Serralha | Sonchus oleraceus | Até 15 cm | 1.0-1.0 | Pré-Florescimento | 1.5-1.5;validado_bula;;
8514;"Gliforte; Effex; Glister SP; Glifozap; Gliboa Forte";8514.pdf;3;Tiririca;Cyperus rotundus;3.0;3.0;kg/ha;;;;1;;Café,Citros,Uva,Pinus,Eucalipto,Algodão,Arroz,Cana-de-açúcar,Milho,Pastagens,Soja,Trigo;12;Tiririca | Cyperus rotundus | * | Pré-Florescimento | 3.0-3.0;validado_bula;;
8514;"Gliforte; Effex; Glister SP; Glifozap; Gliboa Forte";8514.pdf;4;Soqueira de cana-de-açúcar;Saccharum officinarum;2.5;2.5;kg/ha;;;;1;;Cana-de-açúcar;1;Eliminação de soqueiras | Cana-de-açúcar | Saccharum officinarum | Até 60 cm | 2,50 | Até 80 cm | 3,00;validado;;
8514;"Gliforte; Effex; Glister SP; Glifozap; Gliboa Forte";8514.pdf;4;Soqueira de cana-de-açúcar;Saccharum officinarum;3.0;3.0;kg/ha;;;;1;;Cana-de-açúcar;1;Eliminação de soqueiras | Cana-de-açúcar | Saccharum officinarum | Até 60 cm | 2,50 | Até 80 cm | 3,00;validado;;
8514;"Gliforte; Effex; Glister SP; Glifozap; Gliboa Forte";8514.pdf;5;Apaga-fogo;Alternanthera tenella;0.5;0.75;kg/ha;;;;1;;Soja geneticamente modificada;1;Apaga-fogo | Alternanthera tenella | Até 15 cm | 0.5-0.75 | Até 30 cm | 1.0-1.5 (TABELA 3, soja GM);validado_bula;;
8514;"Gliforte; Effex; Glister SP; Glifozap; Gliboa Forte";8514.pdf;5;Apaga-fogo;Alternanthera tenella;1.0;1.5;kg/ha;;;;1;;Soja geneticamente modificada;1;Apaga-fogo | Alternanthera tenella | Até 15 cm | 0.5-0.75 | Até 30 cm | 1.0-1.5 (TABELA 3, soja GM);validado_bula;;
8514;"Gliforte; Effex; Glister SP; Glifozap; Gliboa Forte";8514.pdf;5;Braquiária-brizanta;Brachiaria brizantha;0.75;1.0;kg/ha;;;;1;;Soja geneticamente modificada;1;Braquiária-brizanta | Brachiaria brizantha | Até 3 perfilhos | 0.75-1.0 | Até 6 perfilhos | 1.5-2.0 (TABELA 3, soja GM);validado_bula;;
8514;"Gliforte; Effex; Glister SP; Glifozap; Gliboa Forte";8514.pdf;5;Braquiária-brizanta;Brachiaria brizantha;0.75;1.5;kg/ha;;;;2;18 a 21 dias;Soja geneticamente modificada;1;TABELA 4 (soja GM, seq.) | Braquiária-brizanta | Brachiaria brizantha | Até 1 perfilho | dose (kg/ha, ver bula: formato ;validado_bula;;
8514;"Gliforte; Effex; Glister SP; Glifozap; Gliboa Forte";8514.pdf;5;Braquiária-brizanta;Brachiaria brizantha;1.5;2.0;kg/ha;;;;1;;Soja geneticamente modificada;1;Braquiária-brizanta | Brachiaria brizantha | Até 3 perfilhos | 0.75-1.0 | Até 6 perfilhos | 1.5-2.0 (TABELA 3, soja GM);validado_bula;;
8514;"Gliforte; Effex; Glister SP; Glifozap; Gliboa Forte";8514.pdf;5;Braquiária-decumbens;Brachiaria decumbens;0.75;1.0;kg/ha;;;;1;;Soja geneticamente modificada;1;Braquiária-decumbens | Brachiaria decumbens | Até 3 perfilhos | 0.75-1.0 | Até 6 perfilhos | 1.5-2.0 (TABELA 3, soja GM);validado_bula;;
8514;"Gliforte; Effex; Glister SP; Glifozap; Gliboa Forte";8514.pdf;5;Braquiária-decumbens;Brachiaria decumbens;1.5;2.0;kg/ha;;;;1;;Soja geneticamente modificada;1;Braquiária-decumbens | Brachiaria decumbens | Até 3 perfilhos | 0.75-1.0 | Até 6 perfilhos | 1.5-2.0 (TABELA 3, soja GM);validado_bula;;
8514;"Gliforte; Effex; Glister SP; Glifozap; Gliboa Forte";8514.pdf;5;Capim-amargoso;Digitaria insularis;0.75;1.0;kg/ha;;;;1;;Soja geneticamente modificada;1;Capim-amargoso | Digitaria insularis | Até 3 perfilhos | 0.75-1.0 | Até 6 perfilhos | 1.5-2.0 (TABELA 3, soja GM);validado_bula;;
8514;"Gliforte; Effex; Glister SP; Glifozap; Gliboa Forte";8514.pdf;5;Capim-amargoso;Digitaria insularis;1.5;2.0;kg/ha;;;;1;;Soja geneticamente modificada;1;Capim-amargoso | Digitaria insularis | Até 3 perfilhos | 0.75-1.0 | Até 6 perfilhos | 1.5-2.0 (TABELA 3, soja GM);validado_bula;;
8514;"Gliforte; Effex; Glister SP; Glifozap; Gliboa Forte";8514.pdf;5;Capim-carrapicho;Cenchrus echinatus;0.5;0.75;kg/ha;;;;1;;Soja geneticamente modificada;1;Capim-carrapicho | Cenchrus echinatus | Até 5 perfilhos | 0.5-0.75 | Até 6 perfilhos | 0.75-1.0 (TABELA 3, soja GM);validado_bula;;
8514;"Gliforte; Effex; Glister SP; Glifozap; Gliboa Forte";8514.pdf;5;Capim-carrapicho;Cenchrus echinatus;0.75;1.0;kg/ha;;;;1;;Soja geneticamente modificada;1;Capim-carrapicho | Cenchrus echinatus | Até 5 perfilhos | 0.5-0.75 | Até 6 perfilhos | 0.75-1.0 (TABELA 3, soja GM);validado_bula;;
8514;"Gliforte; Effex; Glister SP; Glifozap; Gliboa Forte";8514.pdf;5;Capim-colchão;Digitaria horizontalis;;;;;;;2;18 a 21 dias;Soja geneticamente modificada;1;TABELA 4 (soja GM, seq.) | Capim-colchão | Digitaria horizontalis | Até 1 perfilho | dose (kg/ha, ver bula: formato X/X ;manual_review;;
8514;"Gliforte; Effex; Glister SP; Glifozap; Gliboa Forte";8514.pdf;5;Capim-colchão;Digitaria horizontalis;0.5;0.75;kg/ha;;;;1;;Soja geneticamente modificada;1;Capim-colchão | Digitaria horizontalis | Até 3 perfilhos | 0.5-0.75 | Até 6 perfilhos | 0.75-1.0 (TABELA 3, soja GM);validado_bula;;
8514;"Gliforte; Effex; Glister SP; Glifozap; Gliboa Forte";8514.pdf;5;Capim-colchão;Digitaria horizontalis;0.75;1.0;kg/ha;;;;1;;Soja geneticamente modificada;1;Capim-colchão | Digitaria horizontalis | Até 3 perfilhos | 0.5-0.75 | Até 6 perfilhos | 0.75-1.0 (TABELA 3, soja GM);validado_bula;;
8514;"Gliforte; Effex; Glister SP; Glifozap; Gliboa Forte";8514.pdf;5;Capim-marmelada;Brachiaria plantaginea;;;;;;;2;18 a 21 dias;Soja geneticamente modificada;1;TABELA 4 (soja GM, seq.) | Capim-marmelada | Brachiaria plantaginea | Até 1 perfilho | dose (kg/ha, ver bula: formato X/;manual_review;;
8514;"Gliforte; Effex; Glister SP; Glifozap; Gliboa Forte";8514.pdf;5;Capim-marmelada;Brachiaria plantaginea;0.5;0.75;kg/ha;;;;1;;Soja geneticamente modificada;1;Capim-marmelada | Brachiaria plantaginea | Até 5 perfilhos | 0.5-0.75 | Até 6 perfilhos | 0.75-1.0 (TABELA 3, soja GM);validado_bula;;
8514;"Gliforte; Effex; Glister SP; Glifozap; Gliboa Forte";8514.pdf;5;Capim-marmelada;Brachiaria plantaginea;0.75;1.0;kg/ha;;;;1;;Soja geneticamente modificada;1;Capim-marmelada | Brachiaria plantaginea | Até 5 perfilhos | 0.5-0.75 | Até 6 perfilhos | 0.75-1.0 (TABELA 3, soja GM);validado_bula;;
8514;"Gliforte; Effex; Glister SP; Glifozap; Gliboa Forte";8514.pdf;5;Capim-pé-de-galinha;Eleusine indica;0.75;0.75;kg/ha;;;;1;;Soja geneticamente modificada;1;Capim-pé-de-galinha | Eleusine indica | Até 3 perfilhos | 0.75-0.75 | Até 6 perfilhos | 1.5-1.5 (TABELA 3, soja GM);validado_bula;;
8514;"Gliforte; Effex; Glister SP; Glifozap; Gliboa Forte";8514.pdf;5;Capim-pé-de-galinha;Eleusine indica;1.5;1.5;kg/ha;;;;1;;Soja geneticamente modificada;1;Capim-pé-de-galinha | Eleusine indica | Até 3 perfilhos | 0.75-0.75 | Até 6 perfilhos | 1.5-1.5 (TABELA 3, soja GM);validado_bula;;
8514;"Gliforte; Effex; Glister SP; Glifozap; Gliboa Forte";8514.pdf;5;Caruru-de-mancha;Amaranthus viridis;0.5;0.75;kg/ha;;;;1;;Soja geneticamente modificada;1;Caruru-de-mancha | Amaranthus viridis | Até 15 cm | 0.5-0.75 | Até 30 cm | 1.0-1.5 (TABELA 3, soja GM);validado_bula;;
8514;"Gliforte; Effex; Glister SP; Glifozap; Gliboa Forte";8514.pdf;5;Caruru-de-mancha;Amaranthus viridis;1.0;1.5;kg/ha;;;;1;;Soja geneticamente modificada;1;Caruru-de-mancha | Amaranthus viridis | Até 15 cm | 0.5-0.75 | Até 30 cm | 1.0-1.5 (TABELA 3, soja GM);validado_bula;;
8514;"Gliforte; Effex; Glister SP; Glifozap; Gliboa Forte";8514.pdf;5;Caruru-roxo;Amaranthus hybridus;0.5;0.75;kg/ha;;;;1;;Soja geneticamente modificada;1;Caruru-roxo | Amaranthus hybridus | Até 15 cm | 0.5-0.75 | Até 30 cm | 1.0-1.5 (TABELA 3, soja GM);validado_bula;;
8514;"Gliforte; Effex; Glister SP; Glifozap; Gliboa Forte";8514.pdf;5;Caruru-roxo;Amaranthus hybridus;1.0;1.5;kg/ha;;;;1;;Soja geneticamente modificada;1;Caruru-roxo | Amaranthus hybridus | Até 15 cm | 0.5-0.75 | Até 30 cm | 1.0-1.5 (TABELA 3, soja GM);validado_bula;;
8514;"Gliforte; Effex; Glister SP; Glifozap; Gliboa Forte";8514.pdf;5;Guanxuma;Sida rhombifolia;0.75;1.0;kg/ha;;;;1;;Soja geneticamente modificada;1;Guanxuma | Sida rhombifolia | Até 15 cm | 0.75-1.0 | Até 30 cm | 1.0-1.5 (TABELA 3, soja GM);validado_bula;;
8514;"Gliforte; Effex; Glister SP; Glifozap; Gliboa Forte";8514.pdf;5;Guanxuma;Sida rhombifolia;1.0;1.5;kg/ha;;;;1;;Soja geneticamente modificada;1;Guanxuma | Sida rhombifolia | Até 15 cm | 0.75-1.0 | Até 30 cm | 1.0-1.5 (TABELA 3, soja GM);validado_bula;;
8514;"Gliforte; Effex; Glister SP; Glifozap; Gliboa Forte";8514.pdf;5;Leiteiro;Euphorbia heterophylla;1.0;1.5;kg/ha;;;;1;;Soja geneticamente modificada;1;Leiteiro | Euphorbia heterophylla | Até 15 cm | 1.0-1.5 | Até 20 cm | 1.5-2.0 (TABELA 3, soja GM);validado_bula;;
8514;"Gliforte; Effex; Glister SP; Glifozap; Gliboa Forte";8514.pdf;5;Leiteiro;Euphorbia heterophylla;1.5;2.0;kg/ha;;;;1;;Soja geneticamente modificada;1;Leiteiro | Euphorbia heterophylla | Até 15 cm | 1.0-1.5 | Até 20 cm | 1.5-2.0 (TABELA 3, soja GM);validado_bula;;
8514;"Gliforte; Effex; Glister SP; Glifozap; Gliboa Forte";8514.pdf;5;Nabo;Raphanus raphanistrum;;;;;;;2;18 a 21 dias;Soja geneticamente modificada;1;TABELA 4 (soja GM, seq.) | Nabo | Raphanus raphanistrum | Até 4 folhas | dose (kg/ha, ver bula: formato X/X a Y/Y);manual_review;;
8514;"Gliforte; Effex; Glister SP; Glifozap; Gliboa Forte";8514.pdf;5;Nabo;Raphanus raphanistrum;0.5;0.75;kg/ha;;;;1;;Soja geneticamente modificada;1;Nabo | Raphanus raphanistrum | Até 15 cm | 0.5-0.75 | Até 30 cm | 1.0-1.5 (TABELA 3, soja GM);validado_bula;;
8514;"Gliforte; Effex; Glister SP; Glifozap; Gliboa Forte";8514.pdf;5;Nabo;Raphanus raphanistrum;1.0;1.5;kg/ha;;;;1;;Soja geneticamente modificada;1;Nabo | Raphanus raphanistrum | Até 15 cm | 0.5-0.75 | Até 30 cm | 1.0-1.5 (TABELA 3, soja GM);validado_bula;;
8514;"Gliforte; Effex; Glister SP; Glifozap; Gliboa Forte";8514.pdf;5;Picão-preto;Bidens pilosa;0.5;0.75;kg/ha;;;;1;;Soja geneticamente modificada;1;Picão-preto | Bidens pilosa | Até 15 cm | 0.5-0.75 | Até 30 cm | 1.0-1.5 (TABELA 3, soja GM);validado_bula;;
8514;"Gliforte; Effex; Glister SP; Glifozap; Gliboa Forte";8514.pdf;5;Picão-preto;Bidens pilosa;0.5;1.5;kg/ha;;;;2;18 a 21 dias;Soja geneticamente modificada;1;TABELA 4 (soja GM, seq.) | Picão-preto | Bidens pilosa | Até 4 folhas | dose (kg/ha, ver bula: formato X/X a Y/Y);validado_bula;;
8514;"Gliforte; Effex; Glister SP; Glifozap; Gliboa Forte";8514.pdf;5;Picão-preto;Bidens pilosa;1.0;1.5;kg/ha;;;;1;;Soja geneticamente modificada;1;Picão-preto | Bidens pilosa | Até 15 cm | 0.5-0.75 | Até 30 cm | 1.0-1.5 (TABELA 3, soja GM);validado_bula;;
8514;"Gliforte; Effex; Glister SP; Glifozap; Gliboa Forte";8514.pdf;6;Corda-de-viola;Ipomoe agrandifolia;;;;;;;2;18 a 21 dias;Soja geneticamente modificada;1;TABELA 5 (soja GM, seq. dif. controle) | Corda-de-viola | Ipomoe agrandifolia | Até 6 folhas ou 10 cm | dose (kg/ha, ver;manual_review;;
8514;"Gliforte; Effex; Glister SP; Glifozap; Gliboa Forte";8514.pdf;6;Leiteiro;Euphorbia heterophylla;1.0;1.5;kg/ha;;;;2;18 a 21 dias;Soja geneticamente modificada;1;TABELA 5 (soja GM, seq. dif. controle) | Leiteiro | Euphorbia heterophylla | Até 10 folhas ou 25 cm | dose (kg/ha, ver b;validado_bula;;
8514;"Gliforte; Effex; Glister SP; Glifozap; Gliboa Forte";8514.pdf;6;Poaia-branca;Richardia brasiliensis;;;;;;;2;18 a 21 dias;Soja geneticamente modificada;1;TABELA 5 (soja GM, seq. dif. controle) | Poaia-branca | Richardia brasiliensis | Até 6 folhas ou 10 cm | dose (kg/ha, ve;manual_review;;
8514;"Gliforte; Effex; Glister SP; Glifozap; Gliboa Forte";8514.pdf;6;Trapoeraba;Commelina benghalensis;;;;;;;2;18 a 21 dias;Soja geneticamente modificada;1;TABELA 5 (soja GM, seq. dif. controle) | Trapoeraba | Commelina benghalensis | Até 2 perfilhos ou 10 cm | dose (kg/ha, v;manual_review;;
9321;Oriento;9321.pdf;3;;;150.0;750.0;mL/ha;200.0;200.0;L/ha;1;;Milho,Soja;3;SOJA | Sulco de semeadura | 150 a 750 mL/ha | 100 L/ha | ... | 1;manual_review;;
9321;Oriento;9321.pdf;3;;;250.0;750.0;mL/ha;200.0;200.0;L/ha;1;;Batata;2;BATATA | Sulco de plantio | 250 a 750 mL/ha | 200 L/ha | ... | 1;manual_review;;
9321;Oriento;9321.pdf;3;;;300.0;750.0;mL/ha;200.0;200.0;L/ha;2;15 dias;Algodão,Feijão;2;FEIJÃO | Pulverização foliar | 300 a 750 mL/ha | 200 L/ha | ... | 1;manual_review;;
938900;Krovar;938900.pdf;6;Broca-do-fumo;Faustinus cubae;360.0;360.0;g/ha;240.0;240.0;L/ha;1;;Fumo;2;Broca-do-fumo (Faustinus cubae) |  |  | 252 | 360 (rega do canteiro de mudas);validado_bula;;
938900;Krovar;938900.pdf;6;Cigarrinha-das-raízes;Mahanarva fimbriolata;700.0;700.0;g/ha;100.0;180.0;L/ha;1;;Cana-de-açúcar;1;Cana-de-açúcar | Cigarrinha-das-raízes (Mahanarva fimbriolata) | Sulco de plantio/Soqueira | 100 a 180 L/ha | 490 | 700;validado_bula;;
938900;Krovar;938900.pdf;6;Cupins;Heterotermes tenuis;680.0;680.0;g/ha;100.0;180.0;L/ha;1;;Cana-de-açúcar;1;Cupins (Heterotermes tenuis) |  |  | 476 | 680;validado_bula;;
938900;Krovar;938900.pdf;6;Minadora-das-folhas;Phyllocnistis citrella;100.0;100.0;g/ha;2000.0;2000.0;L/ha;4;14 dias;Citros;1;Citros | Minadora-das-folhas (Phyllocnistis citrella) | Pulverização Foliar em pomares acima de 3 anos | 2000 L/ha | 70 | 100;validado_bula;;
938900;Krovar;938900.pdf;6;Mosca-branca;Bemisia tabaci raça B;140.0;140.0;g/ha;500.0;500.0;L/ha;5;4 a 5 dias;Tomate;1;Tomate | Mosca-branca (Bemisia tabaci raça B) | Pulverização foliar | 500 L de calda/ha | 100 | 140;validado_bula;;
938900;Krovar;938900.pdf;6;Pulgão-das-inflorescências;Aphis gossypii;70.0;100.0;g/ha;200.0;200.0;L/ha;4;5 a 7 dias durante o período vegetativo (antes da emissão de ramos frutíferos);Algodão;1;Algodão | Pulgão-das-inflorescências (Aphis gossypii) | Pulverização foliar | 200 L/ha | 49 – 70 | 70 – 100;validado_bula;;
938900;Krovar;938900.pdf;6;Pulgão-verde;Myzus persicae;300.0;360.0;g/ha;240.0;240.0;L/ha;1;;Fumo;1;Fumo | Pulgão-verde (Myzus persicae) | Esguicho (drench) | 240 L de calda/ha (15 ml de calda/planta) | 210–252 | 300–360;validado_bula;;
938900;Krovar;938900.pdf;6;Pulgão-verde;Myzus persicae;360.0;360.0;g/ha;40.0;40.0;L/50m2;1;;Fumo;1;Pulgão-verde (Myzus persicae) | Rega do canteiro de mudas | 40 L de água/ 50 m2 | 252 | 360;manual_review;;
9620;"B.fresh; FreshVue";9620.pdf;2;;;0.7;6.0;mg/m3;;;;1;;Banana;1;Banana | Musa sp | 0,7 a 6,0 | Realizar uma única aplicação;manual_review;;
9620;"B.fresh; FreshVue";9620.pdf;2;;;3.0;6.0;mg/m3;;;;1;;Mamão;1;Mamão | Carica papaya | 3,0 a 6,0 | Realizar uma única aplicação;manual_review;;
9620;"B.fresh; FreshVue";9620.pdf;2;;;17.0;86.0;mg/m3;;;;1;;Tomate;1;Tomate | Lycopersicon esculentum | 17.0 a 86.0 | Realizar uma única aplicação;manual_review;;
9620;"B.fresh; FreshVue";9620.pdf;2;;;18.0;18.0;mg/m3;;;;1;;Abacate;1;Abacate | Persea americana | 18.0 | Realizar uma única aplicação;manual_review;;
9620;"B.fresh; FreshVue";9620.pdf;2;;;20.0;20.0;mg/m3;;;;;;Banana;1;Banana | Musa sp | 20,0** | Realizar uma única aplicação;manual_review;;
9620;"B.fresh; FreshVue";9620.pdf;2;;;20.0;50.0;mg/m3;;;;1;;Goiaba;1;Goiaba | Psidium guajava | 20.0 a 50.0 | Realizar uma única aplicação;manual_review;;
9620;"B.fresh; FreshVue";9620.pdf;2;;;33.0;33.0;mg/m3;;;;;;Mamão;1;Mamão | Carica papaya | 33,0** | Realizar uma única aplicação;manual_review;;
9620;"B.fresh; FreshVue";9620.pdf;2;;;34.0;34.0;mg/m3;;;;1;;Ameixa;1;Ameixa | Prunus salicina | 34.0 | Realizar uma única aplicação;manual_review;;
9620;"B.fresh; FreshVue";9620.pdf;2;;;40.0;40.0;mg/m3;;;;1;;Melancia,Melão;2;Melão | Cucumis melo | 40.0 | Realizar uma única aplicação;manual_review;;
9620;"B.fresh; FreshVue";9620.pdf;2;;;43.0;86.0;mg/m3;;;;;;Maçã;1;Maçã | Malus domestica | 43,0 a 86,0** | Com exceção de maçã, B.fresh deve ser usado em aplicação única;manual_review;;
9620;"B.fresh; FreshVue";9620.pdf;2;;;50.0;50.0;mg/m3;;;;1;;Manga;1;Manga | Mangifera indica | 50.0 | Realizar uma única aplicação;manual_review;;
9620;"B.fresh; FreshVue";9620.pdf;2;;;69.0;69.0;mg/m3;;;;1;;Caqui,Kiwi,Limão;3;Limão | Citrus latifolia | 69.0 | Realizar uma única aplicação;manual_review;;
